session_id,sample_index,sensor_id,sensor_role,elapsed_seconds,elapsed_minutes,phase,window_state,door_state,time_period,wind_direction,wind_speed_kmh,wind_gust_kmh,temperature_c,humidity_rh,quality_flag
1,1,1,indoor,23,0.38,baseline,closed,closed,morning,NNE,30,56,18.60,70.30,ok
1,2,1,indoor,53,0.88,baseline,closed,closed,morning,NNE,30,56,18.60,70.20,ok
1,3,1,indoor,83,1.38,baseline,closed,closed,morning,NNE,30,56,18.60,69.90,ok
1,4,1,indoor,113,1.88,baseline,closed,closed,morning,NNE,30,56,18.60,69.90,ok
1,5,1,indoor,143,2.38,baseline,closed,closed,morning,NNE,30,56,18.60,69.80,ok
1,6,1,indoor,173,2.88,baseline,closed,closed,morning,NNE,30,56,18.60,69.60,ok
1,7,1,indoor,203,3.38,baseline,closed,closed,morning,NNE,30,56,18.60,69.70,ok
1,8,1,indoor,233,3.88,baseline,closed,closed,morning,NNE,30,56,18.60,69.60,ok
1,9,1,indoor,264,4.40,baseline,closed,closed,morning,NNE,30,56,18.60,69.50,ok
1,10,1,indoor,294,4.90,baseline,closed,closed,morning,NNE,30,56,18.60,69.50,ok
1,11,1,indoor,324,5.40,baseline,closed,closed,morning,NNE,30,56,18.60,69.50,ok
1,12,1,indoor,354,5.90,baseline,closed,closed,morning,NNE,30,56,18.60,69.30,ok
1,13,1,indoor,384,6.40,baseline,closed,closed,morning,NNE,30,56,18.60,69.30,ok
1,14,1,indoor,414,6.90,baseline,closed,closed,morning,NNE,30,56,18.60,69.20,ok
1,15,1,indoor,444,7.40,baseline,closed,closed,morning,NNE,30,56,18.60,69.30,ok
1,16,1,indoor,474,7.90,baseline,closed,closed,morning,NNE,30,56,18.60,69.20,ok
1,17,1,indoor,504,8.40,baseline,closed,closed,morning,NNE,30,56,18.60,69.40,ok
1,18,1,indoor,534,8.90,baseline,closed,closed,morning,NNE,30,56,18.60,69.40,ok
1,19,1,indoor,564,9.40,baseline,closed,closed,morning,NNE,30,56,18.60,69.40,ok
1,20,1,indoor,594,9.90,baseline,closed,closed,morning,NNE,30,56,18.60,69.50,ok
1,21,1,indoor,624,10.40,baseline,closed,closed,morning,NNE,30,56,18.60,69.90,ok
1,22,1,indoor,654,10.90,baseline,closed,closed,morning,NNE,30,56,18.60,69.90,ok
1,23,1,indoor,684,11.40,baseline,closed,closed,morning,NNE,30,56,18.60,69.70,ok
1,24,1,indoor,714,11.90,baseline,closed,closed,morning,NNE,30,56,18.60,69.70,ok
1,25,1,indoor,744,12.40,baseline,closed,closed,morning,NNE,30,56,18.60,69.60,ok
1,26,1,indoor,774,12.90,baseline,closed,closed,morning,NNE,30,56,18.60,69.40,ok
1,27,1,indoor,804,13.40,baseline,closed,closed,morning,NNE,30,56,18.60,69.30,ok
1,28,1,indoor,834,13.90,baseline,closed,closed,morning,NNE,30,56,18.60,69.40,ok
1,29,1,indoor,864,14.40,baseline,closed,closed,morning,NNE,30,56,18.60,69.30,ok
1,30,1,indoor,894,14.90,baseline,closed,closed,morning,NNE,30,56,18.60,69.40,ok
1,31,1,indoor,924,15.40,baseline,closed,closed,morning,NNE,30,56,18.60,69.60,ok
1,32,1,indoor,954,15.90,baseline,closed,closed,morning,NNE,30,56,18.60,69.70,ok
1,33,1,indoor,984,16.40,baseline,closed,closed,morning,NNE,30,56,18.60,69.30,ok
1,34,1,indoor,1014,16.90,baseline,closed,closed,morning,NNE,30,56,18.60,68.80,ok
1,35,1,indoor,1044,17.40,baseline,closed,closed,morning,NNE,30,56,18.60,68.70,ok
1,36,1,indoor,1074,17.90,baseline,closed,closed,morning,NNE,30,56,18.70,68.50,ok
1,37,1,indoor,1104,18.40,baseline,closed,closed,morning,NNE,30,56,18.70,68.40,ok
1,38,1,indoor,1134,18.90,baseline,closed,closed,morning,NNE,30,56,18.70,68.60,ok
1,39,1,indoor,1164,19.40,baseline,closed,closed,morning,NNE,30,56,18.70,68.70,ok
1,40,1,indoor,1194,19.90,baseline,closed,closed,morning,NNE,30,56,18.70,68.50,ok
1,41,1,indoor,1224,20.40,baseline,closed,closed,morning,NNE,30,56,18.70,68.70,ok
1,42,1,indoor,1254,20.90,baseline,closed,closed,morning,NNE,30,56,18.70,68.90,ok
1,43,1,indoor,1284,21.40,baseline,closed,closed,morning,NNE,30,56,18.80,68.90,ok
1,44,1,indoor,1314,21.90,baseline,closed,closed,morning,NNE,30,56,18.80,68.90,ok
1,45,1,indoor,1344,22.40,baseline,closed,closed,morning,NNE,30,56,18.80,68.90,ok
1,46,1,indoor,1374,22.90,baseline,closed,closed,morning,NNE,30,56,18.80,69.00,ok
1,47,1,indoor,1404,23.40,baseline,closed,closed,morning,NNE,30,56,18.80,69.00,ok
1,48,1,indoor,1434,23.90,baseline,closed,closed,morning,NNE,30,56,18.80,68.80,ok
1,49,1,indoor,1464,24.40,baseline,closed,closed,morning,NNE,30,56,18.80,68.80,ok
1,50,1,indoor,1494,24.90,baseline,closed,closed,morning,NNE,30,56,18.80,68.90,ok
1,51,1,indoor,1524,25.40,baseline,closed,closed,morning,NNE,30,56,18.80,68.60,ok
1,52,1,indoor,1554,25.90,baseline,closed,closed,morning,NNE,30,56,18.80,68.80,ok
1,53,1,indoor,1584,26.40,baseline,closed,closed,morning,NNE,30,56,18.80,68.50,ok
1,54,1,indoor,1614,26.90,baseline,closed,closed,morning,NNE,30,56,18.90,68.50,ok
1,55,1,indoor,1644,27.40,baseline,closed,closed,morning,NNE,30,56,18.90,68.40,ok
1,56,1,indoor,1674,27.90,baseline,closed,closed,morning,NNE,30,56,18.90,68.40,ok
1,57,1,indoor,1704,28.40,baseline,closed,closed,morning,NNE,30,56,18.90,68.50,ok
1,58,1,indoor,1734,28.90,baseline,closed,closed,morning,NNE,30,56,18.90,68.50,ok
1,59,1,indoor,1764,29.40,baseline,closed,closed,morning,NNE,30,56,18.90,68.30,ok
1,60,1,indoor,1794,29.90,baseline,closed,closed,morning,NNE,30,56,18.90,68.30,ok
1,61,1,indoor,1824,30.40,baseline,closed,closed,morning,NNE,30,56,18.90,68.30,ok
1,62,1,indoor,1854,30.90,baseline,closed,closed,morning,NNE,30,56,18.90,68.20,ok
1,63,1,indoor,1884,31.40,baseline,closed,closed,morning,NNE,30,56,18.90,68.00,ok
1,64,1,indoor,1914,31.90,baseline,closed,closed,morning,NNE,30,56,18.90,67.90,ok
1,65,1,indoor,1944,32.40,baseline,closed,closed,morning,NNE,30,56,18.90,67.90,ok
1,66,1,indoor,1974,32.90,baseline,closed,closed,morning,NNE,30,56,18.90,67.70,ok
1,67,1,indoor,2004,33.40,baseline,closed,closed,morning,NNE,30,56,19.00,67.70,ok
1,68,1,indoor,2034,33.90,baseline,closed,closed,morning,NNE,30,56,19.00,67.70,ok
1,69,1,indoor,2064,34.40,baseline,closed,closed,morning,NNE,30,56,19.00,67.60,ok
1,70,1,indoor,2094,34.90,baseline,closed,closed,morning,NNE,30,56,19.00,67.50,ok
1,71,1,indoor,2124,35.40,baseline,closed,closed,morning,NNE,30,56,19.00,67.70,ok
1,72,1,indoor,2154,35.90,baseline,closed,closed,morning,NNE,30,56,19.00,67.60,ok
1,73,1,indoor,2184,36.40,baseline,closed,closed,morning,NNE,30,56,19.00,67.40,ok
1,74,1,indoor,2214,36.90,baseline,closed,closed,morning,NNE,30,56,19.00,67.30,ok
1,75,1,indoor,2244,37.40,baseline,closed,closed,morning,NNE,30,56,19.00,67.20,ok
1,76,1,indoor,2274,37.90,baseline,closed,closed,morning,NNE,30,56,19.00,67.10,ok
1,77,1,indoor,2304,38.40,baseline,closed,closed,morning,NNE,30,56,19.10,67.10,ok
1,78,1,indoor,2334,38.90,baseline,closed,closed,morning,NNE,30,56,19.10,67.10,ok
1,79,1,indoor,2364,39.40,baseline,closed,closed,morning,NNE,30,56,19.10,66.90,ok
1,80,1,indoor,2394,39.90,baseline,closed,closed,morning,NNE,30,56,19.10,66.10,ok
1,81,1,indoor,2424,40.40,baseline,closed,closed,morning,NNE,30,56,19.10,66.40,ok
1,82,1,indoor,2454,40.90,baseline,closed,closed,morning,NNE,30,56,19.10,66.40,ok
1,83,1,indoor,2484,41.40,baseline,closed,closed,morning,NNE,30,56,19.10,66.40,ok
1,84,1,indoor,2514,41.90,baseline,closed,closed,morning,NNE,30,56,19.10,65.90,ok
1,85,1,indoor,2544,42.40,baseline,closed,closed,morning,NNE,30,56,19.10,65.90,ok
1,86,1,indoor,2574,42.90,baseline,closed,closed,morning,NNE,30,56,19.10,66.00,ok
1,87,1,indoor,2604,43.40,baseline,closed,closed,morning,NNE,30,56,19.10,66.20,ok
1,88,1,indoor,2634,43.90,baseline,closed,closed,morning,NNE,30,56,19.10,66.10,ok
1,89,1,indoor,2664,44.40,baseline,closed,closed,morning,NNE,30,56,19.20,66.10,ok
1,90,1,indoor,2694,44.90,baseline,closed,closed,morning,NNE,30,56,19.20,66.20,ok
1,91,1,indoor,2724,45.40,baseline,closed,closed,morning,NNE,30,56,19.20,66.20,ok
1,92,1,indoor,2754,45.90,baseline,closed,closed,morning,NNE,30,56,19.20,66.10,ok
1,93,1,indoor,2784,46.40,baseline,closed,closed,morning,NNE,30,56,19.20,66.00,ok
1,94,1,indoor,2814,46.90,baseline,closed,closed,morning,NNE,30,56,19.20,66.10,ok
1,95,1,indoor,2844,47.40,baseline,closed,closed,morning,NNE,30,56,19.20,65.90,ok
1,96,1,indoor,2874,47.90,baseline,closed,closed,morning,NNE,30,56,19.20,65.90,ok
1,97,1,indoor,2904,48.40,baseline,closed,closed,morning,NNE,30,56,19.20,65.80,ok
1,98,1,indoor,2934,48.90,baseline,closed,closed,morning,NNE,30,56,19.20,65.80,ok
1,99,1,indoor,2964,49.40,baseline,closed,closed,morning,NNE,30,56,19.20,65.80,ok
1,100,1,indoor,2994,49.90,baseline,closed,closed,morning,NNE,30,56,19.30,65.70,ok
1,101,1,indoor,3024,50.40,baseline,closed,closed,morning,NNE,30,56,19.30,65.70,ok
1,102,1,indoor,3054,50.90,baseline,closed,closed,morning,NNE,30,56,19.30,65.70,ok
1,103,1,indoor,3084,51.40,baseline,closed,closed,morning,NNE,30,56,19.30,65.80,ok
1,104,1,indoor,3114,51.90,baseline,closed,closed,morning,NNE,30,56,19.30,65.60,ok
1,105,1,indoor,3144,52.40,baseline,closed,closed,morning,NNE,30,56,19.30,65.80,ok
1,106,1,indoor,3174,52.90,baseline,closed,closed,morning,NNE,30,56,19.30,65.50,ok
1,107,1,indoor,3204,53.40,baseline,closed,closed,morning,NNE,30,56,19.30,65.60,ok
1,108,1,indoor,3234,53.90,baseline,closed,closed,morning,NNE,30,56,19.30,65.60,ok
1,109,1,indoor,3264,54.40,baseline,closed,closed,morning,NNE,30,56,19.30,65.70,ok
1,110,1,indoor,3294,54.90,baseline,closed,closed,morning,NNE,30,56,19.30,65.80,ok
1,111,1,indoor,3324,55.40,baseline,closed,closed,morning,NNE,30,56,19.30,65.50,ok
1,112,1,indoor,3354,55.90,baseline,closed,closed,morning,NNE,30,56,19.30,65.40,ok
1,113,1,indoor,3384,56.40,baseline,closed,closed,morning,NNE,30,56,19.30,65.40,ok
1,114,1,indoor,3414,56.90,baseline,closed,closed,morning,NNE,30,56,19.30,65.30,ok
1,115,1,indoor,3444,57.40,baseline,closed,closed,morning,NNE,30,56,19.30,65.60,ok
1,116,1,indoor,3474,57.90,baseline,closed,closed,morning,NNE,30,56,19.40,65.50,ok
1,117,1,indoor,3504,58.40,baseline,closed,closed,morning,NNE,30,56,19.30,65.30,ok
1,118,1,indoor,3534,58.90,baseline,closed,closed,morning,NNE,30,56,19.40,65.30,ok
1,119,1,indoor,3564,59.40,baseline,closed,closed,morning,NNE,30,56,19.40,65.10,ok
1,120,1,indoor,3594,59.90,baseline,closed,closed,morning,NNE,30,56,19.40,65.20,ok
1,121,1,indoor,3624,60.40,window_open,open,closed,morning,NNE,30,56,19.40,65.10,ok
1,122,1,indoor,3654,60.90,window_open,open,closed,morning,NNE,30,56,19.40,65.00,ok
1,123,1,indoor,3684,61.40,window_open,open,closed,morning,NNE,30,56,19.40,64.90,ok
1,124,1,indoor,3714,61.90,window_open,open,closed,morning,NNE,30,56,19.50,64.60,ok
1,125,1,indoor,3744,62.40,window_open,open,closed,morning,NNE,30,56,19.50,64.40,ok
1,126,1,indoor,3774,62.90,window_open,open,closed,morning,NNE,30,56,19.50,63.80,ok
1,127,1,indoor,3804,63.40,window_open,open,closed,morning,NNE,30,56,19.50,62.30,ok
1,128,1,indoor,3834,63.90,window_open,open,closed,morning,NNE,30,56,19.60,61.80,ok
1,129,1,indoor,3864,64.40,window_open,open,closed,morning,NNE,30,56,19.60,61.70,ok
1,130,1,indoor,3894,64.90,window_open,open,closed,morning,NNE,30,56,19.60,61.00,ok
1,131,1,indoor,3924,65.40,window_open,open,closed,morning,NNE,30,56,19.60,60.60,ok
1,132,1,indoor,3954,65.90,window_open,open,closed,morning,NNE,30,56,19.60,60.00,ok
1,133,1,indoor,3984,66.40,window_open,open,closed,morning,NNE,30,56,19.60,59.70,ok
1,134,1,indoor,4014,66.90,window_open,open,closed,morning,NNE,30,56,19.60,59.20,ok
1,135,1,indoor,4044,67.40,window_open,open,closed,morning,NNE,30,56,19.60,58.50,ok
1,136,1,indoor,4074,67.90,window_open,open,closed,morning,NNE,30,56,19.60,58.60,ok
1,137,1,indoor,4104,68.40,window_open,open,closed,morning,NNE,30,56,19.60,57.80,ok
1,138,1,indoor,4134,68.90,window_open,open,closed,morning,NNE,30,56,19.60,57.90,ok
1,139,1,indoor,4164,69.40,window_open,open,closed,morning,NNE,30,56,19.60,56.20,ok
1,140,1,indoor,4194,69.90,window_open,open,closed,morning,NNE,30,56,19.60,56.10,ok
1,141,1,indoor,4224,70.40,window_open,open,closed,morning,NNE,30,56,19.70,56.10,ok
1,142,1,indoor,4254,70.90,window_open,open,closed,morning,NNE,30,56,19.70,55.10,ok
1,143,1,indoor,4284,71.40,window_open,open,closed,morning,NNE,30,56,19.70,55.40,ok
1,144,1,indoor,4314,71.90,window_open,open,closed,morning,NNE,30,56,19.70,54.80,ok
1,145,1,indoor,4344,72.40,window_open,open,closed,morning,NNE,30,56,19.70,53.90,ok
1,146,1,indoor,4374,72.90,window_open,open,closed,morning,NNE,30,56,19.70,53.90,ok
1,147,1,indoor,4404,73.40,window_open,open,closed,morning,NNE,30,56,19.80,54.10,ok
1,148,1,indoor,4434,73.90,window_open,open,closed,morning,NNE,30,56,19.80,53.70,ok
1,149,1,indoor,4464,74.40,window_open,open,closed,morning,NNE,30,56,19.80,53.70,ok
1,150,1,indoor,4494,74.90,window_open,open,closed,morning,NNE,30,56,19.80,53.70,ok
1,151,1,indoor,4524,75.40,window_open,open,closed,morning,NNE,30,56,19.80,53.10,ok
1,152,1,indoor,4555,75.92,window_open,open,closed,morning,NNE,30,56,19.80,52.60,ok
1,153,1,indoor,4585,76.42,window_open,open,closed,morning,NNE,30,56,19.80,52.60,ok
1,154,1,indoor,4615,76.92,window_open,open,closed,morning,NNE,30,56,19.80,52.80,ok
1,155,1,indoor,4645,77.42,window_open,open,closed,morning,NNE,30,56,19.80,52.40,ok
1,156,1,indoor,4675,77.92,window_open,open,closed,morning,NNE,30,56,19.80,51.50,ok
1,157,1,indoor,4705,78.42,window_open,open,closed,morning,NNE,30,56,19.80,51.70,ok
1,158,1,indoor,4735,78.92,window_open,open,closed,morning,NNE,30,56,19.80,51.80,ok
1,159,1,indoor,4765,79.42,window_open,open,closed,morning,NNE,30,56,19.80,51.50,ok
1,160,1,indoor,4795,79.92,window_open,open,closed,morning,NNE,30,56,19.80,50.40,ok
1,161,1,indoor,4825,80.42,window_open,open,closed,morning,NNE,30,56,19.80,50.20,ok
1,162,1,indoor,4855,80.92,window_open,open,closed,morning,NNE,30,56,19.80,49.70,ok
1,163,1,indoor,4885,81.42,window_open,open,closed,morning,NNE,30,56,19.80,49.20,ok
1,164,1,indoor,4915,81.92,window_open,open,closed,morning,NNE,30,56,19.90,49.80,ok
1,165,1,indoor,4945,82.42,window_open,open,closed,morning,NNE,30,56,19.90,49.40,ok
1,166,1,indoor,4975,82.92,window_open,open,closed,morning,NNE,30,56,19.90,48.90,ok
1,167,1,indoor,5005,83.42,window_open,open,closed,morning,NNE,30,56,19.90,49.30,ok
1,168,1,indoor,5035,83.92,window_open,open,closed,morning,NNE,30,56,19.90,49.10,ok
1,169,1,indoor,5065,84.42,window_open,open,closed,morning,NNE,30,56,19.90,49.80,ok
1,170,1,indoor,5095,84.92,window_open,open,closed,morning,NNE,30,56,19.90,48.90,ok
1,171,1,indoor,5125,85.42,window_open,open,closed,morning,NNE,30,56,19.90,49.00,ok
1,172,1,indoor,5155,85.92,window_open,open,closed,morning,NNE,30,56,20.00,48.70,ok
1,173,1,indoor,5185,86.42,window_open,open,closed,morning,NNE,30,56,20.00,48.60,ok
1,174,1,indoor,5215,86.92,window_open,open,closed,morning,NNE,30,56,20.00,47.90,ok
1,175,1,indoor,5245,87.42,window_open,open,closed,morning,NNE,30,56,20.00,48.10,ok
1,176,1,indoor,5275,87.92,window_open,open,closed,morning,NNE,30,56,20.00,47.90,ok
1,177,1,indoor,5305,88.42,window_open,open,closed,morning,NNE,30,56,20.00,48.10,ok
1,178,1,indoor,5335,88.92,window_open,open,closed,morning,NNE,30,56,20.00,48.10,ok
1,179,1,indoor,5365,89.42,window_open,open,closed,morning,NNE,30,56,20.00,47.50,ok
1,180,1,indoor,5395,89.92,window_open,open,closed,morning,NNE,30,56,20.00,47.80,ok
1,181,1,indoor,5425,90.42,window_open,open,closed,morning,NNE,30,56,20.10,49.70,ok
1,182,1,indoor,5455,90.92,window_open,open,closed,morning,NNE,30,56,20.10,49.60,ok
1,183,1,indoor,5485,91.42,window_open,open,closed,morning,NNE,30,56,20.10,49.50,ok
1,184,1,indoor,5515,91.92,window_open,open,closed,morning,NNE,30,56,20.10,48.90,ok
1,185,1,indoor,5545,92.42,window_open,open,closed,morning,NNE,30,56,20.10,48.40,ok
1,186,1,indoor,5575,92.92,window_open,open,closed,morning,NNE,30,56,20.10,47.70,ok
1,187,1,indoor,5605,93.42,window_open,open,closed,morning,NNE,30,56,20.10,48.10,ok
1,188,1,indoor,5635,93.92,window_open,open,closed,morning,NNE,30,56,20.10,48.20,ok
1,189,1,indoor,5665,94.42,window_open,open,closed,morning,NNE,30,56,20.10,47.80,ok
1,190,1,indoor,5695,94.92,window_open,open,closed,morning,NNE,30,56,20.10,47.90,ok
1,191,1,indoor,5725,95.42,window_open,open,closed,morning,NNE,30,56,20.10,47.40,ok
1,192,1,indoor,5755,95.92,window_open,open,closed,morning,NNE,30,56,20.10,47.60,ok
1,193,1,indoor,5785,96.42,window_open,open,closed,morning,NNE,30,56,20.10,47.30,ok
1,194,1,indoor,5815,96.92,window_open,open,closed,morning,NNE,30,56,20.10,47.20,ok
1,195,1,indoor,5845,97.42,window_open,open,closed,morning,NNE,30,56,20.10,47.00,ok
1,196,1,indoor,5875,97.92,window_open,open,closed,morning,NNE,30,56,20.20,47.30,ok
1,197,1,indoor,5905,98.42,window_open,open,closed,morning,NNE,30,56,20.20,47.00,ok
1,198,1,indoor,5935,98.92,window_open,open,closed,morning,NNE,30,56,20.10,47.30,ok
1,199,1,indoor,5965,99.42,window_open,open,closed,morning,NNE,30,56,20.20,46.90,ok
1,200,1,indoor,5995,99.92,window_open,open,closed,morning,NNE,30,56,20.20,47.00,ok
1,201,1,indoor,6025,100.42,window_open,open,closed,morning,NNE,30,56,20.20,47.20,ok
1,202,1,indoor,6055,100.92,window_open,open,closed,morning,NNE,30,56,20.20,46.90,ok
1,203,1,indoor,6085,101.42,window_open,open,closed,morning,NNE,30,56,20.20,47.00,ok
1,204,1,indoor,6115,101.92,window_open,open,closed,morning,NNE,30,56,20.20,46.50,ok
1,205,1,indoor,6145,102.42,window_open,open,closed,morning,NNE,30,56,20.20,46.80,ok
1,206,1,indoor,6175,102.92,window_open,open,closed,morning,NNE,30,56,20.20,46.70,ok
1,207,1,indoor,6205,103.42,window_open,open,closed,morning,NNE,30,56,20.20,46.60,ok
1,208,1,indoor,6235,103.92,window_open,open,closed,morning,NNE,30,56,20.20,46.70,ok
1,209,1,indoor,6265,104.42,window_open,open,closed,morning,NNE,30,56,20.20,46.30,ok
1,210,1,indoor,6295,104.92,window_open,open,closed,morning,NNE,30,56,20.20,46.20,ok
1,211,1,indoor,6325,105.42,window_open,open,closed,morning,NNE,30,56,20.30,46.10,ok
1,212,1,indoor,6355,105.92,window_open,open,closed,morning,NNE,30,56,20.30,46.20,ok
1,213,1,indoor,6385,106.42,window_open,open,closed,morning,NNE,30,56,20.30,46.30,ok
1,214,1,indoor,6415,106.92,window_open,open,closed,morning,NNE,30,56,20.30,46.40,ok
1,215,1,indoor,6445,107.42,window_open,open,closed,morning,NNE,30,56,20.30,46.40,ok
1,216,1,indoor,6475,107.92,window_open,open,closed,morning,NNE,30,56,20.40,46.60,ok
1,217,1,indoor,6505,108.42,window_open,open,closed,morning,NNE,30,56,20.40,46.20,ok
1,218,1,indoor,6535,108.92,window_open,open,closed,morning,NNE,30,56,20.40,46.50,ok
1,219,1,indoor,6565,109.42,window_open,open,closed,morning,NNE,30,56,20.40,46.60,ok
1,220,1,indoor,6595,109.92,window_open,open,closed,morning,NNE,30,56,20.40,45.80,ok
1,221,1,indoor,6625,110.42,window_open,open,closed,morning,NNE,30,56,20.40,46.10,ok
1,222,1,indoor,6655,110.92,window_open,open,closed,morning,NNE,30,56,20.40,46.10,ok
1,223,1,indoor,6685,111.42,window_open,open,closed,morning,NNE,30,56,20.40,45.80,ok
1,224,1,indoor,6715,111.92,window_open,open,closed,morning,NNE,30,56,20.40,45.90,ok
1,225,1,indoor,6745,112.42,window_open,open,closed,morning,NNE,30,56,20.40,45.90,ok
1,226,1,indoor,6775,112.92,window_open,open,closed,morning,NNE,30,56,20.40,46.00,ok
1,227,1,indoor,6805,113.42,window_open,open,closed,morning,NNE,30,56,20.50,46.10,ok
1,228,1,indoor,6835,113.92,window_open,open,closed,morning,NNE,30,56,20.40,45.60,ok
1,229,1,indoor,6865,114.42,window_open,open,closed,morning,NNE,30,56,20.40,46.10,ok
1,230,1,indoor,6895,114.92,window_open,open,closed,morning,NNE,30,56,20.40,45.70,ok
1,231,1,indoor,6925,115.42,window_open,open,closed,morning,NNE,30,56,20.50,45.60,ok
1,232,1,indoor,6955,115.92,window_open,open,closed,morning,NNE,30,56,20.50,45.50,ok
1,233,1,indoor,6985,116.42,window_open,open,closed,morning,NNE,30,56,20.50,45.90,ok
1,234,1,indoor,7015,116.92,window_open,open,closed,morning,NNE,30,56,20.50,45.80,ok
1,235,1,indoor,7045,117.42,window_open,open,closed,morning,NNE,30,56,20.50,45.60,ok
1,236,1,indoor,7075,117.92,window_open,open,closed,morning,NNE,30,56,20.50,45.50,ok
1,237,1,indoor,7105,118.42,window_open,open,closed,morning,NNE,30,56,20.50,46.00,ok
1,238,1,indoor,7135,118.92,window_open,open,closed,morning,NNE,30,56,20.50,45.90,ok
1,239,1,indoor,7165,119.42,window_open,open,closed,morning,NNE,30,56,20.50,45.80,ok
1,240,1,indoor,7195,119.92,window_open,open,closed,morning,NNE,30,56,20.50,45.60,ok
1,241,1,indoor,7225,120.42,recovery,closed,closed,morning,NNE,30,56,20.50,45.50,ok
1,242,1,indoor,7255,120.92,recovery,closed,closed,morning,NNE,30,56,20.60,45.50,ok
1,243,1,indoor,7285,121.42,recovery,closed,closed,morning,NNE,30,56,20.50,46.10,ok
1,244,1,indoor,7315,121.92,recovery,closed,closed,morning,NNE,30,56,20.60,46.10,ok
1,245,1,indoor,7345,122.42,recovery,closed,closed,morning,NNE,30,56,20.60,45.90,ok
1,246,1,indoor,7375,122.92,recovery,closed,closed,morning,NNE,30,56,20.60,46.30,ok
1,247,1,indoor,7405,123.42,recovery,closed,closed,morning,NNE,30,56,20.60,46.10,ok
1,248,1,indoor,7435,123.92,recovery,closed,closed,morning,NNE,30,56,20.60,46.10,ok
1,249,1,indoor,7465,124.42,recovery,closed,closed,morning,NNE,30,56,20.60,46.60,ok
1,250,1,indoor,7495,124.92,recovery,closed,closed,morning,NNE,30,56,20.70,46.80,ok
1,251,1,indoor,7525,125.42,recovery,closed,closed,morning,NNE,30,56,20.70,46.80,ok
1,252,1,indoor,7555,125.92,recovery,closed,closed,morning,NNE,30,56,20.70,46.80,ok
1,253,1,indoor,7585,126.42,recovery,closed,closed,morning,NNE,30,56,20.60,46.80,ok
1,254,1,indoor,7615,126.92,recovery,closed,closed,morning,NNE,30,56,20.60,47.00,ok
1,255,1,indoor,7645,127.42,recovery,closed,closed,morning,NNE,30,56,20.60,46.90,ok
1,256,1,indoor,7675,127.92,recovery,closed,closed,morning,NNE,30,56,20.60,47.00,ok
1,257,1,indoor,7705,128.42,recovery,closed,closed,morning,NNE,30,56,20.60,46.50,ok
1,258,1,indoor,7735,128.92,recovery,closed,closed,morning,NNE,30,56,20.60,47.30,ok
1,259,1,indoor,7765,129.42,recovery,closed,closed,morning,NNE,30,56,20.60,47.10,ok
1,260,1,indoor,7795,129.92,recovery,closed,closed,morning,NNE,30,56,20.60,47.20,ok
1,261,1,indoor,7825,130.42,recovery,closed,closed,morning,NNE,30,56,20.60,47.30,ok
1,262,1,indoor,7855,130.92,recovery,closed,closed,morning,NNE,30,56,20.60,47.30,ok
1,263,1,indoor,7885,131.42,recovery,closed,closed,morning,NNE,30,56,20.60,47.20,ok
1,264,1,indoor,7915,131.92,recovery,closed,closed,morning,NNE,30,56,20.70,47.50,ok
1,265,1,indoor,7945,132.42,recovery,closed,closed,morning,NNE,30,56,20.70,47.70,ok
1,266,1,indoor,7975,132.92,recovery,closed,closed,morning,NNE,30,56,20.60,47.50,ok
1,267,1,indoor,8005,133.42,recovery,closed,closed,morning,NNE,30,56,20.70,47.30,ok
1,268,1,indoor,8035,133.92,recovery,closed,closed,morning,NNE,30,56,20.70,47.60,ok
1,269,1,indoor,8065,134.42,recovery,closed,closed,morning,NNE,30,56,20.70,47.70,ok
1,270,1,indoor,8095,134.92,recovery,closed,closed,morning,NNE,30,56,20.70,47.70,ok
1,271,1,indoor,8125,135.42,recovery,closed,closed,morning,NNE,30,56,20.70,47.80,ok
1,272,1,indoor,8155,135.92,recovery,closed,closed,morning,NNE,30,56,20.70,47.60,ok
1,273,1,indoor,8185,136.42,recovery,closed,closed,morning,NNE,30,56,20.70,47.60,ok
1,274,1,indoor,8215,136.92,recovery,closed,closed,morning,NNE,30,56,20.70,47.60,ok
1,275,1,indoor,8245,137.42,recovery,closed,closed,morning,NNE,30,56,20.70,47.60,ok
1,276,1,indoor,8275,137.92,recovery,closed,closed,morning,NNE,30,56,20.70,47.60,ok
1,277,1,indoor,8305,138.42,recovery,closed,closed,morning,NNE,30,56,20.70,47.60,ok
1,278,1,indoor,8335,138.92,recovery,closed,closed,morning,NNE,30,56,20.70,47.70,ok
1,279,1,indoor,8365,139.42,recovery,closed,closed,morning,NNE,30,56,20.70,47.70,ok
1,280,1,indoor,8395,139.92,recovery,closed,closed,morning,NNE,30,56,20.70,47.80,ok
1,281,1,indoor,8425,140.42,recovery,closed,closed,morning,NNE,30,56,20.70,47.80,ok
1,282,1,indoor,8455,140.92,recovery,closed,closed,morning,NNE,30,56,20.70,47.70,ok
1,283,1,indoor,8485,141.42,recovery,closed,closed,morning,NNE,30,56,20.70,47.80,ok
1,284,1,indoor,8515,141.92,recovery,closed,closed,morning,NNE,30,56,20.70,47.80,ok
1,285,1,indoor,8545,142.42,recovery,closed,closed,morning,NNE,30,56,20.70,47.80,ok
1,286,1,indoor,8575,142.92,recovery,closed,closed,morning,NNE,30,56,20.70,47.90,ok
1,287,1,indoor,8605,143.42,recovery,closed,closed,morning,NNE,30,56,20.80,48.00,ok
1,288,1,indoor,8635,143.92,recovery,closed,closed,morning,NNE,30,56,20.80,48.00,ok
1,289,1,indoor,8665,144.42,recovery,closed,closed,morning,NNE,30,56,20.80,48.00,ok
1,290,1,indoor,8695,144.92,recovery,closed,closed,morning,NNE,30,56,20.80,48.10,ok
1,291,1,indoor,8725,145.42,recovery,closed,closed,morning,NNE,30,56,20.80,48.00,ok
1,292,1,indoor,8755,145.92,recovery,closed,closed,morning,NNE,30,56,20.80,48.00,ok
1,293,1,indoor,8785,146.42,recovery,closed,closed,morning,NNE,30,56,20.80,48.10,ok
1,294,1,indoor,8815,146.92,recovery,closed,closed,morning,NNE,30,56,20.80,48.00,ok
1,295,1,indoor,8846,147.43,recovery,closed,closed,morning,NNE,30,56,20.80,48.10,ok
1,296,1,indoor,8876,147.93,recovery,closed,closed,morning,NNE,30,56,20.80,48.20,ok
1,297,1,indoor,8906,148.43,recovery,closed,closed,morning,NNE,30,56,20.80,48.20,ok
1,298,1,indoor,8936,148.93,recovery,closed,closed,morning,NNE,30,56,20.80,48.30,ok
1,299,1,indoor,8966,149.43,recovery,closed,closed,morning,NNE,30,56,20.80,48.30,ok
1,300,1,indoor,8996,149.93,recovery,closed,closed,morning,NNE,30,56,20.80,48.30,ok
1,301,1,indoor,9026,150.43,recovery,closed,closed,morning,NNE,30,56,20.90,48.20,ok
1,302,1,indoor,9056,150.93,recovery,closed,closed,morning,NNE,30,56,20.80,48.30,ok
1,303,1,indoor,9086,151.43,recovery,closed,closed,morning,NNE,30,56,20.80,48.30,ok
1,304,1,indoor,9116,151.93,recovery,closed,closed,morning,NNE,30,56,20.90,48.30,ok
1,305,1,indoor,9146,152.43,recovery,closed,closed,morning,NNE,30,56,20.90,48.30,ok
1,306,1,indoor,9176,152.93,recovery,closed,closed,morning,NNE,30,56,20.90,48.40,ok
1,307,1,indoor,9206,153.43,recovery,closed,closed,morning,NNE,30,56,20.90,48.40,ok
1,308,1,indoor,9236,153.93,recovery,closed,closed,morning,NNE,30,56,20.90,48.40,ok
1,309,1,indoor,9266,154.43,recovery,closed,closed,morning,NNE,30,56,20.90,48.40,ok
1,310,1,indoor,9296,154.93,recovery,closed,closed,morning,NNE,30,56,20.90,48.30,ok
1,311,1,indoor,9326,155.43,recovery,closed,closed,morning,NNE,30,56,20.90,48.40,ok
1,312,1,indoor,9356,155.93,recovery,closed,closed,morning,NNE,30,56,20.90,48.50,ok
1,313,1,indoor,9386,156.43,recovery,closed,closed,morning,NNE,30,56,20.90,48.50,ok
1,314,1,indoor,9416,156.93,recovery,closed,closed,morning,NNE,30,56,20.90,48.50,ok
1,315,1,indoor,9446,157.43,recovery,closed,closed,morning,NNE,30,56,20.90,48.40,ok
1,316,1,indoor,9476,157.93,recovery,closed,closed,morning,NNE,30,56,20.90,48.50,ok
1,317,1,indoor,9506,158.43,recovery,closed,closed,morning,NNE,30,56,20.90,48.50,ok
1,318,1,indoor,9536,158.93,recovery,closed,closed,morning,NNE,30,56,20.90,48.50,ok
1,319,1,indoor,9566,159.43,recovery,closed,closed,morning,NNE,30,56,21.00,48.50,ok
1,320,1,indoor,9596,159.93,recovery,closed,closed,morning,NNE,30,56,21.00,48.60,ok
1,321,1,indoor,9626,160.43,recovery,closed,closed,morning,NNE,30,56,21.00,48.50,ok
1,322,1,indoor,9656,160.93,recovery,closed,closed,morning,NNE,30,56,21.00,48.50,ok
1,323,1,indoor,9686,161.43,recovery,closed,closed,morning,NNE,30,56,21.00,48.60,ok
1,324,1,indoor,9716,161.93,recovery,closed,closed,morning,NNE,30,56,21.00,48.60,ok
1,325,1,indoor,9746,162.43,recovery,closed,closed,morning,NNE,30,56,21.00,48.50,ok
1,326,1,indoor,9776,162.93,recovery,closed,closed,morning,NNE,30,56,21.00,48.50,ok
1,327,1,indoor,9806,163.43,recovery,closed,closed,morning,NNE,30,56,21.00,48.70,ok
1,328,1,indoor,9836,163.93,recovery,closed,closed,morning,NNE,30,56,21.00,48.70,ok
1,329,1,indoor,9866,164.43,recovery,closed,closed,morning,NNE,30,56,21.00,48.70,ok
1,330,1,indoor,9896,164.93,recovery,closed,closed,morning,NNE,30,56,21.00,48.70,ok
1,331,1,indoor,9926,165.43,recovery,closed,closed,morning,NNE,30,56,21.00,48.80,ok
1,332,1,indoor,9956,165.93,recovery,closed,closed,morning,NNE,30,56,21.00,48.80,ok
1,333,1,indoor,9986,166.43,recovery,closed,closed,morning,NNE,30,56,21.10,48.90,ok
1,334,1,indoor,10016,166.93,recovery,closed,closed,morning,NNE,30,56,21.10,48.80,ok
1,335,1,indoor,10046,167.43,recovery,closed,closed,morning,NNE,30,56,21.10,48.90,ok
1,336,1,indoor,10076,167.93,recovery,closed,closed,morning,NNE,30,56,21.10,48.80,ok
1,337,1,indoor,10106,168.43,recovery,closed,closed,morning,NNE,30,56,21.10,48.90,ok
1,338,1,indoor,10136,168.93,recovery,closed,closed,morning,NNE,30,56,21.10,48.90,ok
1,339,1,indoor,10166,169.43,recovery,closed,closed,morning,NNE,30,56,21.10,48.80,ok
1,340,1,indoor,10196,169.93,recovery,closed,closed,morning,NNE,30,56,21.10,48.90,ok
1,341,1,indoor,10226,170.43,recovery,closed,closed,morning,NNE,30,56,21.10,48.90,ok
1,342,1,indoor,10256,170.93,recovery,closed,closed,morning,NNE,30,56,21.10,48.90,ok
1,343,1,indoor,10286,171.43,recovery,closed,closed,morning,NNE,30,56,21.10,48.90,ok
1,344,1,indoor,10316,171.93,recovery,closed,closed,morning,NNE,30,56,21.10,48.90,ok
1,345,1,indoor,10346,172.43,recovery,closed,closed,morning,NNE,30,56,21.10,48.90,ok
1,346,1,indoor,10376,172.93,recovery,closed,closed,morning,NNE,30,56,21.10,49.00,ok
1,347,1,indoor,10406,173.43,recovery,closed,closed,morning,NNE,30,56,21.10,49.00,ok
1,348,1,indoor,10436,173.93,recovery,closed,closed,morning,NNE,30,56,21.10,49.00,ok
1,349,1,indoor,10466,174.43,recovery,closed,closed,morning,NNE,30,56,21.20,48.90,ok
1,350,1,indoor,10496,174.93,recovery,closed,closed,morning,NNE,30,56,21.20,49.00,ok
1,351,1,indoor,10526,175.43,recovery,closed,closed,morning,NNE,30,56,21.20,49.00,ok
1,352,1,indoor,10556,175.93,recovery,closed,closed,morning,NNE,30,56,21.20,49.00,ok
1,353,1,indoor,10586,176.43,recovery,closed,closed,morning,NNE,30,56,21.20,49.00,ok
1,354,1,indoor,10616,176.93,recovery,closed,closed,morning,NNE,30,56,21.20,49.00,ok
1,355,1,indoor,10646,177.43,recovery,closed,closed,morning,NNE,30,56,21.20,49.00,ok
1,356,1,indoor,10676,177.93,recovery,closed,closed,morning,NNE,30,56,21.20,49.10,ok
1,357,1,indoor,10706,178.43,recovery,closed,closed,morning,NNE,30,56,21.20,49.00,ok
1,358,1,indoor,10736,178.93,recovery,closed,closed,morning,NNE,30,56,21.20,49.10,ok
1,359,1,indoor,10766,179.43,recovery,closed,closed,morning,NNE,30,56,21.20,49.10,ok
1,360,1,indoor,10796,179.93,recovery,closed,closed,morning,NNE,30,56,21.20,49.10,ok
1,1,2,outdoor,8,0.13,baseline,closed,closed,morning,NNE,30,56,25.00,24.70,ok
1,2,2,outdoor,38,0.63,baseline,closed,closed,morning,NNE,30,56,25.20,24.70,ok
1,3,2,outdoor,68,1.13,baseline,closed,closed,morning,NNE,30,56,25.20,24.20,ok
1,4,2,outdoor,98,1.63,baseline,closed,closed,morning,NNE,30,56,25.30,24.00,ok
1,5,2,outdoor,128,2.13,baseline,closed,closed,morning,NNE,30,56,25.40,23.60,ok
1,6,2,outdoor,158,2.63,baseline,closed,closed,morning,NNE,30,56,25.40,24.10,ok
1,7,2,outdoor,188,3.13,baseline,closed,closed,morning,NNE,30,56,25.40,24.50,ok
1,8,2,outdoor,218,3.63,baseline,closed,closed,morning,NNE,30,56,25.40,24.10,ok
1,9,2,outdoor,248,4.13,baseline,closed,closed,morning,NNE,30,56,25.30,24.10,ok
1,10,2,outdoor,278,4.63,baseline,closed,closed,morning,NNE,30,56,25.30,25.00,ok
1,11,2,outdoor,308,5.13,baseline,closed,closed,morning,NNE,30,56,25.30,24.00,ok
1,12,2,outdoor,338,5.63,baseline,closed,closed,morning,NNE,30,56,25.30,23.40,ok
1,13,2,outdoor,369,6.15,baseline,closed,closed,morning,NNE,30,56,25.30,23.80,ok
1,14,2,outdoor,399,6.65,baseline,closed,closed,morning,NNE,30,56,25.30,23.30,ok
1,15,2,outdoor,429,7.15,baseline,closed,closed,morning,NNE,30,56,25.30,23.20,ok
1,16,2,outdoor,459,7.65,baseline,closed,closed,morning,NNE,30,56,25.40,23.30,ok
1,17,2,outdoor,489,8.15,baseline,closed,closed,morning,NNE,30,56,25.50,23.40,ok
1,18,2,outdoor,519,8.65,baseline,closed,closed,morning,NNE,30,56,25.60,23.20,ok
1,19,2,outdoor,549,9.15,baseline,closed,closed,morning,NNE,30,56,25.60,23.50,ok
1,20,2,outdoor,579,9.65,baseline,closed,closed,morning,NNE,30,56,25.50,22.80,ok
1,21,2,outdoor,609,10.15,baseline,closed,closed,morning,NNE,30,56,25.40,23.00,ok
1,22,2,outdoor,639,10.65,baseline,closed,closed,morning,NNE,30,56,25.30,23.00,ok
1,23,2,outdoor,669,11.15,baseline,closed,closed,morning,NNE,30,56,25.30,23.00,ok
1,24,2,outdoor,699,11.65,baseline,closed,closed,morning,NNE,30,56,25.40,23.30,ok
1,25,2,outdoor,729,12.15,baseline,closed,closed,morning,NNE,30,56,25.20,23.00,ok
1,26,2,outdoor,759,12.65,baseline,closed,closed,morning,NNE,30,56,25.10,22.70,ok
1,27,2,outdoor,789,13.15,baseline,closed,closed,morning,NNE,30,56,25.10,22.80,ok
1,28,2,outdoor,819,13.65,baseline,closed,closed,morning,NNE,30,56,25.30,23.50,ok
1,29,2,outdoor,849,14.15,baseline,closed,closed,morning,NNE,30,56,25.40,24.00,ok
1,30,2,outdoor,880,14.67,baseline,closed,closed,morning,NNE,30,56,25.20,23.20,ok
1,31,2,outdoor,910,15.17,baseline,closed,closed,morning,NNE,30,56,25.30,23.30,ok
1,32,2,outdoor,940,15.67,baseline,closed,closed,morning,NNE,30,56,25.50,23.50,ok
1,33,2,outdoor,970,16.17,baseline,closed,closed,morning,NNE,30,56,25.70,24.50,ok
1,34,2,outdoor,1000,16.67,baseline,closed,closed,morning,NNE,30,56,25.70,23.80,ok
1,35,2,outdoor,1030,17.17,baseline,closed,closed,morning,NNE,30,56,25.70,23.20,ok
1,36,2,outdoor,1060,17.67,baseline,closed,closed,morning,NNE,30,56,25.70,23.50,ok
1,37,2,outdoor,1090,18.17,baseline,closed,closed,morning,NNE,30,56,25.70,24.10,ok
1,38,2,outdoor,1120,18.67,baseline,closed,closed,morning,NNE,30,56,25.50,23.20,ok
1,39,2,outdoor,1150,19.17,baseline,closed,closed,morning,NNE,30,56,25.50,23.00,ok
1,40,2,outdoor,1180,19.67,baseline,closed,closed,morning,NNE,30,56,25.40,23.10,ok
1,41,2,outdoor,1210,20.17,baseline,closed,closed,morning,NNE,30,56,25.50,23.40,ok
1,42,2,outdoor,1240,20.67,baseline,closed,closed,morning,NNE,30,56,25.60,24.40,ok
1,43,2,outdoor,1270,21.17,baseline,closed,closed,morning,NNE,30,56,25.60,23.30,ok
1,44,2,outdoor,1300,21.67,baseline,closed,closed,morning,NNE,30,56,25.50,23.40,ok
1,45,2,outdoor,1330,22.17,baseline,closed,closed,morning,NNE,30,56,25.50,23.50,ok
1,46,2,outdoor,1360,22.67,baseline,closed,closed,morning,NNE,30,56,25.60,23.60,ok
1,47,2,outdoor,1391,23.18,baseline,closed,closed,morning,NNE,30,56,25.40,23.20,ok
1,48,2,outdoor,1421,23.68,baseline,closed,closed,morning,NNE,30,56,25.30,23.40,ok
1,49,2,outdoor,1451,24.18,baseline,closed,closed,morning,NNE,30,56,25.20,22.80,ok
1,50,2,outdoor,1481,24.68,baseline,closed,closed,morning,NNE,30,56,25.10,23.20,ok
1,51,2,outdoor,1511,25.18,baseline,closed,closed,morning,NNE,30,56,25.10,23.20,ok
1,52,2,outdoor,1541,25.68,baseline,closed,closed,morning,NNE,30,56,25.20,23.30,ok
1,53,2,outdoor,1571,26.18,baseline,closed,closed,morning,NNE,30,56,25.30,23.20,ok
1,54,2,outdoor,1601,26.68,baseline,closed,closed,morning,NNE,30,56,25.30,23.00,ok
1,55,2,outdoor,1631,27.18,baseline,closed,closed,morning,NNE,30,56,25.40,23.30,ok
1,56,2,outdoor,1661,27.68,baseline,closed,closed,morning,NNE,30,56,25.40,23.40,ok
1,57,2,outdoor,1691,28.18,baseline,closed,closed,morning,NNE,30,56,25.20,22.40,ok
1,58,2,outdoor,1721,28.68,baseline,closed,closed,morning,NNE,30,56,25.10,23.20,ok
1,59,2,outdoor,1751,29.18,baseline,closed,closed,morning,NNE,30,56,25.30,23.70,ok
1,60,2,outdoor,1781,29.68,baseline,closed,closed,morning,NNE,30,56,25.20,23.10,ok
1,61,2,outdoor,1811,30.18,baseline,closed,closed,morning,NNE,30,56,25.20,23.40,ok
1,62,2,outdoor,1841,30.68,baseline,closed,closed,morning,NNE,30,56,25.40,23.60,ok
1,63,2,outdoor,1871,31.18,baseline,closed,closed,morning,NNE,30,56,25.50,23.20,ok
1,64,2,outdoor,1902,31.70,baseline,closed,closed,morning,NNE,30,56,25.50,23.30,ok
1,65,2,outdoor,1932,32.20,baseline,closed,closed,morning,NNE,30,56,25.50,22.80,ok
1,66,2,outdoor,1962,32.70,baseline,closed,closed,morning,NNE,30,56,25.50,23.10,ok
1,67,2,outdoor,1992,33.20,baseline,closed,closed,morning,NNE,30,56,25.50,23.10,ok
1,68,2,outdoor,2022,33.70,baseline,closed,closed,morning,NNE,30,56,25.60,23.80,ok
1,69,2,outdoor,2052,34.20,baseline,closed,closed,morning,NNE,30,56,25.40,23.80,ok
1,70,2,outdoor,2082,34.70,baseline,closed,closed,morning,NNE,30,56,25.60,24.30,ok
1,71,2,outdoor,2112,35.20,baseline,closed,closed,morning,NNE,30,56,25.50,23.30,ok
1,72,2,outdoor,2142,35.70,baseline,closed,closed,morning,NNE,30,56,25.30,23.00,ok
1,73,2,outdoor,2172,36.20,baseline,closed,closed,morning,NNE,30,56,25.20,22.70,ok
1,74,2,outdoor,2202,36.70,baseline,closed,closed,morning,NNE,30,56,25.20,22.60,ok
1,75,2,outdoor,2232,37.20,baseline,closed,closed,morning,NNE,30,56,25.20,22.60,ok
1,76,2,outdoor,2262,37.70,baseline,closed,closed,morning,NNE,30,56,25.30,23.20,ok
1,77,2,outdoor,2292,38.20,baseline,closed,closed,morning,NNE,30,56,25.30,23.20,ok
1,78,2,outdoor,2322,38.70,baseline,closed,closed,morning,NNE,30,56,25.40,23.80,ok
1,79,2,outdoor,2352,39.20,baseline,closed,closed,morning,NNE,30,56,25.40,23.40,ok
1,80,2,outdoor,2382,39.70,baseline,closed,closed,morning,NNE,30,56,25.40,23.30,ok
1,81,2,outdoor,2413,40.22,baseline,closed,closed,morning,NNE,30,56,25.40,23.90,ok
1,82,2,outdoor,2443,40.72,baseline,closed,closed,morning,NNE,30,56,25.50,23.10,ok
1,83,2,outdoor,2473,41.22,baseline,closed,closed,morning,NNE,30,56,25.40,22.70,ok
1,84,2,outdoor,2503,41.72,baseline,closed,closed,morning,NNE,30,56,25.40,22.70,ok
1,85,2,outdoor,2533,42.22,baseline,closed,closed,morning,NNE,30,56,25.30,23.20,ok
1,86,2,outdoor,2563,42.72,baseline,closed,closed,morning,NNE,30,56,25.30,23.10,ok
1,87,2,outdoor,2593,43.22,baseline,closed,closed,morning,NNE,30,56,25.40,23.20,ok
1,88,2,outdoor,2623,43.72,baseline,closed,closed,morning,NNE,30,56,25.50,24.40,ok
1,89,2,outdoor,2653,44.22,baseline,closed,closed,morning,NNE,30,56,25.30,23.00,ok
1,90,2,outdoor,2683,44.72,baseline,closed,closed,morning,NNE,30,56,25.30,24.20,ok
1,91,2,outdoor,2713,45.22,baseline,closed,closed,morning,NNE,30,56,25.30,23.10,ok
1,92,2,outdoor,2743,45.72,baseline,closed,closed,morning,NNE,30,56,25.40,23.40,ok
1,93,2,outdoor,2773,46.22,baseline,closed,closed,morning,NNE,30,56,25.40,23.20,ok
1,94,2,outdoor,2803,46.72,baseline,closed,closed,morning,NNE,30,56,25.50,23.30,ok
1,95,2,outdoor,2833,47.22,baseline,closed,closed,morning,NNE,30,56,25.30,23.30,ok
1,96,2,outdoor,2863,47.72,baseline,closed,closed,morning,NNE,30,56,25.30,23.30,ok
1,97,2,outdoor,2893,48.22,baseline,closed,closed,morning,NNE,30,56,25.30,24.10,ok
1,98,2,outdoor,2924,48.73,baseline,closed,closed,morning,NNE,30,56,25.50,23.40,ok
1,99,2,outdoor,2954,49.23,baseline,closed,closed,morning,NNE,30,56,25.50,23.20,ok
1,100,2,outdoor,2984,49.73,baseline,closed,closed,morning,NNE,30,56,25.60,23.30,ok
1,101,2,outdoor,3014,50.23,baseline,closed,closed,morning,NNE,30,56,25.60,22.90,ok
1,102,2,outdoor,3044,50.73,baseline,closed,closed,morning,NNE,30,56,25.80,23.00,ok
1,103,2,outdoor,3074,51.23,baseline,closed,closed,morning,NNE,30,56,25.80,22.90,ok
1,104,2,outdoor,3104,51.73,baseline,closed,closed,morning,NNE,30,56,25.80,23.30,ok
1,105,2,outdoor,3134,52.23,baseline,closed,closed,morning,NNE,30,56,25.70,23.40,ok
1,106,2,outdoor,3164,52.73,baseline,closed,closed,morning,NNE,30,56,25.70,23.10,ok
1,107,2,outdoor,3194,53.23,baseline,closed,closed,morning,NNE,30,56,25.90,24.50,ok
1,108,2,outdoor,3224,53.73,baseline,closed,closed,morning,NNE,30,56,25.90,23.10,ok
1,109,2,outdoor,3254,54.23,baseline,closed,closed,morning,NNE,30,56,25.80,23.00,ok
1,110,2,outdoor,3284,54.73,baseline,closed,closed,morning,NNE,30,56,25.90,23.20,ok
1,111,2,outdoor,3314,55.23,baseline,closed,closed,morning,NNE,30,56,25.60,23.00,ok
1,112,2,outdoor,3344,55.73,baseline,closed,closed,morning,NNE,30,56,25.50,23.10,ok
1,113,2,outdoor,3374,56.23,baseline,closed,closed,morning,NNE,30,56,25.40,23.30,ok
1,114,2,outdoor,3404,56.73,baseline,closed,closed,morning,NNE,30,56,25.40,23.70,ok
1,115,2,outdoor,3435,57.25,baseline,closed,closed,morning,NNE,30,56,25.40,23.60,ok
1,116,2,outdoor,3465,57.75,baseline,closed,closed,morning,NNE,30,56,25.50,23.40,ok
1,117,2,outdoor,3495,58.25,baseline,closed,closed,morning,NNE,30,56,25.60,23.50,ok
1,118,2,outdoor,3525,58.75,baseline,closed,closed,morning,NNE,30,56,25.50,23.30,ok
1,119,2,outdoor,3555,59.25,baseline,closed,closed,morning,NNE,30,56,25.50,23.50,ok
1,120,2,outdoor,3585,59.75,baseline,closed,closed,morning,NNE,30,56,25.20,23.40,ok
1,121,2,outdoor,3615,60.25,window_open,open,closed,morning,NNE,30,56,25.20,24.00,ok
1,122,2,outdoor,3645,60.75,window_open,open,closed,morning,NNE,30,56,25.20,23.80,ok
1,123,2,outdoor,3675,61.25,window_open,open,closed,morning,NNE,30,56,25.30,23.30,ok
1,124,2,outdoor,3705,61.75,window_open,open,closed,morning,NNE,30,56,25.50,23.60,ok
1,125,2,outdoor,3735,62.25,window_open,open,closed,morning,NNE,30,56,25.40,23.90,ok
1,126,2,outdoor,3765,62.75,window_open,open,closed,morning,NNE,30,56,25.20,23.70,ok
1,127,2,outdoor,3795,63.25,window_open,open,closed,morning,NNE,30,56,25.30,24.10,ok
1,128,2,outdoor,3825,63.75,window_open,open,closed,morning,NNE,30,56,25.20,23.90,ok
1,129,2,outdoor,3855,64.25,window_open,open,closed,morning,NNE,30,56,25.30,24.70,ok
1,130,2,outdoor,3885,64.75,window_open,open,closed,morning,NNE,30,56,25.30,24.70,ok
1,131,2,outdoor,3915,65.25,window_open,open,closed,morning,NNE,30,56,25.10,23.90,ok
1,132,2,outdoor,3946,65.77,window_open,open,closed,morning,NNE,30,56,25.10,24.00,ok
1,133,2,outdoor,3976,66.27,window_open,open,closed,morning,NNE,30,56,25.10,24.10,ok
1,134,2,outdoor,4006,66.77,window_open,open,closed,morning,NNE,30,56,25.20,24.90,ok
1,135,2,outdoor,4036,67.27,window_open,open,closed,morning,NNE,30,56,25.10,24.00,ok
1,136,2,outdoor,4066,67.77,window_open,open,closed,morning,NNE,30,56,25.30,24.40,ok
1,137,2,outdoor,4096,68.27,window_open,open,closed,morning,NNE,30,56,25.40,24.50,ok
1,138,2,outdoor,4126,68.77,window_open,open,closed,morning,NNE,30,56,25.40,24.00,ok
1,139,2,outdoor,4156,69.27,window_open,open,closed,morning,NNE,30,56,25.20,23.80,ok
1,140,2,outdoor,4186,69.77,window_open,open,closed,morning,NNE,30,56,25.10,24.10,ok
1,141,2,outdoor,4216,70.27,window_open,open,closed,morning,NNE,30,56,25.40,24.70,ok
1,142,2,outdoor,4246,70.77,window_open,open,closed,morning,NNE,30,56,25.60,23.90,ok
1,143,2,outdoor,4276,71.27,window_open,open,closed,morning,NNE,30,56,25.60,24.30,ok
1,144,2,outdoor,4306,71.77,window_open,open,closed,morning,NNE,30,56,25.60,23.80,ok
1,145,2,outdoor,4336,72.27,window_open,open,closed,morning,NNE,30,56,25.60,24.20,ok
1,146,2,outdoor,4366,72.77,window_open,open,closed,morning,NNE,30,56,25.60,23.90,ok
1,147,2,outdoor,4396,73.27,window_open,open,closed,morning,NNE,30,56,25.60,24.00,ok
1,148,2,outdoor,4426,73.77,window_open,open,closed,morning,NNE,30,56,25.50,24.00,ok
1,149,2,outdoor,4457,74.28,window_open,open,closed,morning,NNE,30,56,25.50,24.20,ok
1,150,2,outdoor,4487,74.78,window_open,open,closed,morning,NNE,30,56,25.60,24.20,ok
1,151,2,outdoor,4517,75.28,window_open,open,closed,morning,NNE,30,56,25.60,24.30,ok
1,152,2,outdoor,4547,75.78,window_open,open,closed,morning,NNE,30,56,25.50,23.90,ok
1,153,2,outdoor,4577,76.28,window_open,open,closed,morning,NNE,30,56,25.70,24.40,ok
1,154,2,outdoor,4607,76.78,window_open,open,closed,morning,NNE,30,56,25.90,25.70,ok
1,155,2,outdoor,4637,77.28,window_open,open,closed,morning,NNE,30,56,25.90,23.40,ok
1,156,2,outdoor,4667,77.78,window_open,open,closed,morning,NNE,30,56,25.90,23.20,ok
1,157,2,outdoor,4697,78.28,window_open,open,closed,morning,NNE,30,56,25.90,23.20,ok
1,158,2,outdoor,4727,78.78,window_open,open,closed,morning,NNE,30,56,25.90,23.30,ok
1,159,2,outdoor,4757,79.28,window_open,open,closed,morning,NNE,30,56,25.70,23.40,ok
1,160,2,outdoor,4787,79.78,window_open,open,closed,morning,NNE,30,56,25.70,23.90,ok
1,161,2,outdoor,4817,80.28,window_open,open,closed,morning,NNE,30,56,25.90,23.60,ok
1,162,2,outdoor,4847,80.78,window_open,open,closed,morning,NNE,30,56,25.90,23.60,ok
1,163,2,outdoor,4877,81.28,window_open,open,closed,morning,NNE,30,56,25.90,23.50,ok
1,164,2,outdoor,4907,81.78,window_open,open,closed,morning,NNE,30,56,26.00,23.40,ok
1,165,2,outdoor,4937,82.28,window_open,open,closed,morning,NNE,30,56,25.80,23.10,ok
1,166,2,outdoor,4968,82.80,window_open,open,closed,morning,NNE,30,56,25.80,23.30,ok
1,167,2,outdoor,4998,83.30,window_open,open,closed,morning,NNE,30,56,26.00,23.20,ok
1,168,2,outdoor,5028,83.80,window_open,open,closed,morning,NNE,30,56,25.80,23.20,ok
1,169,2,outdoor,5058,84.30,window_open,open,closed,morning,NNE,30,56,25.50,22.90,ok
1,170,2,outdoor,5088,84.80,window_open,open,closed,morning,NNE,30,56,25.60,23.20,ok
1,171,2,outdoor,5118,85.30,window_open,open,closed,morning,NNE,30,56,25.80,23.20,ok
1,172,2,outdoor,5148,85.80,window_open,open,closed,morning,NNE,30,56,26.00,23.70,ok
1,173,2,outdoor,5178,86.30,window_open,open,closed,morning,NNE,30,56,25.70,23.00,ok
1,174,2,outdoor,5208,86.80,window_open,open,closed,morning,NNE,30,56,25.90,23.20,ok
1,175,2,outdoor,5238,87.30,window_open,open,closed,morning,NNE,30,56,26.20,23.20,ok
1,176,2,outdoor,5268,87.80,window_open,open,closed,morning,NNE,30,56,26.20,23.40,ok
1,177,2,outdoor,5298,88.30,window_open,open,closed,morning,NNE,30,56,26.30,23.00,ok
1,178,2,outdoor,5328,88.80,window_open,open,closed,morning,NNE,30,56,26.20,22.90,ok
1,179,2,outdoor,5358,89.30,window_open,open,closed,morning,NNE,30,56,26.20,23.00,ok
1,180,2,outdoor,5388,89.80,window_open,open,closed,morning,NNE,30,56,26.10,22.90,ok
1,181,2,outdoor,5418,90.30,window_open,open,closed,morning,NNE,30,56,26.10,23.80,ok
1,182,2,outdoor,5448,90.80,window_open,open,closed,morning,NNE,30,56,25.70,23.20,ok
1,183,2,outdoor,5479,91.32,window_open,open,closed,morning,NNE,30,56,25.80,23.60,ok
1,184,2,outdoor,5509,91.82,window_open,open,closed,morning,NNE,30,56,25.90,23.70,ok
1,185,2,outdoor,5539,92.32,window_open,open,closed,morning,NNE,30,56,26.00,23.50,ok
1,186,2,outdoor,5569,92.82,window_open,open,closed,morning,NNE,30,56,26.20,23.00,ok
1,187,2,outdoor,5599,93.32,window_open,open,closed,morning,NNE,30,56,26.00,23.20,ok
1,188,2,outdoor,5629,93.82,window_open,open,closed,morning,NNE,30,56,26.10,23.90,ok
1,189,2,outdoor,5659,94.32,window_open,open,closed,morning,NNE,30,56,26.20,23.40,ok
1,190,2,outdoor,5689,94.82,window_open,open,closed,morning,NNE,30,56,26.10,23.20,ok
1,191,2,outdoor,5719,95.32,window_open,open,closed,morning,NNE,30,56,26.20,23.20,ok
1,192,2,outdoor,5749,95.82,window_open,open,closed,morning,NNE,30,56,25.90,23.20,ok
1,193,2,outdoor,5779,96.32,window_open,open,closed,morning,NNE,30,56,26.00,23.40,ok
1,194,2,outdoor,5809,96.82,window_open,open,closed,morning,NNE,30,56,26.00,23.10,ok
1,195,2,outdoor,5839,97.32,window_open,open,closed,morning,NNE,30,56,26.20,23.10,ok
1,196,2,outdoor,5869,97.82,window_open,open,closed,morning,NNE,30,56,25.70,23.20,ok
1,197,2,outdoor,5899,98.32,window_open,open,closed,morning,NNE,30,56,25.70,23.40,ok
1,198,2,outdoor,5929,98.82,window_open,open,closed,morning,NNE,30,56,25.80,23.60,ok
1,199,2,outdoor,5959,99.32,window_open,open,closed,morning,NNE,30,56,26.00,24.10,ok
1,200,2,outdoor,5990,99.83,window_open,open,closed,morning,NNE,30,56,26.00,23.70,ok
1,201,2,outdoor,6020,100.33,window_open,open,closed,morning,NNE,30,56,26.00,23.60,ok
1,202,2,outdoor,6050,100.83,window_open,open,closed,morning,NNE,30,56,26.20,24.00,ok
1,203,2,outdoor,6080,101.33,window_open,open,closed,morning,NNE,30,56,26.00,23.50,ok
1,204,2,outdoor,6110,101.83,window_open,open,closed,morning,NNE,30,56,26.10,23.70,ok
1,205,2,outdoor,6140,102.33,window_open,open,closed,morning,NNE,30,56,26.30,23.80,ok
1,206,2,outdoor,6170,102.83,window_open,open,closed,morning,NNE,30,56,26.50,23.60,ok
1,207,2,outdoor,6200,103.33,window_open,open,closed,morning,NNE,30,56,26.60,23.70,ok
1,208,2,outdoor,6230,103.83,window_open,open,closed,morning,NNE,30,56,26.80,23.50,ok
1,209,2,outdoor,6260,104.33,window_open,open,closed,morning,NNE,30,56,26.50,23.60,ok
1,210,2,outdoor,6290,104.83,window_open,open,closed,morning,NNE,30,56,26.40,23.30,ok
1,211,2,outdoor,6320,105.33,window_open,open,closed,morning,NNE,30,56,26.50,23.50,ok
1,212,2,outdoor,6350,105.83,window_open,open,closed,morning,NNE,30,56,26.40,23.60,ok
1,213,2,outdoor,6380,106.33,window_open,open,closed,morning,NNE,30,56,26.20,23.70,ok
1,214,2,outdoor,6410,106.83,window_open,open,closed,morning,NNE,30,56,26.10,23.30,ok
1,215,2,outdoor,6440,107.33,window_open,open,closed,morning,NNE,30,56,25.90,23.70,ok
1,216,2,outdoor,6470,107.83,window_open,open,closed,morning,NNE,30,56,26.20,24.10,ok
1,217,2,outdoor,6501,108.35,window_open,open,closed,morning,NNE,30,56,26.40,23.60,ok
1,218,2,outdoor,6531,108.85,window_open,open,closed,morning,NNE,30,56,26.30,23.60,ok
1,219,2,outdoor,6561,109.35,window_open,open,closed,morning,NNE,30,56,26.50,23.40,ok
1,220,2,outdoor,6591,109.85,window_open,open,closed,morning,NNE,30,56,26.90,23.70,ok
1,221,2,outdoor,6621,110.35,window_open,open,closed,morning,NNE,30,56,27.20,22.90,ok
1,222,2,outdoor,6651,110.85,window_open,open,closed,morning,NNE,30,56,27.40,22.70,ok
1,223,2,outdoor,6681,111.35,window_open,open,closed,morning,NNE,30,56,28.10,22.70,ok
1,224,2,outdoor,6711,111.85,window_open,open,closed,morning,NNE,30,56,28.80,21.30,ok
1,225,2,outdoor,6741,112.35,window_open,open,closed,morning,NNE,30,56,29.70,21.30,ok
1,226,2,outdoor,6771,112.85,window_open,open,closed,morning,NNE,30,56,30.70,20.30,ok
1,227,2,outdoor,6801,113.35,window_open,open,closed,morning,NNE,30,56,31.20,19.20,ok
1,228,2,outdoor,6831,113.85,window_open,open,closed,morning,NNE,30,56,31.20,19.30,ok
1,229,2,outdoor,6861,114.35,window_open,open,closed,morning,NNE,30,56,30.90,19.50,ok
1,230,2,outdoor,6891,114.85,window_open,open,closed,morning,NNE,30,56,29.40,20.50,ok
1,231,2,outdoor,6921,115.35,window_open,open,closed,morning,NNE,30,56,27.90,21.30,ok
1,232,2,outdoor,6951,115.85,window_open,open,closed,morning,NNE,30,56,27.50,22.20,ok
1,233,2,outdoor,6982,116.37,window_open,open,closed,morning,NNE,30,56,27.40,22.50,ok
1,234,2,outdoor,7012,116.87,window_open,open,closed,morning,NNE,30,56,27.60,23.20,ok
1,235,2,outdoor,7042,117.37,window_open,open,closed,morning,NNE,30,56,27.00,22.20,ok
1,236,2,outdoor,7072,117.87,window_open,open,closed,morning,NNE,30,56,27.20,22.70,ok
1,237,2,outdoor,7102,118.37,window_open,open,closed,morning,NNE,30,56,27.10,22.70,ok
1,238,2,outdoor,7132,118.87,window_open,open,closed,morning,NNE,30,56,27.00,22.90,ok
1,239,2,outdoor,7162,119.37,window_open,open,closed,morning,NNE,30,56,27.20,23.00,ok
1,240,2,outdoor,7192,119.87,window_open,open,closed,morning,NNE,30,56,27.40,22.70,ok
1,241,2,outdoor,7222,120.37,recovery,closed,closed,morning,NNE,30,56,27.30,22.60,ok
1,242,2,outdoor,7252,120.87,recovery,closed,closed,morning,NNE,30,56,27.50,23.10,ok
1,243,2,outdoor,7282,121.37,recovery,closed,closed,morning,NNE,30,56,27.80,23.10,ok
1,244,2,outdoor,7312,121.87,recovery,closed,closed,morning,NNE,30,56,28.10,22.40,ok
1,245,2,outdoor,7342,122.37,recovery,closed,closed,morning,NNE,30,56,28.20,21.80,ok
1,246,2,outdoor,7372,122.87,recovery,closed,closed,morning,NNE,30,56,27.70,22.00,ok
1,247,2,outdoor,7402,123.37,recovery,closed,closed,morning,NNE,30,56,27.80,23.20,ok
1,248,2,outdoor,7432,123.87,recovery,closed,closed,morning,NNE,30,56,27.90,21.90,ok
1,249,2,outdoor,7462,124.37,recovery,closed,closed,morning,NNE,30,56,27.80,21.70,ok
1,250,2,outdoor,7493,124.88,recovery,closed,closed,morning,NNE,30,56,27.80,21.80,ok
1,251,2,outdoor,7523,125.38,recovery,closed,closed,morning,NNE,30,56,27.80,21.50,ok
1,252,2,outdoor,7553,125.88,recovery,closed,closed,morning,NNE,30,56,27.70,21.40,ok
1,253,2,outdoor,7583,126.38,recovery,closed,closed,morning,NNE,30,56,27.60,21.50,ok
1,254,2,outdoor,7613,126.88,recovery,closed,closed,morning,NNE,30,56,28.00,21.60,ok
1,255,2,outdoor,7643,127.38,recovery,closed,closed,morning,NNE,30,56,28.40,21.80,ok
1,256,2,outdoor,7673,127.88,recovery,closed,closed,morning,NNE,30,56,28.50,21.50,ok
1,257,2,outdoor,7703,128.38,recovery,closed,closed,morning,NNE,30,56,28.80,20.70,ok
1,258,2,outdoor,7733,128.88,recovery,closed,closed,morning,NNE,30,56,28.30,21.10,ok
1,259,2,outdoor,7763,129.38,recovery,closed,closed,morning,NNE,30,56,28.20,20.70,ok
1,260,2,outdoor,7793,129.88,recovery,closed,closed,morning,NNE,30,56,28.00,21.00,ok
1,261,2,outdoor,7823,130.38,recovery,closed,closed,morning,NNE,30,56,28.00,21.10,ok
1,262,2,outdoor,7853,130.88,recovery,closed,closed,morning,NNE,30,56,28.30,20.90,ok
1,263,2,outdoor,7883,131.38,recovery,closed,closed,morning,NNE,30,56,28.20,20.80,ok
1,264,2,outdoor,7913,131.88,recovery,closed,closed,morning,NNE,30,56,28.10,20.60,ok
1,265,2,outdoor,7943,132.38,recovery,closed,closed,morning,NNE,30,56,28.10,20.90,ok
1,266,2,outdoor,7973,132.88,recovery,closed,closed,morning,NNE,30,56,27.90,21.00,ok
1,267,2,outdoor,8004,133.40,recovery,closed,closed,morning,NNE,30,56,28.00,20.80,ok
1,268,2,outdoor,8034,133.90,recovery,closed,closed,morning,NNE,30,56,27.60,20.40,ok
1,269,2,outdoor,8064,134.40,recovery,closed,closed,morning,NNE,30,56,27.50,21.00,ok
1,270,2,outdoor,8094,134.90,recovery,closed,closed,morning,NNE,30,56,27.60,20.60,ok
1,271,2,outdoor,8124,135.40,recovery,closed,closed,morning,NNE,30,56,27.30,19.90,ok
1,272,2,outdoor,8154,135.90,recovery,closed,closed,morning,NNE,30,56,27.10,20.30,ok
1,273,2,outdoor,8184,136.40,recovery,closed,closed,morning,NNE,30,56,27.10,20.10,ok
1,274,2,outdoor,8214,136.90,recovery,closed,closed,morning,NNE,30,56,27.50,20.20,ok
1,275,2,outdoor,8244,137.40,recovery,closed,closed,morning,NNE,30,56,27.50,20.40,ok
1,276,2,outdoor,8274,137.90,recovery,closed,closed,morning,NNE,30,56,27.80,20.50,ok
1,277,2,outdoor,8304,138.40,recovery,closed,closed,morning,NNE,30,56,28.00,20.40,ok
1,278,2,outdoor,8334,138.90,recovery,closed,closed,morning,NNE,30,56,28.20,19.50,ok
1,279,2,outdoor,8364,139.40,recovery,closed,closed,morning,NNE,30,56,28.20,19.30,ok
1,280,2,outdoor,8394,139.90,recovery,closed,closed,morning,NNE,30,56,28.30,19.70,ok
1,281,2,outdoor,8424,140.40,recovery,closed,closed,morning,NNE,30,56,28.40,19.10,ok
1,282,2,outdoor,8454,140.90,recovery,closed,closed,morning,NNE,30,56,28.60,19.80,ok
1,283,2,outdoor,8485,141.42,recovery,closed,closed,morning,NNE,30,56,28.80,20.40,ok
1,284,2,outdoor,8515,141.92,recovery,closed,closed,morning,NNE,30,56,28.80,19.50,ok
1,285,2,outdoor,8545,142.42,recovery,closed,closed,morning,NNE,30,56,28.90,20.20,ok
1,286,2,outdoor,8575,142.92,recovery,closed,closed,morning,NNE,30,56,28.90,19.50,ok
1,287,2,outdoor,8605,143.42,recovery,closed,closed,morning,NNE,30,56,28.60,19.10,ok
1,288,2,outdoor,8635,143.92,recovery,closed,closed,morning,NNE,30,56,28.90,19.60,ok
1,289,2,outdoor,8665,144.42,recovery,closed,closed,morning,NNE,30,56,29.10,19.50,ok
1,290,2,outdoor,8695,144.92,recovery,closed,closed,morning,NNE,30,56,29.30,19.00,ok
1,291,2,outdoor,8725,145.42,recovery,closed,closed,morning,NNE,30,56,29.50,18.40,ok
1,292,2,outdoor,8755,145.92,recovery,closed,closed,morning,NNE,30,56,29.10,18.80,ok
1,293,2,outdoor,8785,146.42,recovery,closed,closed,morning,NNE,30,56,28.90,18.90,ok
1,294,2,outdoor,8815,146.92,recovery,closed,closed,morning,NNE,30,56,29.00,19.00,ok
1,295,2,outdoor,8845,147.42,recovery,closed,closed,morning,NNE,30,56,28.90,19.20,ok
1,296,2,outdoor,8875,147.92,recovery,closed,closed,morning,NNE,30,56,28.90,18.70,ok
1,297,2,outdoor,8905,148.42,recovery,closed,closed,morning,NNE,30,56,28.60,18.40,ok
1,298,2,outdoor,8935,148.92,recovery,closed,closed,morning,NNE,30,56,28.20,18.90,ok
1,299,2,outdoor,8965,149.42,recovery,closed,closed,morning,NNE,30,56,28.70,19.30,ok
1,300,2,outdoor,8996,149.93,recovery,closed,closed,morning,NNE,30,56,29.30,19.90,ok
1,301,2,outdoor,9026,150.43,recovery,closed,closed,morning,NNE,30,56,29.60,18.60,ok
1,302,2,outdoor,9056,150.93,recovery,closed,closed,morning,NNE,30,56,29.90,18.50,ok
1,303,2,outdoor,9086,151.43,recovery,closed,closed,morning,NNE,30,56,30.30,18.90,ok
1,304,2,outdoor,9116,151.93,recovery,closed,closed,morning,NNE,30,56,29.80,18.20,ok
1,305,2,outdoor,9146,152.43,recovery,closed,closed,morning,NNE,30,56,30.00,18.90,ok
1,306,2,outdoor,9176,152.93,recovery,closed,closed,morning,NNE,30,56,29.80,18.20,ok
1,307,2,outdoor,9206,153.43,recovery,closed,closed,morning,NNE,30,56,29.90,17.80,ok
1,308,2,outdoor,9236,153.93,recovery,closed,closed,morning,NNE,30,56,30.30,18.20,ok
1,309,2,outdoor,9266,154.43,recovery,closed,closed,morning,NNE,30,56,30.10,17.40,ok
1,310,2,outdoor,9296,154.93,recovery,closed,closed,morning,NNE,30,56,30.40,18.10,ok
1,311,2,outdoor,9326,155.43,recovery,closed,closed,morning,NNE,30,56,30.70,17.70,ok
1,312,2,outdoor,9356,155.93,recovery,closed,closed,morning,NNE,30,56,30.70,17.50,ok
1,313,2,outdoor,9386,156.43,recovery,closed,closed,morning,NNE,30,56,31.40,17.60,ok
1,314,2,outdoor,9416,156.93,recovery,closed,closed,morning,NNE,30,56,31.60,16.80,ok
1,315,2,outdoor,9446,157.43,recovery,closed,closed,morning,NNE,30,56,31.30,17.10,ok
1,316,2,outdoor,9477,157.95,recovery,closed,closed,morning,NNE,30,56,31.90,17.60,ok
1,317,2,outdoor,9507,158.45,recovery,closed,closed,morning,NNE,30,56,31.80,16.90,ok
1,318,2,outdoor,9537,158.95,recovery,closed,closed,morning,NNE,30,56,30.80,16.70,ok
1,319,2,outdoor,9567,159.45,recovery,closed,closed,morning,NNE,30,56,31.00,17.00,ok
1,320,2,outdoor,9597,159.95,recovery,closed,closed,morning,NNE,30,56,32.50,16.80,ok
1,321,2,outdoor,9627,160.45,recovery,closed,closed,morning,NNE,30,56,33.50,16.10,ok
1,322,2,outdoor,9657,160.95,recovery,closed,closed,morning,NNE,30,56,32.60,16.20,ok
1,323,2,outdoor,9687,161.45,recovery,closed,closed,morning,NNE,30,56,33.50,16.20,ok
1,324,2,outdoor,9717,161.95,recovery,closed,closed,morning,NNE,30,56,34.40,15.80,ok
1,325,2,outdoor,9747,162.45,recovery,closed,closed,morning,NNE,30,56,34.70,15.20,ok
1,326,2,outdoor,9777,162.95,recovery,closed,closed,morning,NNE,30,56,35.20,14.90,ok
1,327,2,outdoor,9807,163.45,recovery,closed,closed,morning,NNE,30,56,34.50,15.70,ok
1,328,2,outdoor,9837,163.95,recovery,closed,closed,morning,NNE,30,56,32.90,16.10,ok
1,329,2,outdoor,9867,164.45,recovery,closed,closed,morning,NNE,30,56,31.60,16.50,ok
1,330,2,outdoor,9897,164.95,recovery,closed,closed,morning,NNE,30,56,31.00,17.10,ok
1,331,2,outdoor,9927,165.45,recovery,closed,closed,morning,NNE,30,56,30.60,17.50,ok
1,332,2,outdoor,9958,165.97,recovery,closed,closed,morning,NNE,30,56,30.80,17.60,ok
1,333,2,outdoor,9988,166.47,recovery,closed,closed,morning,NNE,30,56,30.80,17.60,ok
1,334,2,outdoor,10018,166.97,recovery,closed,closed,morning,NNE,30,56,30.60,18.00,ok
1,335,2,outdoor,10048,167.47,recovery,closed,closed,morning,NNE,30,56,29.90,18.20,ok
1,336,2,outdoor,10078,167.97,recovery,closed,closed,morning,NNE,30,56,29.90,18.40,ok
1,337,2,outdoor,10108,168.47,recovery,closed,closed,morning,NNE,30,56,30.00,18.60,ok
1,338,2,outdoor,10138,168.97,recovery,closed,closed,morning,NNE,30,56,29.70,19.10,ok
1,339,2,outdoor,10168,169.47,recovery,closed,closed,morning,NNE,30,56,29.30,19.30,ok
1,340,2,outdoor,10198,169.97,recovery,closed,closed,morning,NNE,30,56,29.40,19.80,ok
1,341,2,outdoor,10228,170.47,recovery,closed,closed,morning,NNE,30,56,29.70,19.10,ok
1,342,2,outdoor,10258,170.97,recovery,closed,closed,morning,NNE,30,56,29.70,19.40,ok
1,343,2,outdoor,10288,171.47,recovery,closed,closed,morning,NNE,30,56,30.20,19.80,ok
1,344,2,outdoor,10318,171.97,recovery,closed,closed,morning,NNE,30,56,30.00,19.00,ok
1,345,2,outdoor,10348,172.47,recovery,closed,closed,morning,NNE,30,56,29.70,19.00,ok
1,346,2,outdoor,10378,172.97,recovery,closed,closed,morning,NNE,30,56,29.30,19.20,ok
1,347,2,outdoor,10408,173.47,recovery,closed,closed,morning,NNE,30,56,29.10,19.80,ok
1,348,2,outdoor,10439,173.98,recovery,closed,closed,morning,NNE,30,56,29.20,19.30,ok
1,349,2,outdoor,10469,174.48,recovery,closed,closed,morning,NNE,30,56,28.40,19.60,ok
1,350,2,outdoor,10499,174.98,recovery,closed,closed,morning,NNE,30,56,28.80,19.60,ok
1,351,2,outdoor,10529,175.48,recovery,closed,closed,morning,NNE,30,56,29.10,19.60,ok
1,352,2,outdoor,10559,175.98,recovery,closed,closed,morning,NNE,30,56,28.70,20.00,ok
1,353,2,outdoor,10589,176.48,recovery,closed,closed,morning,NNE,30,56,28.90,20.30,ok
1,354,2,outdoor,10619,176.98,recovery,closed,closed,morning,NNE,30,56,28.70,19.80,ok
1,355,2,outdoor,10649,177.48,recovery,closed,closed,morning,NNE,30,56,28.90,19.90,ok
1,356,2,outdoor,10679,177.98,recovery,closed,closed,morning,NNE,30,56,28.80,19.80,ok
1,357,2,outdoor,10709,178.48,recovery,closed,closed,morning,NNE,30,56,29.10,20.00,ok
1,358,2,outdoor,10739,178.98,recovery,closed,closed,morning,NNE,30,56,29.40,20.10,ok
1,359,2,outdoor,10769,179.48,recovery,closed,closed,morning,NNE,30,56,29.70,19.90,ok
1,360,2,outdoor,10799,179.98,recovery,closed,closed,morning,NNE,30,56,29.50,19.70,ok
2,1,1,indoor,17,0.28,baseline,closed,closed,afternoon,NNE,19,39,23.40,53.50,ok
2,2,1,indoor,47,0.78,baseline,closed,closed,afternoon,NNE,19,39,23.40,53.60,ok
2,3,1,indoor,77,1.28,baseline,closed,closed,afternoon,NNE,19,39,23.40,53.70,ok
2,4,1,indoor,107,1.78,baseline,closed,closed,afternoon,NNE,19,39,23.40,53.70,ok
2,5,1,indoor,137,2.28,baseline,closed,closed,afternoon,NNE,19,39,23.40,53.70,ok
2,6,1,indoor,167,2.78,baseline,closed,closed,afternoon,NNE,19,39,23.40,53.80,ok
2,7,1,indoor,197,3.28,baseline,closed,closed,afternoon,NNE,19,39,23.40,53.80,ok
2,8,1,indoor,227,3.78,baseline,closed,closed,afternoon,NNE,19,39,23.40,53.90,ok
2,9,1,indoor,257,4.28,baseline,closed,closed,afternoon,NNE,19,39,23.40,53.80,ok
2,10,1,indoor,287,4.78,baseline,closed,closed,afternoon,NNE,19,39,23.40,53.80,ok
2,11,1,indoor,317,5.28,baseline,closed,closed,afternoon,NNE,19,39,23.40,53.80,ok
2,12,1,indoor,347,5.78,baseline,closed,closed,afternoon,NNE,19,39,23.40,53.80,ok
2,13,1,indoor,377,6.28,baseline,closed,closed,afternoon,NNE,19,39,23.40,53.90,ok
2,14,1,indoor,407,6.78,baseline,closed,closed,afternoon,NNE,19,39,23.40,53.80,ok
2,15,1,indoor,437,7.28,baseline,closed,closed,afternoon,NNE,19,39,23.40,53.70,ok
2,16,1,indoor,467,7.78,baseline,closed,closed,afternoon,NNE,19,39,23.40,53.70,ok
2,17,1,indoor,497,8.28,baseline,closed,closed,afternoon,NNE,19,39,23.40,53.70,ok
2,18,1,indoor,527,8.78,baseline,closed,closed,afternoon,NNE,19,39,23.40,53.80,ok
2,19,1,indoor,557,9.28,baseline,closed,closed,afternoon,NNE,19,39,23.40,53.60,ok
2,20,1,indoor,587,9.78,baseline,closed,closed,afternoon,NNE,19,39,23.40,53.70,ok
2,21,1,indoor,617,10.28,baseline,closed,closed,afternoon,NNE,19,39,23.40,53.70,ok
2,22,1,indoor,647,10.78,baseline,closed,closed,afternoon,NNE,19,39,23.40,53.70,ok
2,23,1,indoor,677,11.28,baseline,closed,closed,afternoon,NNE,19,39,23.40,53.70,ok
2,24,1,indoor,707,11.78,baseline,closed,closed,afternoon,NNE,19,39,23.40,53.80,ok
2,25,1,indoor,737,12.28,baseline,closed,closed,afternoon,NNE,19,39,23.50,53.80,ok
2,26,1,indoor,767,12.78,baseline,closed,closed,afternoon,NNE,19,39,23.50,53.80,ok
2,27,1,indoor,797,13.28,baseline,closed,closed,afternoon,NNE,19,39,23.50,53.80,ok
2,28,1,indoor,827,13.78,baseline,closed,closed,afternoon,NNE,19,39,23.50,53.80,ok
2,29,1,indoor,857,14.28,baseline,closed,closed,afternoon,NNE,19,39,23.50,53.70,ok
2,30,1,indoor,887,14.78,baseline,closed,closed,afternoon,NNE,19,39,23.50,53.70,ok
2,31,1,indoor,917,15.28,baseline,closed,closed,afternoon,NNE,19,39,23.50,53.70,ok
2,32,1,indoor,947,15.78,baseline,closed,closed,afternoon,NNE,19,39,23.50,53.70,ok
2,33,1,indoor,977,16.28,baseline,closed,closed,afternoon,NNE,19,39,23.50,53.70,ok
2,34,1,indoor,1007,16.78,baseline,closed,closed,afternoon,NNE,19,39,23.50,53.70,ok
2,35,1,indoor,1037,17.28,baseline,closed,closed,afternoon,NNE,19,39,23.50,53.90,ok
2,36,1,indoor,1067,17.78,baseline,closed,closed,afternoon,NNE,19,39,23.50,54.00,ok
2,37,1,indoor,1097,18.28,baseline,closed,closed,afternoon,NNE,19,39,23.60,53.90,ok
2,38,1,indoor,1127,18.78,baseline,closed,closed,afternoon,NNE,19,39,23.60,53.90,ok
2,39,1,indoor,1157,19.28,baseline,closed,closed,afternoon,NNE,19,39,23.60,54.00,ok
2,40,1,indoor,1187,19.78,baseline,closed,closed,afternoon,NNE,19,39,23.60,54.00,ok
2,41,1,indoor,1217,20.28,baseline,closed,closed,afternoon,NNE,19,39,23.60,54.00,ok
2,42,1,indoor,1247,20.78,baseline,closed,closed,afternoon,NNE,19,39,23.60,54.20,ok
2,43,1,indoor,1277,21.28,baseline,closed,closed,afternoon,NNE,19,39,23.60,54.20,ok
2,44,1,indoor,1307,21.78,baseline,closed,closed,afternoon,NNE,19,39,23.60,54.30,ok
2,45,1,indoor,1337,22.28,baseline,closed,closed,afternoon,NNE,19,39,23.70,54.30,ok
2,46,1,indoor,1367,22.78,baseline,closed,closed,afternoon,NNE,19,39,23.70,54.30,ok
2,47,1,indoor,1397,23.28,baseline,closed,closed,afternoon,NNE,19,39,23.70,54.30,ok
2,48,1,indoor,1427,23.78,baseline,closed,closed,afternoon,NNE,19,39,23.70,54.40,ok
2,49,1,indoor,1457,24.28,baseline,closed,closed,afternoon,NNE,19,39,23.70,54.40,ok
2,50,1,indoor,1487,24.78,baseline,closed,closed,afternoon,NNE,19,39,23.80,54.40,ok
2,51,1,indoor,1517,25.28,baseline,closed,closed,afternoon,NNE,19,39,23.80,54.50,ok
2,52,1,indoor,1547,25.78,baseline,closed,closed,afternoon,NNE,19,39,23.80,54.60,ok
2,53,1,indoor,1577,26.28,baseline,closed,closed,afternoon,NNE,19,39,23.80,54.70,ok
2,54,1,indoor,1607,26.78,baseline,closed,closed,afternoon,NNE,19,39,23.80,54.70,ok
2,55,1,indoor,1637,27.28,baseline,closed,closed,afternoon,NNE,19,39,23.80,54.80,ok
2,56,1,indoor,1667,27.78,baseline,closed,closed,afternoon,NNE,19,39,23.80,54.80,ok
2,57,1,indoor,1697,28.28,baseline,closed,closed,afternoon,NNE,19,39,23.80,54.70,ok
2,58,1,indoor,1727,28.78,baseline,closed,closed,afternoon,NNE,19,39,23.80,54.80,ok
2,59,1,indoor,1757,29.28,baseline,closed,closed,afternoon,NNE,19,39,23.80,54.70,ok
2,60,1,indoor,1787,29.78,baseline,closed,closed,afternoon,NNE,19,39,23.80,54.70,ok
2,61,1,indoor,1817,30.28,baseline,closed,closed,afternoon,NNE,19,39,23.80,54.90,ok
2,62,1,indoor,1847,30.78,baseline,closed,closed,afternoon,NNE,19,39,23.90,55.00,ok
2,63,1,indoor,1877,31.28,baseline,closed,closed,afternoon,NNE,19,39,23.90,54.90,ok
2,64,1,indoor,1907,31.78,baseline,closed,closed,afternoon,NNE,19,39,23.90,55.00,ok
2,65,1,indoor,1937,32.28,baseline,closed,closed,afternoon,NNE,19,39,23.90,55.10,ok
2,66,1,indoor,1967,32.78,baseline,closed,closed,afternoon,NNE,19,39,23.90,55.10,ok
2,67,1,indoor,1997,33.28,baseline,closed,closed,afternoon,NNE,19,39,23.90,55.20,ok
2,68,1,indoor,2027,33.78,baseline,closed,closed,afternoon,NNE,19,39,23.90,55.40,ok
2,69,1,indoor,2057,34.28,baseline,closed,closed,afternoon,NNE,19,39,23.90,55.50,ok
2,70,1,indoor,2087,34.78,baseline,closed,closed,afternoon,NNE,19,39,23.90,55.50,ok
2,71,1,indoor,2117,35.28,baseline,closed,closed,afternoon,NNE,19,39,23.90,55.50,ok
2,72,1,indoor,2147,35.78,baseline,closed,closed,afternoon,NNE,19,39,23.90,55.50,ok
2,73,1,indoor,2177,36.28,baseline,closed,closed,afternoon,NNE,19,39,23.90,55.50,ok
2,74,1,indoor,2207,36.78,baseline,closed,closed,afternoon,NNE,19,39,23.90,55.60,ok
2,75,1,indoor,2237,37.28,baseline,closed,closed,afternoon,NNE,19,39,23.90,55.50,ok
2,76,1,indoor,2267,37.78,baseline,closed,closed,afternoon,NNE,19,39,23.90,55.60,ok
2,77,1,indoor,2297,38.28,baseline,closed,closed,afternoon,NNE,19,39,23.90,55.60,ok
2,78,1,indoor,2327,38.78,baseline,closed,closed,afternoon,NNE,19,39,23.90,55.70,ok
2,79,1,indoor,2357,39.28,baseline,closed,closed,afternoon,NNE,19,39,24.00,55.70,ok
2,80,1,indoor,2387,39.78,baseline,closed,closed,afternoon,NNE,19,39,24.00,55.70,ok
2,81,1,indoor,2417,40.28,baseline,closed,closed,afternoon,NNE,19,39,24.00,55.70,ok
2,82,1,indoor,2447,40.78,baseline,closed,closed,afternoon,NNE,19,39,24.00,55.70,ok
2,83,1,indoor,2477,41.28,baseline,closed,closed,afternoon,NNE,19,39,24.00,55.70,ok
2,84,1,indoor,2507,41.78,baseline,closed,closed,afternoon,NNE,19,39,24.00,55.80,ok
2,85,1,indoor,2537,42.28,baseline,closed,closed,afternoon,NNE,19,39,24.00,55.80,ok
2,86,1,indoor,2567,42.78,baseline,closed,closed,afternoon,NNE,19,39,24.00,55.80,ok
2,87,1,indoor,2597,43.28,baseline,closed,closed,afternoon,NNE,19,39,24.00,55.90,ok
2,88,1,indoor,2627,43.78,baseline,closed,closed,afternoon,NNE,19,39,24.00,55.90,ok
2,89,1,indoor,2657,44.28,baseline,closed,closed,afternoon,NNE,19,39,24.00,55.60,ok
2,90,1,indoor,2687,44.78,baseline,closed,closed,afternoon,NNE,19,39,24.00,55.50,ok
2,91,1,indoor,2717,45.28,baseline,closed,closed,afternoon,NNE,19,39,24.00,55.40,ok
2,92,1,indoor,2747,45.78,baseline,closed,closed,afternoon,NNE,19,39,24.00,55.40,ok
2,93,1,indoor,2777,46.28,baseline,closed,closed,afternoon,NNE,19,39,24.00,55.40,ok
2,94,1,indoor,2807,46.78,baseline,closed,closed,afternoon,NNE,19,39,24.00,55.40,ok
2,95,1,indoor,2837,47.28,baseline,closed,closed,afternoon,NNE,19,39,24.10,55.50,ok
2,96,1,indoor,2867,47.78,baseline,closed,closed,afternoon,NNE,19,39,24.10,55.60,ok
2,97,1,indoor,2897,48.28,baseline,closed,closed,afternoon,NNE,19,39,24.10,55.70,ok
2,98,1,indoor,2927,48.78,baseline,closed,closed,afternoon,NNE,19,39,24.10,55.90,ok
2,99,1,indoor,2957,49.28,baseline,closed,closed,afternoon,NNE,19,39,24.10,55.90,ok
2,100,1,indoor,2987,49.78,baseline,closed,closed,afternoon,NNE,19,39,24.10,55.90,ok
2,101,1,indoor,3017,50.28,baseline,closed,closed,afternoon,NNE,19,39,24.10,55.70,ok
2,102,1,indoor,3047,50.78,baseline,closed,closed,afternoon,NNE,19,39,24.10,55.70,ok
2,103,1,indoor,3077,51.28,baseline,closed,closed,afternoon,NNE,19,39,24.10,55.90,ok
2,104,1,indoor,3107,51.78,baseline,closed,closed,afternoon,NNE,19,39,24.10,56.00,ok
2,105,1,indoor,3137,52.28,baseline,closed,closed,afternoon,NNE,19,39,24.20,56.00,ok
2,106,1,indoor,3167,52.78,baseline,closed,closed,afternoon,NNE,19,39,24.20,56.10,ok
2,107,1,indoor,3197,53.28,baseline,closed,closed,afternoon,NNE,19,39,24.20,56.10,ok
2,108,1,indoor,3227,53.78,baseline,closed,closed,afternoon,NNE,19,39,24.20,56.10,ok
2,109,1,indoor,3257,54.28,baseline,closed,closed,afternoon,NNE,19,39,24.20,56.30,ok
2,110,1,indoor,3287,54.78,baseline,closed,closed,afternoon,NNE,19,39,24.20,56.20,ok
2,111,1,indoor,3317,55.28,baseline,closed,closed,afternoon,NNE,19,39,24.20,56.30,ok
2,112,1,indoor,3348,55.80,baseline,closed,closed,afternoon,NNE,19,39,24.20,56.30,ok
2,113,1,indoor,3378,56.30,baseline,closed,closed,afternoon,NNE,19,39,24.20,56.30,ok
2,114,1,indoor,3408,56.80,baseline,closed,closed,afternoon,NNE,19,39,24.20,56.40,ok
2,115,1,indoor,3438,57.30,baseline,closed,closed,afternoon,NNE,19,39,24.20,56.40,ok
2,116,1,indoor,3468,57.80,baseline,closed,closed,afternoon,NNE,19,39,24.20,56.40,ok
2,117,1,indoor,3498,58.30,baseline,closed,closed,afternoon,NNE,19,39,24.20,56.40,ok
2,118,1,indoor,3528,58.80,baseline,closed,closed,afternoon,NNE,19,39,24.20,56.50,ok
2,119,1,indoor,3558,59.30,baseline,closed,closed,afternoon,NNE,19,39,24.20,56.40,ok
2,120,1,indoor,3588,59.80,baseline,closed,closed,afternoon,NNE,19,39,24.20,56.40,ok
2,121,1,indoor,3618,60.30,window_open,open,closed,afternoon,NNE,19,39,24.20,56.40,ok
2,122,1,indoor,3648,60.80,window_open,open,closed,afternoon,NNE,19,39,24.20,56.40,ok
2,123,1,indoor,3678,61.30,window_open,open,closed,afternoon,NNE,19,39,24.20,56.50,ok
2,124,1,indoor,3708,61.80,window_open,open,closed,afternoon,NNE,19,39,24.20,56.40,ok
2,125,1,indoor,3738,62.30,window_open,open,closed,afternoon,NNE,19,39,24.20,56.60,ok
2,126,1,indoor,3768,62.80,window_open,open,closed,afternoon,NNE,19,39,24.30,56.60,ok
2,127,1,indoor,3798,63.30,window_open,open,closed,afternoon,NNE,19,39,24.30,56.70,ok
2,128,1,indoor,3828,63.80,window_open,open,closed,afternoon,NNE,19,39,24.30,56.70,ok
2,129,1,indoor,3858,64.30,window_open,open,closed,afternoon,NNE,19,39,24.30,56.60,ok
2,130,1,indoor,3888,64.80,window_open,open,closed,afternoon,NNE,19,39,24.30,56.40,ok
2,131,1,indoor,3918,65.30,window_open,open,closed,afternoon,NNE,19,39,24.30,56.30,ok
2,132,1,indoor,3948,65.80,window_open,open,closed,afternoon,NNE,19,39,24.30,56.40,ok
2,133,1,indoor,3978,66.30,window_open,open,closed,afternoon,NNE,19,39,24.30,56.20,ok
2,134,1,indoor,4008,66.80,window_open,open,closed,afternoon,NNE,19,39,24.40,56.00,ok
2,135,1,indoor,4038,67.30,window_open,open,closed,afternoon,NNE,19,39,24.30,55.80,ok
2,136,1,indoor,4068,67.80,window_open,open,closed,afternoon,NNE,19,39,24.40,55.30,ok
2,137,1,indoor,4098,68.30,window_open,open,closed,afternoon,NNE,19,39,24.40,54.90,ok
2,138,1,indoor,4128,68.80,window_open,open,closed,afternoon,NNE,19,39,24.40,54.70,ok
2,139,1,indoor,4158,69.30,window_open,open,closed,afternoon,NNE,19,39,24.40,54.30,ok
2,140,1,indoor,4188,69.80,window_open,open,closed,afternoon,NNE,19,39,24.40,53.90,ok
2,141,1,indoor,4223,70.38,window_open,open,closed,afternoon,NNE,19,39,24.50,53.50,ok
2,142,1,indoor,4248,70.80,window_open,open,closed,afternoon,NNE,19,39,24.50,53.30,ok
2,143,1,indoor,4278,71.30,window_open,open,closed,afternoon,NNE,19,39,24.50,53.00,ok
2,144,1,indoor,4308,71.80,window_open,open,closed,afternoon,NNE,19,39,24.50,53.00,ok
2,145,1,indoor,4338,72.30,window_open,open,closed,afternoon,NNE,19,39,24.50,52.50,ok
2,146,1,indoor,4368,72.80,window_open,open,closed,afternoon,NNE,19,39,24.50,52.70,ok
2,147,1,indoor,4398,73.30,window_open,open,closed,afternoon,NNE,19,39,24.50,51.80,ok
2,148,1,indoor,4428,73.80,window_open,open,closed,afternoon,NNE,19,39,24.60,51.70,ok
2,149,1,indoor,4458,74.30,window_open,open,closed,afternoon,NNE,19,39,24.60,51.70,ok
2,150,1,indoor,4488,74.80,window_open,open,closed,afternoon,NNE,19,39,24.60,51.50,ok
2,151,1,indoor,4518,75.30,window_open,open,closed,afternoon,NNE,19,39,24.60,51.50,ok
2,152,1,indoor,4548,75.80,window_open,open,closed,afternoon,NNE,19,39,24.60,51.10,ok
2,153,1,indoor,4578,76.30,window_open,open,closed,afternoon,NNE,19,39,24.60,51.00,ok
2,154,1,indoor,4608,76.80,window_open,open,closed,afternoon,NNE,19,39,24.60,51.10,ok
2,155,1,indoor,4638,77.30,window_open,open,closed,afternoon,NNE,19,39,24.60,50.80,ok
2,156,1,indoor,4668,77.80,window_open,open,closed,afternoon,NNE,19,39,24.60,50.80,ok
2,157,1,indoor,4698,78.30,window_open,open,closed,afternoon,NNE,19,39,24.60,50.70,ok
2,158,1,indoor,4728,78.80,window_open,open,closed,afternoon,NNE,19,39,24.60,50.70,ok
2,159,1,indoor,4758,79.30,window_open,open,closed,afternoon,NNE,19,39,24.60,50.60,ok
2,160,1,indoor,4788,79.80,window_open,open,closed,afternoon,NNE,19,39,24.60,50.60,ok
2,161,1,indoor,4818,80.30,window_open,open,closed,afternoon,NNE,19,39,24.60,50.60,ok
2,162,1,indoor,4848,80.80,window_open,open,closed,afternoon,NNE,19,39,24.60,50.30,ok
2,163,1,indoor,4878,81.30,window_open,open,closed,afternoon,NNE,19,39,24.60,50.30,ok
2,164,1,indoor,4908,81.80,window_open,open,closed,afternoon,NNE,19,39,24.60,50.40,ok
2,165,1,indoor,4938,82.30,window_open,open,closed,afternoon,NNE,19,39,24.60,50.10,ok
2,166,1,indoor,4968,82.80,window_open,open,closed,afternoon,NNE,19,39,24.60,50.20,ok
2,167,1,indoor,4998,83.30,window_open,open,closed,afternoon,NNE,19,39,24.60,50.20,ok
2,168,1,indoor,5028,83.80,window_open,open,closed,afternoon,NNE,19,39,24.60,50.10,ok
2,169,1,indoor,5058,84.30,window_open,open,closed,afternoon,NNE,19,39,24.70,50.00,ok
2,170,1,indoor,5088,84.80,window_open,open,closed,afternoon,NNE,19,39,24.70,50.10,ok
2,171,1,indoor,5118,85.30,window_open,open,closed,afternoon,NNE,19,39,24.70,49.90,ok
2,172,1,indoor,5148,85.80,window_open,open,closed,afternoon,NNE,19,39,24.70,49.70,ok
2,173,1,indoor,5178,86.30,window_open,open,closed,afternoon,NNE,19,39,24.70,49.60,ok
2,174,1,indoor,5208,86.80,window_open,open,closed,afternoon,NNE,19,39,24.70,49.60,ok
2,175,1,indoor,5238,87.30,window_open,open,closed,afternoon,NNE,19,39,24.70,49.40,ok
2,176,1,indoor,5268,87.80,window_open,open,closed,afternoon,NNE,19,39,24.80,49.30,ok
2,177,1,indoor,5298,88.30,window_open,open,closed,afternoon,NNE,19,39,24.80,49.60,ok
2,178,1,indoor,5328,88.80,window_open,open,closed,afternoon,NNE,19,39,24.80,49.30,ok
2,179,1,indoor,5358,89.30,window_open,open,closed,afternoon,NNE,19,39,24.80,49.00,ok
2,180,1,indoor,5388,89.80,window_open,open,closed,afternoon,NNE,19,39,24.80,48.80,ok
2,181,1,indoor,5418,90.30,window_open,open,closed,afternoon,NNE,19,39,24.80,48.90,ok
2,182,1,indoor,5448,90.80,window_open,open,closed,afternoon,NNE,19,39,24.80,48.60,ok
2,183,1,indoor,5478,91.30,window_open,open,closed,afternoon,NNE,19,39,24.90,48.60,ok
2,184,1,indoor,5508,91.80,window_open,open,closed,afternoon,NNE,19,39,24.80,48.60,ok
2,185,1,indoor,5538,92.30,window_open,open,closed,afternoon,NNE,19,39,24.90,48.60,ok
2,186,1,indoor,5568,92.80,window_open,open,closed,afternoon,NNE,19,39,24.90,48.70,ok
2,187,1,indoor,5598,93.30,window_open,open,closed,afternoon,NNE,19,39,24.80,48.60,ok
2,188,1,indoor,5628,93.80,window_open,open,closed,afternoon,NNE,19,39,24.80,48.60,ok
2,189,1,indoor,5658,94.30,window_open,open,closed,afternoon,NNE,19,39,24.90,48.30,ok
2,190,1,indoor,5688,94.80,window_open,open,closed,afternoon,NNE,19,39,24.90,48.30,ok
2,191,1,indoor,5718,95.30,window_open,open,closed,afternoon,NNE,19,39,24.90,48.20,ok
2,192,1,indoor,5748,95.80,window_open,open,closed,afternoon,NNE,19,39,25.10,47.50,ok
2,193,1,indoor,5778,96.30,window_open,open,closed,afternoon,NNE,19,39,25.00,47.30,ok
2,194,1,indoor,5808,96.80,window_open,open,closed,afternoon,NNE,19,39,25.10,47.00,ok
2,195,1,indoor,5838,97.30,window_open,open,closed,afternoon,NNE,19,39,25.10,47.30,ok
2,196,1,indoor,5868,97.80,window_open,open,closed,afternoon,NNE,19,39,25.10,47.30,ok
2,197,1,indoor,5898,98.30,window_open,open,closed,afternoon,NNE,19,39,25.10,47.20,ok
2,198,1,indoor,5928,98.80,window_open,open,closed,afternoon,NNE,19,39,25.10,47.30,ok
2,199,1,indoor,5958,99.30,window_open,open,closed,afternoon,NNE,19,39,25.00,47.50,ok
2,200,1,indoor,5988,99.80,window_open,open,closed,afternoon,NNE,19,39,25.10,47.70,ok
2,201,1,indoor,6018,100.30,window_open,open,closed,afternoon,NNE,19,39,25.10,47.60,ok
2,202,1,indoor,6048,100.80,window_open,open,closed,afternoon,NNE,19,39,25.00,47.60,ok
2,203,1,indoor,6078,101.30,window_open,open,closed,afternoon,NNE,19,39,25.10,47.70,ok
2,204,1,indoor,6108,101.80,window_open,open,closed,afternoon,NNE,19,39,25.10,47.60,ok
2,205,1,indoor,6138,102.30,window_open,open,closed,afternoon,NNE,19,39,25.10,47.60,ok
2,206,1,indoor,6168,102.80,window_open,open,closed,afternoon,NNE,19,39,25.10,47.60,ok
2,207,1,indoor,6198,103.30,window_open,open,closed,afternoon,NNE,19,39,25.10,47.70,ok
2,208,1,indoor,6228,103.80,window_open,open,closed,afternoon,NNE,19,39,25.10,47.10,ok
2,209,1,indoor,6258,104.30,window_open,open,closed,afternoon,NNE,19,39,25.10,47.70,ok
2,210,1,indoor,6288,104.80,window_open,open,closed,afternoon,NNE,19,39,25.10,47.90,ok
2,211,1,indoor,6318,105.30,window_open,open,closed,afternoon,NNE,19,39,25.10,47.70,ok
2,212,1,indoor,6348,105.80,window_open,open,closed,afternoon,NNE,19,39,25.00,49.40,ok
2,213,1,indoor,6378,106.30,window_open,open,closed,afternoon,NNE,19,39,25.00,50.50,ok
2,214,1,indoor,6408,106.80,window_open,open,closed,afternoon,NNE,19,39,25.00,50.60,ok
2,215,1,indoor,6438,107.30,window_open,open,closed,afternoon,NNE,19,39,24.90,50.50,ok
2,216,1,indoor,6468,107.80,window_open,open,closed,afternoon,NNE,19,39,24.80,50.20,ok
2,217,1,indoor,6498,108.30,window_open,open,closed,afternoon,NNE,19,39,24.80,49.80,ok
2,218,1,indoor,6528,108.80,window_open,open,closed,afternoon,NNE,19,39,24.80,49.30,ok
2,219,1,indoor,6558,109.30,window_open,open,closed,afternoon,NNE,19,39,24.90,48.90,ok
2,220,1,indoor,6588,109.80,window_open,open,closed,afternoon,NNE,19,39,24.80,48.80,ok
2,221,1,indoor,6618,110.30,window_open,open,closed,afternoon,NNE,19,39,24.90,47.90,ok
2,222,1,indoor,6648,110.80,window_open,open,closed,afternoon,NNE,19,39,24.90,48.00,ok
2,223,1,indoor,6678,111.30,window_open,open,closed,afternoon,NNE,19,39,24.90,48.60,ok
2,224,1,indoor,6708,111.80,window_open,open,closed,afternoon,NNE,19,39,24.90,48.70,ok
2,225,1,indoor,6738,112.30,window_open,open,closed,afternoon,NNE,19,39,24.80,48.50,ok
2,226,1,indoor,6768,112.80,window_open,open,closed,afternoon,NNE,19,39,24.80,49.60,ok
2,227,1,indoor,6798,113.30,window_open,open,closed,afternoon,NNE,19,39,24.80,49.40,ok
2,228,1,indoor,6828,113.80,window_open,open,closed,afternoon,NNE,19,39,24.80,49.50,ok
2,229,1,indoor,6858,114.30,window_open,open,closed,afternoon,NNE,19,39,24.80,49.80,ok
2,230,1,indoor,6888,114.80,window_open,open,closed,afternoon,NNE,19,39,24.80,50.00,ok
2,231,1,indoor,6918,115.30,window_open,open,closed,afternoon,NNE,19,39,24.80,50.20,ok
2,232,1,indoor,6948,115.80,window_open,open,closed,afternoon,NNE,19,39,24.70,50.50,ok
2,233,1,indoor,6978,116.30,window_open,open,closed,afternoon,NNE,19,39,24.80,49.90,ok
2,234,1,indoor,7008,116.80,window_open,open,closed,afternoon,NNE,19,39,24.80,49.10,ok
2,235,1,indoor,7038,117.30,window_open,open,closed,afternoon,NNE,19,39,24.80,49.30,ok
2,236,1,indoor,7068,117.80,window_open,open,closed,afternoon,NNE,19,39,24.80,49.00,ok
2,237,1,indoor,7098,118.30,window_open,open,closed,afternoon,NNE,19,39,24.80,49.10,ok
2,238,1,indoor,7128,118.80,window_open,open,closed,afternoon,NNE,19,39,24.80,49.30,ok
2,239,1,indoor,7158,119.30,window_open,open,closed,afternoon,NNE,19,39,24.70,49.10,ok
2,240,1,indoor,7188,119.80,window_open,open,closed,afternoon,NNE,19,39,24.70,49.10,ok
2,241,1,indoor,7218,120.30,recovery,closed,closed,afternoon,NNE,19,39,24.70,49.40,ok
2,242,1,indoor,7248,120.80,recovery,closed,closed,afternoon,NNE,19,39,24.70,50.20,ok
2,243,1,indoor,7278,121.30,recovery,closed,closed,afternoon,NNE,19,39,24.60,49.90,ok
2,244,1,indoor,7308,121.80,recovery,closed,closed,afternoon,NNE,19,39,24.60,50.40,ok
2,245,1,indoor,7338,122.30,recovery,closed,closed,afternoon,NNE,19,39,24.60,50.60,ok
2,246,1,indoor,7368,122.80,recovery,closed,closed,afternoon,NNE,19,39,24.60,50.80,ok
2,247,1,indoor,7398,123.30,recovery,closed,closed,afternoon,NNE,19,39,24.60,50.90,ok
2,248,1,indoor,7428,123.80,recovery,closed,closed,afternoon,NNE,19,39,24.60,51.10,ok
2,249,1,indoor,7458,124.30,recovery,closed,closed,afternoon,NNE,19,39,24.60,51.20,ok
2,250,1,indoor,7488,124.80,recovery,closed,closed,afternoon,NNE,19,39,24.60,51.10,ok
2,251,1,indoor,7518,125.30,recovery,closed,closed,afternoon,NNE,19,39,24.60,50.90,ok
2,252,1,indoor,7548,125.80,recovery,closed,closed,afternoon,NNE,19,39,24.60,50.80,ok
2,253,1,indoor,7578,126.30,recovery,closed,closed,afternoon,NNE,19,39,24.70,50.90,ok
2,254,1,indoor,7608,126.80,recovery,closed,closed,afternoon,NNE,19,39,24.70,51.40,ok
2,255,1,indoor,7638,127.30,recovery,closed,closed,afternoon,NNE,19,39,24.70,51.30,ok
2,256,1,indoor,7668,127.80,recovery,closed,closed,afternoon,NNE,19,39,24.70,51.10,ok
2,257,1,indoor,7698,128.30,recovery,closed,closed,afternoon,NNE,19,39,24.70,51.10,ok
2,258,1,indoor,7728,128.80,recovery,closed,closed,afternoon,NNE,19,39,24.70,51.10,ok
2,259,1,indoor,7758,129.30,recovery,closed,closed,afternoon,NNE,19,39,24.70,51.10,ok
2,260,1,indoor,7788,129.80,recovery,closed,closed,afternoon,NNE,19,39,24.70,51.10,ok
2,261,1,indoor,7818,130.30,recovery,closed,closed,afternoon,NNE,19,39,24.70,51.10,ok
2,262,1,indoor,7848,130.80,recovery,closed,closed,afternoon,NNE,19,39,24.70,51.10,ok
2,263,1,indoor,7878,131.30,recovery,closed,closed,afternoon,NNE,19,39,24.70,51.00,ok
2,264,1,indoor,7908,131.80,recovery,closed,closed,afternoon,NNE,19,39,24.70,51.00,ok
2,265,1,indoor,7938,132.30,recovery,closed,closed,afternoon,NNE,19,39,24.70,51.00,ok
2,266,1,indoor,7968,132.80,recovery,closed,closed,afternoon,NNE,19,39,24.70,51.00,ok
2,267,1,indoor,7998,133.30,recovery,closed,closed,afternoon,NNE,19,39,24.70,50.80,ok
2,268,1,indoor,8028,133.80,recovery,closed,closed,afternoon,NNE,19,39,24.70,50.80,ok
2,269,1,indoor,8058,134.30,recovery,closed,closed,afternoon,NNE,19,39,24.70,50.80,ok
2,270,1,indoor,8088,134.80,recovery,closed,closed,afternoon,NNE,19,39,24.70,50.80,ok
2,271,1,indoor,8118,135.30,recovery,closed,closed,afternoon,NNE,19,39,24.70,50.60,ok
2,272,1,indoor,8148,135.80,recovery,closed,closed,afternoon,NNE,19,39,24.70,50.60,ok
2,273,1,indoor,8178,136.30,recovery,closed,closed,afternoon,NNE,19,39,24.80,50.70,ok
2,274,1,indoor,8208,136.80,recovery,closed,closed,afternoon,NNE,19,39,24.70,51.00,ok
2,275,1,indoor,8238,137.30,recovery,closed,closed,afternoon,NNE,19,39,24.80,51.00,ok
2,276,1,indoor,8268,137.80,recovery,closed,closed,afternoon,NNE,19,39,24.70,51.20,ok
2,277,1,indoor,8298,138.30,recovery,closed,closed,afternoon,NNE,19,39,24.80,51.20,ok
2,278,1,indoor,8328,138.80,recovery,closed,closed,afternoon,NNE,19,39,24.70,51.00,ok
2,279,1,indoor,8358,139.30,recovery,closed,closed,afternoon,NNE,19,39,24.80,51.20,ok
2,280,1,indoor,8388,139.80,recovery,closed,closed,afternoon,NNE,19,39,24.80,51.20,ok
2,281,1,indoor,8418,140.30,recovery,closed,closed,afternoon,NNE,19,39,24.80,51.20,ok
2,282,1,indoor,8448,140.80,recovery,closed,closed,afternoon,NNE,19,39,24.80,51.20,ok
2,283,1,indoor,8478,141.30,recovery,closed,closed,afternoon,NNE,19,39,24.80,51.20,ok
2,284,1,indoor,8508,141.80,recovery,closed,closed,afternoon,NNE,19,39,24.80,51.20,ok
2,285,1,indoor,8538,142.30,recovery,closed,closed,afternoon,NNE,19,39,24.80,51.30,ok
2,286,1,indoor,8568,142.80,recovery,closed,closed,afternoon,NNE,19,39,24.80,51.40,ok
2,287,1,indoor,8598,143.30,recovery,closed,closed,afternoon,NNE,19,39,24.80,51.40,ok
2,288,1,indoor,8628,143.80,recovery,closed,closed,afternoon,NNE,19,39,24.80,51.50,ok
2,289,1,indoor,8658,144.30,recovery,closed,closed,afternoon,NNE,19,39,24.80,51.70,ok
2,290,1,indoor,8688,144.80,recovery,closed,closed,afternoon,NNE,19,39,24.80,51.80,ok
2,291,1,indoor,8718,145.30,recovery,closed,closed,afternoon,NNE,19,39,24.80,51.90,ok
2,292,1,indoor,8748,145.80,recovery,closed,closed,afternoon,NNE,19,39,24.80,52.00,ok
2,293,1,indoor,8778,146.30,recovery,closed,closed,afternoon,NNE,19,39,24.80,51.80,ok
2,294,1,indoor,8808,146.80,recovery,closed,closed,afternoon,NNE,19,39,24.80,51.90,ok
2,295,1,indoor,8838,147.30,recovery,closed,closed,afternoon,NNE,19,39,24.80,51.90,ok
2,296,1,indoor,8868,147.80,recovery,closed,closed,afternoon,NNE,19,39,24.80,52.00,ok
2,297,1,indoor,8898,148.30,recovery,closed,closed,afternoon,NNE,19,39,24.80,52.00,ok
2,298,1,indoor,8928,148.80,recovery,closed,closed,afternoon,NNE,19,39,24.80,52.10,ok
2,299,1,indoor,8958,149.30,recovery,closed,closed,afternoon,NNE,19,39,24.80,52.10,ok
2,300,1,indoor,8988,149.80,recovery,closed,closed,afternoon,NNE,19,39,24.80,52.10,ok
2,301,1,indoor,9018,150.30,recovery,closed,closed,afternoon,NNE,19,39,24.80,52.10,ok
2,302,1,indoor,9048,150.80,recovery,closed,closed,afternoon,NNE,19,39,24.80,52.10,ok
2,303,1,indoor,9078,151.30,recovery,closed,closed,afternoon,NNE,19,39,24.80,52.10,ok
2,304,1,indoor,9108,151.80,recovery,closed,closed,afternoon,NNE,19,39,24.80,52.20,ok
2,305,1,indoor,9138,152.30,recovery,closed,closed,afternoon,NNE,19,39,24.80,52.30,ok
2,306,1,indoor,9168,152.80,recovery,closed,closed,afternoon,NNE,19,39,24.80,52.20,ok
2,307,1,indoor,9198,153.30,recovery,closed,closed,afternoon,NNE,19,39,24.80,52.30,ok
2,308,1,indoor,9228,153.80,recovery,closed,closed,afternoon,NNE,19,39,24.80,52.30,ok
2,309,1,indoor,9258,154.30,recovery,closed,closed,afternoon,NNE,19,39,24.80,52.30,ok
2,310,1,indoor,9288,154.80,recovery,closed,closed,afternoon,NNE,19,39,24.80,52.30,ok
2,311,1,indoor,9318,155.30,recovery,closed,closed,afternoon,NNE,19,39,24.80,52.40,ok
2,312,1,indoor,9348,155.80,recovery,closed,closed,afternoon,NNE,19,39,24.80,52.40,ok
2,313,1,indoor,9378,156.30,recovery,closed,closed,afternoon,NNE,19,39,24.80,52.40,ok
2,314,1,indoor,9408,156.80,recovery,closed,closed,afternoon,NNE,19,39,24.80,52.40,ok
2,315,1,indoor,9438,157.30,recovery,closed,closed,afternoon,NNE,19,39,24.80,52.40,ok
2,316,1,indoor,9468,157.80,recovery,closed,closed,afternoon,NNE,19,39,24.80,52.40,ok
2,317,1,indoor,9498,158.30,recovery,closed,closed,afternoon,NNE,19,39,24.70,52.50,ok
2,318,1,indoor,9528,158.80,recovery,closed,closed,afternoon,NNE,19,39,24.80,52.50,ok
2,319,1,indoor,9558,159.30,recovery,closed,closed,afternoon,NNE,19,39,24.70,52.50,ok
2,320,1,indoor,9588,159.80,recovery,closed,closed,afternoon,NNE,19,39,24.70,52.50,ok
2,321,1,indoor,9618,160.30,recovery,closed,closed,afternoon,NNE,19,39,24.80,52.40,ok
2,322,1,indoor,9648,160.80,recovery,closed,closed,afternoon,NNE,19,39,24.70,52.50,ok
2,323,1,indoor,9678,161.30,recovery,closed,closed,afternoon,NNE,19,39,24.70,52.50,ok
2,324,1,indoor,9708,161.80,recovery,closed,closed,afternoon,NNE,19,39,24.80,52.50,ok
2,325,1,indoor,9738,162.30,recovery,closed,closed,afternoon,NNE,19,39,24.70,52.60,ok
2,326,1,indoor,9768,162.80,recovery,closed,closed,afternoon,NNE,19,39,24.70,52.60,ok
2,327,1,indoor,9798,163.30,recovery,closed,closed,afternoon,NNE,19,39,24.70,52.60,ok
2,328,1,indoor,9828,163.80,recovery,closed,closed,afternoon,NNE,19,39,24.70,52.60,ok
2,329,1,indoor,9858,164.30,recovery,closed,closed,afternoon,NNE,19,39,24.70,52.60,ok
2,330,1,indoor,9888,164.80,recovery,closed,closed,afternoon,NNE,19,39,24.70,52.60,ok
2,331,1,indoor,9918,165.30,recovery,closed,closed,afternoon,NNE,19,39,24.70,52.60,ok
2,332,1,indoor,9948,165.80,recovery,closed,closed,afternoon,NNE,19,39,24.70,52.60,ok
2,333,1,indoor,9978,166.30,recovery,closed,closed,afternoon,NNE,19,39,24.70,52.70,ok
2,334,1,indoor,10008,166.80,recovery,closed,closed,afternoon,NNE,19,39,24.70,52.70,ok
2,335,1,indoor,10038,167.30,recovery,closed,closed,afternoon,NNE,19,39,24.70,52.70,ok
2,336,1,indoor,10068,167.80,recovery,closed,closed,afternoon,NNE,19,39,24.70,52.70,ok
2,337,1,indoor,10098,168.30,recovery,closed,closed,afternoon,NNE,19,39,24.70,52.70,ok
2,338,1,indoor,10128,168.80,recovery,closed,closed,afternoon,NNE,19,39,24.70,52.70,ok
2,339,1,indoor,10158,169.30,recovery,closed,closed,afternoon,NNE,19,39,24.70,52.70,ok
2,340,1,indoor,10188,169.80,recovery,closed,closed,afternoon,NNE,19,39,24.70,52.70,ok
2,341,1,indoor,10218,170.30,recovery,closed,closed,afternoon,NNE,19,39,24.70,52.70,ok
2,342,1,indoor,10248,170.80,recovery,closed,closed,afternoon,NNE,19,39,24.70,52.80,ok
2,343,1,indoor,10278,171.30,recovery,closed,closed,afternoon,NNE,19,39,24.70,52.80,ok
2,344,1,indoor,10308,171.80,recovery,closed,closed,afternoon,NNE,19,39,24.70,52.80,ok
2,345,1,indoor,10339,172.32,recovery,closed,closed,afternoon,NNE,19,39,24.70,52.90,ok
2,346,1,indoor,10369,172.82,recovery,closed,closed,afternoon,NNE,19,39,24.70,53.00,ok
2,347,1,indoor,10399,173.32,recovery,closed,closed,afternoon,NNE,19,39,24.70,53.00,ok
2,348,1,indoor,10429,173.82,recovery,closed,closed,afternoon,NNE,19,39,24.70,53.00,ok
2,349,1,indoor,10459,174.32,recovery,closed,closed,afternoon,NNE,19,39,24.70,52.90,ok
2,350,1,indoor,10489,174.82,recovery,closed,closed,afternoon,NNE,19,39,24.70,53.00,ok
2,351,1,indoor,10519,175.32,recovery,closed,closed,afternoon,NNE,19,39,24.70,52.90,ok
2,352,1,indoor,10549,175.82,recovery,closed,closed,afternoon,NNE,19,39,24.70,52.90,ok
2,353,1,indoor,10579,176.32,recovery,closed,closed,afternoon,NNE,19,39,24.70,53.00,ok
2,354,1,indoor,10609,176.82,recovery,closed,closed,afternoon,NNE,19,39,24.70,52.90,ok
2,355,1,indoor,10639,177.32,recovery,closed,closed,afternoon,NNE,19,39,24.70,53.00,ok
2,356,1,indoor,10669,177.82,recovery,closed,closed,afternoon,NNE,19,39,24.70,53.00,ok
2,357,1,indoor,10699,178.32,recovery,closed,closed,afternoon,NNE,19,39,24.70,53.00,ok
2,358,1,indoor,10729,178.82,recovery,closed,closed,afternoon,NNE,19,39,24.70,53.00,ok
2,359,1,indoor,10759,179.32,recovery,closed,closed,afternoon,NNE,19,39,24.70,53.00,ok
2,360,1,indoor,10789,179.82,recovery,closed,closed,afternoon,NNE,19,39,24.70,53.00,ok
2,1,2,outdoor,20,0.33,baseline,closed,closed,afternoon,NNE,19,39,29.00,23.60,ok
2,2,2,outdoor,50,0.83,baseline,closed,closed,afternoon,NNE,19,39,29.00,23.40,ok
2,3,2,outdoor,80,1.33,baseline,closed,closed,afternoon,NNE,19,39,29.20,23.70,ok
2,4,2,outdoor,110,1.83,baseline,closed,closed,afternoon,NNE,19,39,29.20,23.30,ok
2,5,2,outdoor,140,2.33,baseline,closed,closed,afternoon,NNE,19,39,29.00,23.40,ok
2,6,2,outdoor,170,2.83,baseline,closed,closed,afternoon,NNE,19,39,29.10,23.60,ok
2,7,2,outdoor,200,3.33,baseline,closed,closed,afternoon,NNE,19,39,29.30,24.10,ok
2,8,2,outdoor,230,3.83,baseline,closed,closed,afternoon,NNE,19,39,29.20,24.30,ok
2,9,2,outdoor,260,4.33,baseline,closed,closed,afternoon,NNE,19,39,28.90,23.50,ok
2,10,2,outdoor,290,4.83,baseline,closed,closed,afternoon,NNE,19,39,28.80,23.50,ok
2,11,2,outdoor,320,5.33,baseline,closed,closed,afternoon,NNE,19,39,28.90,24.20,ok
2,12,2,outdoor,351,5.85,baseline,closed,closed,afternoon,NNE,19,39,28.80,24.00,ok
2,13,2,outdoor,381,6.35,baseline,closed,closed,afternoon,NNE,19,39,28.70,23.90,ok
2,14,2,outdoor,411,6.85,baseline,closed,closed,afternoon,NNE,19,39,28.50,24.10,ok
2,15,2,outdoor,441,7.35,baseline,closed,closed,afternoon,NNE,19,39,28.50,24.80,ok
2,16,2,outdoor,471,7.85,baseline,closed,closed,afternoon,NNE,19,39,28.20,24.70,ok
2,17,2,outdoor,501,8.35,baseline,closed,closed,afternoon,NNE,19,39,28.30,24.40,ok
2,18,2,outdoor,531,8.85,baseline,closed,closed,afternoon,NNE,19,39,28.10,24.30,ok
2,19,2,outdoor,561,9.35,baseline,closed,closed,afternoon,NNE,19,39,28.10,24.50,ok
2,20,2,outdoor,591,9.85,baseline,closed,closed,afternoon,NNE,19,39,28.30,24.90,ok
2,21,2,outdoor,621,10.35,baseline,closed,closed,afternoon,NNE,19,39,28.30,23.80,ok
2,22,2,outdoor,651,10.85,baseline,closed,closed,afternoon,NNE,19,39,28.60,24.20,ok
2,23,2,outdoor,681,11.35,baseline,closed,closed,afternoon,NNE,19,39,28.70,23.50,ok
2,24,2,outdoor,711,11.85,baseline,closed,closed,afternoon,NNE,19,39,29.00,23.70,ok
2,25,2,outdoor,741,12.35,baseline,closed,closed,afternoon,NNE,19,39,28.70,23.50,ok
2,26,2,outdoor,771,12.85,baseline,closed,closed,afternoon,NNE,19,39,28.90,23.70,ok
2,27,2,outdoor,801,13.35,baseline,closed,closed,afternoon,NNE,19,39,28.80,23.60,ok
2,28,2,outdoor,831,13.85,baseline,closed,closed,afternoon,NNE,19,39,28.90,23.60,ok
2,29,2,outdoor,862,14.37,baseline,closed,closed,afternoon,NNE,19,39,28.60,23.10,ok
2,30,2,outdoor,892,14.87,baseline,closed,closed,afternoon,NNE,19,39,28.50,23.70,ok
2,31,2,outdoor,922,15.37,baseline,closed,closed,afternoon,NNE,19,39,28.60,23.60,ok
2,32,2,outdoor,952,15.87,baseline,closed,closed,afternoon,NNE,19,39,28.70,23.90,ok
2,33,2,outdoor,982,16.37,baseline,closed,closed,afternoon,NNE,19,39,28.40,24.00,ok
2,34,2,outdoor,1012,16.87,baseline,closed,closed,afternoon,NNE,19,39,28.30,24.30,ok
2,35,2,outdoor,1042,17.37,baseline,closed,closed,afternoon,NNE,19,39,28.00,24.40,ok
2,36,2,outdoor,1072,17.87,baseline,closed,closed,afternoon,NNE,19,39,28.10,24.70,ok
2,37,2,outdoor,1102,18.37,baseline,closed,closed,afternoon,NNE,19,39,28.10,25.00,ok
2,38,2,outdoor,1132,18.87,baseline,closed,closed,afternoon,NNE,19,39,28.20,25.00,ok
2,39,2,outdoor,1162,19.37,baseline,closed,closed,afternoon,NNE,19,39,28.20,24.90,ok
2,40,2,outdoor,1192,19.87,baseline,closed,closed,afternoon,NNE,19,39,28.30,25.40,ok
2,41,2,outdoor,1222,20.37,baseline,closed,closed,afternoon,NNE,19,39,28.30,25.20,ok
2,42,2,outdoor,1252,20.87,baseline,closed,closed,afternoon,NNE,19,39,28.30,24.60,ok
2,43,2,outdoor,1282,21.37,baseline,closed,closed,afternoon,NNE,19,39,28.30,24.50,ok
2,44,2,outdoor,1312,21.87,baseline,closed,closed,afternoon,NNE,19,39,28.10,24.60,ok
2,45,2,outdoor,1343,22.38,baseline,closed,closed,afternoon,NNE,19,39,28.20,24.70,ok
2,46,2,outdoor,1373,22.88,baseline,closed,closed,afternoon,NNE,19,39,28.10,24.30,ok
2,47,2,outdoor,1403,23.38,baseline,closed,closed,afternoon,NNE,19,39,28.30,24.40,ok
2,48,2,outdoor,1433,23.88,baseline,closed,closed,afternoon,NNE,19,39,28.30,24.20,ok
2,49,2,outdoor,1463,24.38,baseline,closed,closed,afternoon,NNE,19,39,28.40,24.10,ok
2,50,2,outdoor,1493,24.88,baseline,closed,closed,afternoon,NNE,19,39,28.60,24.20,ok
2,51,2,outdoor,1523,25.38,baseline,closed,closed,afternoon,NNE,19,39,28.50,24.00,ok
2,52,2,outdoor,1553,25.88,baseline,closed,closed,afternoon,NNE,19,39,28.70,24.00,ok
2,53,2,outdoor,1583,26.38,baseline,closed,closed,afternoon,NNE,19,39,28.60,23.90,ok
2,54,2,outdoor,1613,26.88,baseline,closed,closed,afternoon,NNE,19,39,28.60,24.10,ok
2,55,2,outdoor,1643,27.38,baseline,closed,closed,afternoon,NNE,19,39,28.30,24.20,ok
2,56,2,outdoor,1673,27.88,baseline,closed,closed,afternoon,NNE,19,39,28.20,24.40,ok
2,57,2,outdoor,1703,28.38,baseline,closed,closed,afternoon,NNE,19,39,27.90,24.70,ok
2,58,2,outdoor,1733,28.88,baseline,closed,closed,afternoon,NNE,19,39,27.80,25.00,ok
2,59,2,outdoor,1763,29.38,baseline,closed,closed,afternoon,NNE,19,39,27.80,24.60,ok
2,60,2,outdoor,1793,29.88,baseline,closed,closed,afternoon,NNE,19,39,27.80,24.80,ok
2,61,2,outdoor,1823,30.38,baseline,closed,closed,afternoon,NNE,19,39,27.80,24.70,ok
2,62,2,outdoor,1854,30.90,baseline,closed,closed,afternoon,NNE,19,39,27.80,24.70,ok
2,63,2,outdoor,1884,31.40,baseline,closed,closed,afternoon,NNE,19,39,27.70,24.80,ok
2,64,2,outdoor,1914,31.90,baseline,closed,closed,afternoon,NNE,19,39,27.60,25.00,ok
2,65,2,outdoor,1944,32.40,baseline,closed,closed,afternoon,NNE,19,39,27.60,25.20,ok
2,66,2,outdoor,1974,32.90,baseline,closed,closed,afternoon,NNE,19,39,27.70,25.30,ok
2,67,2,outdoor,2004,33.40,baseline,closed,closed,afternoon,NNE,19,39,27.70,25.40,ok
2,68,2,outdoor,2034,33.90,baseline,closed,closed,afternoon,NNE,19,39,27.60,25.30,ok
2,69,2,outdoor,2064,34.40,baseline,closed,closed,afternoon,NNE,19,39,27.50,25.00,ok
2,70,2,outdoor,2094,34.90,baseline,closed,closed,afternoon,NNE,19,39,27.40,25.20,ok
2,71,2,outdoor,2124,35.40,baseline,closed,closed,afternoon,NNE,19,39,27.30,25.40,ok
2,72,2,outdoor,2154,35.90,baseline,closed,closed,afternoon,NNE,19,39,27.30,25.40,ok
2,73,2,outdoor,2184,36.40,baseline,closed,closed,afternoon,NNE,19,39,27.30,25.50,ok
2,74,2,outdoor,2214,36.90,baseline,closed,closed,afternoon,NNE,19,39,27.30,25.60,ok
2,75,2,outdoor,2244,37.40,baseline,closed,closed,afternoon,NNE,19,39,27.40,25.60,ok
2,76,2,outdoor,2274,37.90,baseline,closed,closed,afternoon,NNE,19,39,27.40,25.50,ok
2,77,2,outdoor,2304,38.40,baseline,closed,closed,afternoon,NNE,19,39,27.40,26.00,ok
2,78,2,outdoor,2334,38.90,baseline,closed,closed,afternoon,NNE,19,39,27.40,26.10,ok
2,79,2,outdoor,2365,39.42,baseline,closed,closed,afternoon,NNE,19,39,27.50,25.90,ok
2,80,2,outdoor,2395,39.92,baseline,closed,closed,afternoon,NNE,19,39,27.50,25.60,ok
2,81,2,outdoor,2425,40.42,baseline,closed,closed,afternoon,NNE,19,39,27.60,25.90,ok
2,82,2,outdoor,2455,40.92,baseline,closed,closed,afternoon,NNE,19,39,27.50,25.60,ok
2,83,2,outdoor,2485,41.42,baseline,closed,closed,afternoon,NNE,19,39,27.40,25.50,ok
2,84,2,outdoor,2515,41.92,baseline,closed,closed,afternoon,NNE,19,39,27.30,25.80,ok
2,85,2,outdoor,2545,42.42,baseline,closed,closed,afternoon,NNE,19,39,27.40,25.90,ok
2,86,2,outdoor,2575,42.92,baseline,closed,closed,afternoon,NNE,19,39,27.40,25.90,ok
2,87,2,outdoor,2605,43.42,baseline,closed,closed,afternoon,NNE,19,39,27.30,26.30,ok
2,88,2,outdoor,2635,43.92,baseline,closed,closed,afternoon,NNE,19,39,27.20,26.00,ok
2,89,2,outdoor,2665,44.42,baseline,closed,closed,afternoon,NNE,19,39,27.30,26.30,ok
2,90,2,outdoor,2695,44.92,baseline,closed,closed,afternoon,NNE,19,39,27.30,26.30,ok
2,91,2,outdoor,2725,45.42,baseline,closed,closed,afternoon,NNE,19,39,27.20,26.40,ok
2,92,2,outdoor,2755,45.92,baseline,closed,closed,afternoon,NNE,19,39,27.20,26.00,ok
2,93,2,outdoor,2785,46.42,baseline,closed,closed,afternoon,NNE,19,39,27.20,26.30,ok
2,94,2,outdoor,2815,46.92,baseline,closed,closed,afternoon,NNE,19,39,27.40,26.10,ok
2,95,2,outdoor,2845,47.42,baseline,closed,closed,afternoon,NNE,19,39,27.50,25.90,ok
2,96,2,outdoor,2876,47.93,baseline,closed,closed,afternoon,NNE,19,39,27.70,26.00,ok
2,97,2,outdoor,2906,48.43,baseline,closed,closed,afternoon,NNE,19,39,27.60,25.50,ok
2,98,2,outdoor,2936,48.93,baseline,closed,closed,afternoon,NNE,19,39,27.70,25.30,ok
2,99,2,outdoor,2966,49.43,baseline,closed,closed,afternoon,NNE,19,39,27.50,25.50,ok
2,100,2,outdoor,2996,49.93,baseline,closed,closed,afternoon,NNE,19,39,27.50,25.90,ok
2,101,2,outdoor,3026,50.43,baseline,closed,closed,afternoon,NNE,19,39,27.30,25.90,ok
2,102,2,outdoor,3056,50.93,baseline,closed,closed,afternoon,NNE,19,39,27.20,26.00,ok
2,103,2,outdoor,3086,51.43,baseline,closed,closed,afternoon,NNE,19,39,27.10,26.20,ok
2,104,2,outdoor,3116,51.93,baseline,closed,closed,afternoon,NNE,19,39,27.20,26.50,ok
2,105,2,outdoor,3146,52.43,baseline,closed,closed,afternoon,NNE,19,39,27.30,26.20,ok
2,106,2,outdoor,3176,52.93,baseline,closed,closed,afternoon,NNE,19,39,27.40,26.10,ok
2,107,2,outdoor,3206,53.43,baseline,closed,closed,afternoon,NNE,19,39,27.40,26.20,ok
2,108,2,outdoor,3236,53.93,baseline,closed,closed,afternoon,NNE,19,39,27.50,26.10,ok
2,109,2,outdoor,3266,54.43,baseline,closed,closed,afternoon,NNE,19,39,27.40,26.00,ok
2,110,2,outdoor,3296,54.93,baseline,closed,closed,afternoon,NNE,19,39,27.40,26.40,ok
2,111,2,outdoor,3326,55.43,baseline,closed,closed,afternoon,NNE,19,39,27.30,26.10,ok
2,112,2,outdoor,3356,55.93,baseline,closed,closed,afternoon,NNE,19,39,27.30,26.20,ok
2,113,2,outdoor,3387,56.45,baseline,closed,closed,afternoon,NNE,19,39,27.20,26.40,ok
2,114,2,outdoor,3417,56.95,baseline,closed,closed,afternoon,NNE,19,39,27.10,26.60,ok
2,115,2,outdoor,3447,57.45,baseline,closed,closed,afternoon,NNE,19,39,27.00,26.80,ok
2,116,2,outdoor,3477,57.95,baseline,closed,closed,afternoon,NNE,19,39,27.00,27.00,ok
2,117,2,outdoor,3507,58.45,baseline,closed,closed,afternoon,NNE,19,39,26.90,27.00,ok
2,118,2,outdoor,3537,58.95,baseline,closed,closed,afternoon,NNE,19,39,26.80,27.20,ok
2,119,2,outdoor,3567,59.45,baseline,closed,closed,afternoon,NNE,19,39,26.90,27.60,ok
2,120,2,outdoor,3597,59.95,baseline,closed,closed,afternoon,NNE,19,39,26.90,27.30,ok
2,121,2,outdoor,3627,60.45,window_open,open,closed,afternoon,NNE,19,39,26.90,27.00,ok
2,122,2,outdoor,3657,60.95,window_open,open,closed,afternoon,NNE,19,39,26.90,27.20,ok
2,123,2,outdoor,3687,61.45,window_open,open,closed,afternoon,NNE,19,39,26.90,27.40,ok
2,124,2,outdoor,3717,61.95,window_open,open,closed,afternoon,NNE,19,39,26.90,27.60,ok
2,125,2,outdoor,3747,62.45,window_open,open,closed,afternoon,NNE,19,39,27.00,27.60,ok
2,126,2,outdoor,3777,62.95,window_open,open,closed,afternoon,NNE,19,39,27.00,27.10,ok
2,127,2,outdoor,3807,63.45,window_open,open,closed,afternoon,NNE,19,39,27.10,26.70,ok
2,128,2,outdoor,3837,63.95,window_open,open,closed,afternoon,NNE,19,39,27.10,26.60,ok
2,129,2,outdoor,3867,64.45,window_open,open,closed,afternoon,NNE,19,39,27.10,26.30,ok
2,130,2,outdoor,3898,64.97,window_open,open,closed,afternoon,NNE,19,39,27.20,26.30,ok
2,131,2,outdoor,3928,65.47,window_open,open,closed,afternoon,NNE,19,39,27.30,25.90,ok
2,132,2,outdoor,3958,65.97,window_open,open,closed,afternoon,NNE,19,39,27.40,25.80,ok
2,133,2,outdoor,3988,66.47,window_open,open,closed,afternoon,NNE,19,39,27.60,25.70,ok
2,134,2,outdoor,4018,66.97,window_open,open,closed,afternoon,NNE,19,39,27.70,25.60,ok
2,135,2,outdoor,4048,67.47,window_open,open,closed,afternoon,NNE,19,39,27.70,25.30,ok
2,136,2,outdoor,4078,67.97,window_open,open,closed,afternoon,NNE,19,39,27.80,25.30,ok
2,137,2,outdoor,4108,68.47,window_open,open,closed,afternoon,NNE,19,39,28.00,25.60,ok
2,138,2,outdoor,4138,68.97,window_open,open,closed,afternoon,NNE,19,39,27.80,25.30,ok
2,139,2,outdoor,4168,69.47,window_open,open,closed,afternoon,NNE,19,39,27.80,25.50,ok
2,140,2,outdoor,4198,69.97,window_open,open,closed,afternoon,NNE,19,39,28.00,25.40,ok
2,141,2,outdoor,4228,70.47,window_open,open,closed,afternoon,NNE,19,39,28.20,25.40,ok
2,142,2,outdoor,4258,70.97,window_open,open,closed,afternoon,NNE,19,39,28.30,25.80,ok
2,143,2,outdoor,4288,71.47,window_open,open,closed,afternoon,NNE,19,39,28.40,25.50,ok
2,144,2,outdoor,4318,71.97,window_open,open,closed,afternoon,NNE,19,39,28.50,25.10,ok
2,145,2,outdoor,4348,72.47,window_open,open,closed,afternoon,NNE,19,39,28.50,25.00,ok
2,146,2,outdoor,4378,72.97,window_open,open,closed,afternoon,NNE,19,39,28.50,25.20,ok
2,147,2,outdoor,4409,73.48,window_open,open,closed,afternoon,NNE,19,39,28.30,24.70,ok
2,148,2,outdoor,4439,73.98,window_open,open,closed,afternoon,NNE,19,39,28.30,24.70,ok
2,149,2,outdoor,4469,74.48,window_open,open,closed,afternoon,NNE,19,39,28.20,24.90,ok
2,150,2,outdoor,4499,74.98,window_open,open,closed,afternoon,NNE,19,39,28.20,24.80,ok
2,151,2,outdoor,4529,75.48,window_open,open,closed,afternoon,NNE,19,39,28.20,24.60,ok
2,152,2,outdoor,4559,75.98,window_open,open,closed,afternoon,NNE,19,39,28.20,24.70,ok
2,153,2,outdoor,4589,76.48,window_open,open,closed,afternoon,NNE,19,39,27.90,24.80,ok
2,154,2,outdoor,4619,76.98,window_open,open,closed,afternoon,NNE,19,39,27.70,25.00,ok
2,155,2,outdoor,4649,77.48,window_open,open,closed,afternoon,NNE,19,39,27.70,25.30,ok
2,156,2,outdoor,4679,77.98,window_open,open,closed,afternoon,NNE,19,39,27.60,25.50,ok
2,157,2,outdoor,4709,78.48,window_open,open,closed,afternoon,NNE,19,39,27.60,25.40,ok
2,158,2,outdoor,4739,78.98,window_open,open,closed,afternoon,NNE,19,39,27.50,25.30,ok
2,159,2,outdoor,4769,79.48,window_open,open,closed,afternoon,NNE,19,39,27.60,25.40,ok
2,160,2,outdoor,4799,79.98,window_open,open,closed,afternoon,NNE,19,39,27.60,25.70,ok
2,161,2,outdoor,4829,80.48,window_open,open,closed,afternoon,NNE,19,39,27.60,25.70,ok
2,162,2,outdoor,4859,80.98,window_open,open,closed,afternoon,NNE,19,39,27.60,25.90,ok
2,163,2,outdoor,4889,81.48,window_open,open,closed,afternoon,NNE,19,39,27.40,25.90,ok
2,164,2,outdoor,4920,82.00,window_open,open,closed,afternoon,NNE,19,39,27.50,25.70,ok
2,165,2,outdoor,4950,82.50,window_open,open,closed,afternoon,NNE,19,39,27.40,25.60,ok
2,166,2,outdoor,4980,83.00,window_open,open,closed,afternoon,NNE,19,39,27.40,25.70,ok
2,167,2,outdoor,5010,83.50,window_open,open,closed,afternoon,NNE,19,39,27.40,26.00,ok
2,168,2,outdoor,5040,84.00,window_open,open,closed,afternoon,NNE,19,39,27.50,25.60,ok
2,169,2,outdoor,5070,84.50,window_open,open,closed,afternoon,NNE,19,39,27.50,25.50,ok
2,170,2,outdoor,5100,85.00,window_open,open,closed,afternoon,NNE,19,39,27.60,25.40,ok
2,171,2,outdoor,5130,85.50,window_open,open,closed,afternoon,NNE,19,39,27.70,25.20,ok
2,172,2,outdoor,5160,86.00,window_open,open,closed,afternoon,NNE,19,39,27.80,25.70,ok
2,173,2,outdoor,5190,86.50,window_open,open,closed,afternoon,NNE,19,39,27.80,25.50,ok
2,174,2,outdoor,5220,87.00,window_open,open,closed,afternoon,NNE,19,39,27.80,25.00,ok
2,175,2,outdoor,5250,87.50,window_open,open,closed,afternoon,NNE,19,39,27.80,24.90,ok
2,176,2,outdoor,5280,88.00,window_open,open,closed,afternoon,NNE,19,39,27.90,25.20,ok
2,177,2,outdoor,5310,88.50,window_open,open,closed,afternoon,NNE,19,39,28.00,25.10,ok
2,178,2,outdoor,5340,89.00,window_open,open,closed,afternoon,NNE,19,39,28.00,25.00,ok
2,179,2,outdoor,5370,89.50,window_open,open,closed,afternoon,NNE,19,39,27.90,25.00,ok
2,180,2,outdoor,5400,90.00,window_open,open,closed,afternoon,NNE,19,39,28.00,25.30,ok
2,181,2,outdoor,5431,90.52,window_open,open,closed,afternoon,NNE,19,39,27.80,24.70,ok
2,182,2,outdoor,5461,91.02,window_open,open,closed,afternoon,NNE,19,39,28.00,25.00,ok
2,183,2,outdoor,5491,91.52,window_open,open,closed,afternoon,NNE,19,39,27.90,24.90,ok
2,184,2,outdoor,5521,92.02,window_open,open,closed,afternoon,NNE,19,39,27.90,25.10,ok
2,185,2,outdoor,5551,92.52,window_open,open,closed,afternoon,NNE,19,39,27.80,25.30,ok
2,186,2,outdoor,5581,93.02,window_open,open,closed,afternoon,NNE,19,39,27.60,25.20,ok
2,187,2,outdoor,5611,93.52,window_open,open,closed,afternoon,NNE,19,39,27.50,25.50,ok
2,188,2,outdoor,5641,94.02,window_open,open,closed,afternoon,NNE,19,39,27.50,25.60,ok
2,189,2,outdoor,5671,94.52,window_open,open,closed,afternoon,NNE,19,39,27.50,25.50,ok
2,190,2,outdoor,5701,95.02,window_open,open,closed,afternoon,NNE,19,39,27.60,25.50,ok
2,191,2,outdoor,5731,95.52,window_open,open,closed,afternoon,NNE,19,39,27.60,25.60,ok
2,192,2,outdoor,5761,96.02,window_open,open,closed,afternoon,NNE,19,39,27.70,25.30,ok
2,193,2,outdoor,5791,96.52,window_open,open,closed,afternoon,NNE,19,39,27.60,25.60,ok
2,194,2,outdoor,5821,97.02,window_open,open,closed,afternoon,NNE,19,39,27.60,25.40,ok
2,195,2,outdoor,5851,97.52,window_open,open,closed,afternoon,NNE,19,39,27.50,25.30,ok
2,196,2,outdoor,5881,98.02,window_open,open,closed,afternoon,NNE,19,39,27.50,25.40,ok
2,197,2,outdoor,5912,98.53,window_open,open,closed,afternoon,NNE,19,39,27.60,25.10,ok
2,198,2,outdoor,5942,99.03,window_open,open,closed,afternoon,NNE,19,39,27.60,25.90,ok
2,199,2,outdoor,5972,99.53,window_open,open,closed,afternoon,NNE,19,39,27.60,25.40,ok
2,200,2,outdoor,6002,100.03,window_open,open,closed,afternoon,NNE,19,39,27.60,25.60,ok
2,201,2,outdoor,6032,100.53,window_open,open,closed,afternoon,NNE,19,39,27.50,25.60,ok
2,202,2,outdoor,6062,101.03,window_open,open,closed,afternoon,NNE,19,39,27.50,25.30,ok
2,203,2,outdoor,6092,101.53,window_open,open,closed,afternoon,NNE,19,39,27.50,25.40,ok
2,204,2,outdoor,6122,102.03,window_open,open,closed,afternoon,NNE,19,39,27.60,25.60,ok
2,205,2,outdoor,6152,102.53,window_open,open,closed,afternoon,NNE,19,39,27.60,25.40,ok
2,206,2,outdoor,6182,103.03,window_open,open,closed,afternoon,NNE,19,39,27.60,25.50,ok
2,207,2,outdoor,6212,103.53,window_open,open,closed,afternoon,NNE,19,39,27.50,25.20,ok
2,208,2,outdoor,6242,104.03,window_open,open,closed,afternoon,NNE,19,39,27.50,25.70,ok
2,209,2,outdoor,6272,104.53,window_open,open,closed,afternoon,NNE,19,39,27.60,25.70,ok
2,210,2,outdoor,6302,105.03,window_open,open,closed,afternoon,NNE,19,39,27.50,25.50,ok
2,211,2,outdoor,6332,105.53,window_open,open,closed,afternoon,NNE,19,39,27.50,25.60,ok
2,212,2,outdoor,6362,106.03,window_open,open,closed,afternoon,NNE,19,39,27.50,26.20,ok
2,213,2,outdoor,6392,106.53,window_open,open,closed,afternoon,NNE,19,39,27.40,25.80,ok
2,214,2,outdoor,6423,107.05,window_open,open,closed,afternoon,NNE,19,39,27.40,26.30,ok
2,215,2,outdoor,6453,107.55,window_open,open,closed,afternoon,NNE,19,39,27.30,25.90,ok
2,216,2,outdoor,6483,108.05,window_open,open,closed,afternoon,NNE,19,39,27.30,26.00,ok
2,217,2,outdoor,6513,108.55,window_open,open,closed,afternoon,NNE,19,39,27.30,26.20,ok
2,218,2,outdoor,6543,109.05,window_open,open,closed,afternoon,NNE,19,39,27.20,26.10,ok
2,219,2,outdoor,6573,109.55,window_open,open,closed,afternoon,NNE,19,39,27.20,26.20,ok
2,220,2,outdoor,6603,110.05,window_open,open,closed,afternoon,NNE,19,39,27.20,27.00,ok
2,221,2,outdoor,6633,110.55,window_open,open,closed,afternoon,NNE,19,39,27.10,26.50,ok
2,222,2,outdoor,6663,111.05,window_open,open,closed,afternoon,NNE,19,39,27.10,26.20,ok
2,223,2,outdoor,6693,111.55,window_open,open,closed,afternoon,NNE,19,39,27.20,26.80,ok
2,224,2,outdoor,6723,112.05,window_open,open,closed,afternoon,NNE,19,39,27.10,26.70,ok
2,225,2,outdoor,6753,112.55,window_open,open,closed,afternoon,NNE,19,39,27.10,26.50,ok
2,226,2,outdoor,6783,113.05,window_open,open,closed,afternoon,NNE,19,39,27.10,26.20,ok
2,227,2,outdoor,6813,113.55,window_open,open,closed,afternoon,NNE,19,39,27.10,26.30,ok
2,228,2,outdoor,6843,114.05,window_open,open,closed,afternoon,NNE,19,39,27.10,26.30,ok
2,229,2,outdoor,6873,114.55,window_open,open,closed,afternoon,NNE,19,39,27.10,26.40,ok
2,230,2,outdoor,6903,115.05,window_open,open,closed,afternoon,NNE,19,39,27.10,26.80,ok
2,231,2,outdoor,6934,115.57,window_open,open,closed,afternoon,NNE,19,39,27.10,27.20,ok
2,232,2,outdoor,6964,116.07,window_open,open,closed,afternoon,NNE,19,39,27.00,27.00,ok
2,233,2,outdoor,6994,116.57,window_open,open,closed,afternoon,NNE,19,39,27.00,26.90,ok
2,234,2,outdoor,7024,117.07,window_open,open,closed,afternoon,NNE,19,39,26.90,27.00,ok
2,235,2,outdoor,7054,117.57,window_open,open,closed,afternoon,NNE,19,39,26.90,27.00,ok
2,236,2,outdoor,7084,118.07,window_open,open,closed,afternoon,NNE,19,39,26.90,26.70,ok
2,237,2,outdoor,7114,118.57,window_open,open,closed,afternoon,NNE,19,39,26.90,27.20,ok
2,238,2,outdoor,7144,119.07,window_open,open,closed,afternoon,NNE,19,39,26.90,26.80,ok
2,239,2,outdoor,7174,119.57,window_open,open,closed,afternoon,NNE,19,39,26.90,26.60,ok
2,240,2,outdoor,7204,120.07,recovery,closed,closed,afternoon,NNE,19,39,26.90,26.80,ok
2,241,2,outdoor,7234,120.57,recovery,closed,closed,afternoon,NNE,19,39,26.80,26.70,ok
2,242,2,outdoor,7264,121.07,recovery,closed,closed,afternoon,NNE,19,39,26.90,26.70,ok
2,243,2,outdoor,7294,121.57,recovery,closed,closed,afternoon,NNE,19,39,26.90,26.80,ok
2,244,2,outdoor,7324,122.07,recovery,closed,closed,afternoon,NNE,19,39,26.90,26.70,ok
2,245,2,outdoor,7354,122.57,recovery,closed,closed,afternoon,NNE,19,39,26.90,26.80,ok
2,246,2,outdoor,7384,123.07,recovery,closed,closed,afternoon,NNE,19,39,26.80,26.90,ok
2,247,2,outdoor,7414,123.57,recovery,closed,closed,afternoon,NNE,19,39,26.80,26.70,ok
2,248,2,outdoor,7445,124.08,recovery,closed,closed,afternoon,NNE,19,39,26.80,27.00,ok
2,249,2,outdoor,7475,124.58,recovery,closed,closed,afternoon,NNE,19,39,26.80,27.30,ok
2,250,2,outdoor,7505,125.08,recovery,closed,closed,afternoon,NNE,19,39,26.80,27.00,ok
2,251,2,outdoor,7535,125.58,recovery,closed,closed,afternoon,NNE,19,39,26.80,27.50,ok
2,252,2,outdoor,7565,126.08,recovery,closed,closed,afternoon,NNE,19,39,26.80,27.10,ok
2,253,2,outdoor,7595,126.58,recovery,closed,closed,afternoon,NNE,19,39,26.70,27.70,ok
2,254,2,outdoor,7625,127.08,recovery,closed,closed,afternoon,NNE,19,39,26.70,27.10,ok
2,255,2,outdoor,7655,127.58,recovery,closed,closed,afternoon,NNE,19,39,26.70,26.90,ok
2,256,2,outdoor,7685,128.08,recovery,closed,closed,afternoon,NNE,19,39,26.80,26.70,ok
2,257,2,outdoor,7715,128.58,recovery,closed,closed,afternoon,NNE,19,39,26.80,27.30,ok
2,258,2,outdoor,7745,129.08,recovery,closed,closed,afternoon,NNE,19,39,26.80,27.10,ok
2,259,2,outdoor,7775,129.58,recovery,closed,closed,afternoon,NNE,19,39,26.80,27.60,ok
2,260,2,outdoor,7805,130.08,recovery,closed,closed,afternoon,NNE,19,39,26.70,27.40,ok
2,261,2,outdoor,7835,130.58,recovery,closed,closed,afternoon,NNE,19,39,26.70,27.30,ok
2,262,2,outdoor,7865,131.08,recovery,closed,closed,afternoon,NNE,19,39,26.70,27.20,ok
2,263,2,outdoor,7895,131.58,recovery,closed,closed,afternoon,NNE,19,39,26.70,27.30,ok
2,264,2,outdoor,7925,132.08,recovery,closed,closed,afternoon,NNE,19,39,26.70,27.50,ok
2,265,2,outdoor,7956,132.60,recovery,closed,closed,afternoon,NNE,19,39,26.70,27.30,ok
2,266,2,outdoor,7986,133.10,recovery,closed,closed,afternoon,NNE,19,39,26.70,27.00,ok
2,267,2,outdoor,8016,133.60,recovery,closed,closed,afternoon,NNE,19,39,26.70,27.10,ok
2,268,2,outdoor,8046,134.10,recovery,closed,closed,afternoon,NNE,19,39,26.70,27.00,ok
2,269,2,outdoor,8076,134.60,recovery,closed,closed,afternoon,NNE,19,39,26.70,27.30,ok
2,270,2,outdoor,8106,135.10,recovery,closed,closed,afternoon,NNE,19,39,26.70,27.60,ok
2,271,2,outdoor,8136,135.60,recovery,closed,closed,afternoon,NNE,19,39,26.70,27.00,ok
2,272,2,outdoor,8166,136.10,recovery,closed,closed,afternoon,NNE,19,39,26.70,27.00,ok
2,273,2,outdoor,8196,136.60,recovery,closed,closed,afternoon,NNE,19,39,26.70,27.20,ok
2,274,2,outdoor,8226,137.10,recovery,closed,closed,afternoon,NNE,19,39,26.70,27.50,ok
2,275,2,outdoor,8256,137.60,recovery,closed,closed,afternoon,NNE,19,39,26.60,27.30,ok
2,276,2,outdoor,8286,138.10,recovery,closed,closed,afternoon,NNE,19,39,26.70,27.00,ok
2,277,2,outdoor,8316,138.60,recovery,closed,closed,afternoon,NNE,19,39,26.60,27.70,ok
2,278,2,outdoor,8346,139.10,recovery,closed,closed,afternoon,NNE,19,39,26.60,27.30,ok
2,279,2,outdoor,8376,139.60,recovery,closed,closed,afternoon,NNE,19,39,26.60,27.30,ok
2,280,2,outdoor,8406,140.10,recovery,closed,closed,afternoon,NNE,19,39,26.60,27.40,ok
2,281,2,outdoor,8436,140.60,recovery,closed,closed,afternoon,NNE,19,39,26.60,27.30,ok
2,282,2,outdoor,8467,141.12,recovery,closed,closed,afternoon,NNE,19,39,26.60,27.60,ok
2,283,2,outdoor,8497,141.62,recovery,closed,closed,afternoon,NNE,19,39,26.60,27.50,ok
2,284,2,outdoor,8527,142.12,recovery,closed,closed,afternoon,NNE,19,39,26.60,27.50,ok
2,285,2,outdoor,8557,142.62,recovery,closed,closed,afternoon,NNE,19,39,26.60,27.60,ok
2,286,2,outdoor,8587,143.12,recovery,closed,closed,afternoon,NNE,19,39,26.60,27.50,ok
2,287,2,outdoor,8617,143.62,recovery,closed,closed,afternoon,NNE,19,39,26.60,27.50,ok
2,288,2,outdoor,8647,144.12,recovery,closed,closed,afternoon,NNE,19,39,26.60,27.60,ok
2,289,2,outdoor,8677,144.62,recovery,closed,closed,afternoon,NNE,19,39,26.50,27.70,ok
2,290,2,outdoor,8707,145.12,recovery,closed,closed,afternoon,NNE,19,39,26.50,27.90,ok
2,291,2,outdoor,8737,145.62,recovery,closed,closed,afternoon,NNE,19,39,26.50,27.60,ok
2,292,2,outdoor,8767,146.12,recovery,closed,closed,afternoon,NNE,19,39,26.50,28.10,ok
2,293,2,outdoor,8797,146.62,recovery,closed,closed,afternoon,NNE,19,39,26.50,28.00,ok
2,294,2,outdoor,8827,147.12,recovery,closed,closed,afternoon,NNE,19,39,26.40,28.30,ok
2,295,2,outdoor,8857,147.62,recovery,closed,closed,afternoon,NNE,19,39,26.40,28.20,ok
2,296,2,outdoor,8887,148.12,recovery,closed,closed,afternoon,NNE,19,39,26.40,27.60,ok
2,297,2,outdoor,8917,148.62,recovery,closed,closed,afternoon,NNE,19,39,26.40,27.80,ok
2,298,2,outdoor,8947,149.12,recovery,closed,closed,afternoon,NNE,19,39,26.40,27.80,ok
2,299,2,outdoor,8978,149.63,recovery,closed,closed,afternoon,NNE,19,39,26.40,27.70,ok
2,300,2,outdoor,9008,150.13,recovery,closed,closed,afternoon,NNE,19,39,26.40,27.80,ok
2,301,2,outdoor,9038,150.63,recovery,closed,closed,afternoon,NNE,19,39,26.40,28.50,ok
2,302,2,outdoor,9068,151.13,recovery,closed,closed,afternoon,NNE,19,39,26.40,27.90,ok
2,303,2,outdoor,9098,151.63,recovery,closed,closed,afternoon,NNE,19,39,26.40,28.10,ok
2,304,2,outdoor,9128,152.13,recovery,closed,closed,afternoon,NNE,19,39,26.50,27.70,ok
2,305,2,outdoor,9158,152.63,recovery,closed,closed,afternoon,NNE,19,39,26.50,28.10,ok
2,306,2,outdoor,9188,153.13,recovery,closed,closed,afternoon,NNE,19,39,26.40,28.00,ok
2,307,2,outdoor,9218,153.63,recovery,closed,closed,afternoon,NNE,19,39,26.40,28.00,ok
2,308,2,outdoor,9248,154.13,recovery,closed,closed,afternoon,NNE,19,39,26.40,27.90,ok
2,309,2,outdoor,9278,154.63,recovery,closed,closed,afternoon,NNE,19,39,26.40,28.00,ok
2,310,2,outdoor,9308,155.13,recovery,closed,closed,afternoon,NNE,19,39,26.40,27.80,ok
2,311,2,outdoor,9338,155.63,recovery,closed,closed,afternoon,NNE,19,39,26.40,28.00,ok
2,312,2,outdoor,9368,156.13,recovery,closed,closed,afternoon,NNE,19,39,26.50,27.80,ok
2,313,2,outdoor,9398,156.63,recovery,closed,closed,afternoon,NNE,19,39,26.50,27.80,ok
2,314,2,outdoor,9428,157.13,recovery,closed,closed,afternoon,NNE,19,39,26.50,27.90,ok
2,315,2,outdoor,9458,157.63,recovery,closed,closed,afternoon,NNE,19,39,26.40,28.40,ok
2,316,2,outdoor,9489,158.15,recovery,closed,closed,afternoon,NNE,19,39,26.40,27.90,ok
2,317,2,outdoor,9519,158.65,recovery,closed,closed,afternoon,NNE,19,39,26.50,28.20,ok
2,318,2,outdoor,9549,159.15,recovery,closed,closed,afternoon,NNE,19,39,26.40,28.20,ok
2,319,2,outdoor,9579,159.65,recovery,closed,closed,afternoon,NNE,19,39,26.40,28.40,ok
2,320,2,outdoor,9609,160.15,recovery,closed,closed,afternoon,NNE,19,39,26.40,28.10,ok
2,321,2,outdoor,9639,160.65,recovery,closed,closed,afternoon,NNE,19,39,26.30,28.10,ok
2,322,2,outdoor,9669,161.15,recovery,closed,closed,afternoon,NNE,19,39,26.30,28.30,ok
2,323,2,outdoor,9699,161.65,recovery,closed,closed,afternoon,NNE,19,39,26.40,28.10,ok
2,324,2,outdoor,9729,162.15,recovery,closed,closed,afternoon,NNE,19,39,26.30,28.10,ok
2,325,2,outdoor,9759,162.65,recovery,closed,closed,afternoon,NNE,19,39,26.40,28.10,ok
2,326,2,outdoor,9789,163.15,recovery,closed,closed,afternoon,NNE,19,39,26.30,28.00,ok
2,327,2,outdoor,9819,163.65,recovery,closed,closed,afternoon,NNE,19,39,26.40,28.40,ok
2,328,2,outdoor,9849,164.15,recovery,closed,closed,afternoon,NNE,19,39,26.30,28.30,ok
2,329,2,outdoor,9879,164.65,recovery,closed,closed,afternoon,NNE,19,39,26.30,28.20,ok
2,330,2,outdoor,9909,165.15,recovery,closed,closed,afternoon,NNE,19,39,26.30,28.50,ok
2,331,2,outdoor,9939,165.65,recovery,closed,closed,afternoon,NNE,19,39,26.30,28.40,ok
2,332,2,outdoor,9969,166.15,recovery,closed,closed,afternoon,NNE,19,39,26.30,28.70,ok
2,333,2,outdoor,10000,166.67,recovery,closed,closed,afternoon,NNE,19,39,26.30,28.40,ok
2,334,2,outdoor,10030,167.17,recovery,closed,closed,afternoon,NNE,19,39,26.20,28.80,ok
2,335,2,outdoor,10060,167.67,recovery,closed,closed,afternoon,NNE,19,39,26.20,28.60,ok
2,336,2,outdoor,10090,168.17,recovery,closed,closed,afternoon,NNE,19,39,26.20,29.00,ok
2,337,2,outdoor,10120,168.67,recovery,closed,closed,afternoon,NNE,19,39,26.20,28.50,ok
2,338,2,outdoor,10150,169.17,recovery,closed,closed,afternoon,NNE,19,39,26.20,28.40,ok
2,339,2,outdoor,10180,169.67,recovery,closed,closed,afternoon,NNE,19,39,26.20,28.50,ok
2,340,2,outdoor,10210,170.17,recovery,closed,closed,afternoon,NNE,19,39,26.20,29.00,ok
2,341,2,outdoor,10240,170.67,recovery,closed,closed,afternoon,NNE,19,39,26.10,28.70,ok
2,342,2,outdoor,10270,171.17,recovery,closed,closed,afternoon,NNE,19,39,26.20,28.50,ok
2,343,2,outdoor,10300,171.67,recovery,closed,closed,afternoon,NNE,19,39,26.20,28.50,ok
2,344,2,outdoor,10330,172.17,recovery,closed,closed,afternoon,NNE,19,39,26.30,28.20,ok
2,345,2,outdoor,10360,172.67,recovery,closed,closed,afternoon,NNE,19,39,26.30,28.20,ok
2,346,2,outdoor,10390,173.17,recovery,closed,closed,afternoon,NNE,19,39,26.40,28.10,ok
2,347,2,outdoor,10420,173.67,recovery,closed,closed,afternoon,NNE,19,39,26.40,28.60,ok
2,348,2,outdoor,10450,174.17,recovery,closed,closed,afternoon,NNE,19,39,26.30,28.40,ok
2,349,2,outdoor,10480,174.67,recovery,closed,closed,afternoon,NNE,19,39,26.30,28.10,ok
2,350,2,outdoor,10511,175.18,recovery,closed,closed,afternoon,NNE,19,39,26.40,28.10,ok
2,351,2,outdoor,10541,175.68,recovery,closed,closed,afternoon,NNE,19,39,26.30,28.40,ok
2,352,2,outdoor,10571,176.18,recovery,closed,closed,afternoon,NNE,19,39,26.30,28.30,ok
2,353,2,outdoor,10601,176.68,recovery,closed,closed,afternoon,NNE,19,39,26.40,28.20,ok
2,354,2,outdoor,10631,177.18,recovery,closed,closed,afternoon,NNE,19,39,26.30,28.20,ok
2,355,2,outdoor,10661,177.68,recovery,closed,closed,afternoon,NNE,19,39,26.30,28.20,ok
2,356,2,outdoor,10691,178.18,recovery,closed,closed,afternoon,NNE,19,39,26.40,28.10,ok
2,357,2,outdoor,10721,178.68,recovery,closed,closed,afternoon,NNE,19,39,26.40,28.20,ok
2,358,2,outdoor,10751,179.18,recovery,closed,closed,afternoon,NNE,19,39,26.40,28.10,ok
2,359,2,outdoor,10781,179.68,recovery,closed,closed,afternoon,NNE,19,39,26.40,28.50,ok
3,1,1,indoor,3,0.05,baseline,closed,closed,night,WSW,20,37,24.40,58.60,ok
3,2,1,indoor,33,0.55,baseline,closed,closed,night,WSW,20,37,24.40,58.70,ok
3,3,1,indoor,63,1.05,baseline,closed,closed,night,WSW,20,37,24.40,58.60,ok
3,4,1,indoor,93,1.55,baseline,closed,closed,night,WSW,20,37,24.40,58.70,ok
3,5,1,indoor,123,2.05,baseline,closed,closed,night,WSW,20,37,24.50,58.70,ok
3,6,1,indoor,153,2.55,baseline,closed,closed,night,WSW,20,37,24.50,58.70,ok
3,7,1,indoor,183,3.05,baseline,closed,closed,night,WSW,20,37,24.50,58.70,ok
3,8,1,indoor,213,3.55,baseline,closed,closed,night,WSW,20,37,24.50,58.70,ok
3,9,1,indoor,243,4.05,baseline,closed,closed,night,WSW,20,37,24.50,58.70,ok
3,10,1,indoor,273,4.55,baseline,closed,closed,night,WSW,20,37,24.50,58.70,ok
3,11,1,indoor,303,5.05,baseline,closed,closed,night,WSW,20,37,24.50,58.70,ok
3,12,1,indoor,333,5.55,baseline,closed,closed,night,WSW,20,37,24.50,58.60,ok
3,13,1,indoor,363,6.05,baseline,closed,closed,night,WSW,20,37,24.50,58.60,ok
3,14,1,indoor,393,6.55,baseline,closed,closed,night,WSW,20,37,24.50,58.60,ok
3,15,1,indoor,423,7.05,baseline,closed,closed,night,WSW,20,37,24.50,58.60,ok
3,16,1,indoor,453,7.55,baseline,closed,closed,night,WSW,20,37,24.50,58.60,ok
3,17,1,indoor,483,8.05,baseline,closed,closed,night,WSW,20,37,24.50,58.60,ok
3,18,1,indoor,513,8.55,baseline,closed,closed,night,WSW,20,37,24.50,58.50,ok
3,19,1,indoor,543,9.05,baseline,closed,closed,night,WSW,20,37,24.50,58.50,ok
3,20,1,indoor,573,9.55,baseline,closed,closed,night,WSW,20,37,24.50,58.50,ok
3,21,1,indoor,603,10.05,baseline,closed,closed,night,WSW,20,37,24.50,58.50,ok
3,22,1,indoor,633,10.55,baseline,closed,closed,night,WSW,20,37,24.50,58.50,ok
3,23,1,indoor,663,11.05,baseline,closed,closed,night,WSW,20,37,24.50,58.50,ok
3,24,1,indoor,693,11.55,baseline,closed,closed,night,WSW,20,37,24.50,58.40,ok
3,25,1,indoor,723,12.05,baseline,closed,closed,night,WSW,20,37,24.50,58.40,ok
3,26,1,indoor,753,12.55,baseline,closed,closed,night,WSW,20,37,24.50,58.40,ok
3,27,1,indoor,783,13.05,baseline,closed,closed,night,WSW,20,37,24.50,58.40,ok
3,28,1,indoor,813,13.55,baseline,closed,closed,night,WSW,20,37,24.50,58.30,ok
3,29,1,indoor,843,14.05,baseline,closed,closed,night,WSW,20,37,24.50,58.20,ok
3,30,1,indoor,873,14.55,baseline,closed,closed,night,WSW,20,37,24.50,58.20,ok
3,31,1,indoor,903,15.05,baseline,closed,closed,night,WSW,20,37,24.50,58.20,ok
3,32,1,indoor,933,15.55,baseline,closed,closed,night,WSW,20,37,24.50,58.20,ok
3,33,1,indoor,963,16.05,baseline,closed,closed,night,WSW,20,37,24.50,58.10,ok
3,34,1,indoor,993,16.55,baseline,closed,closed,night,WSW,20,37,24.50,58.10,ok
3,35,1,indoor,1023,17.05,baseline,closed,closed,night,WSW,20,37,24.50,57.90,ok
3,36,1,indoor,1053,17.55,baseline,closed,closed,night,WSW,20,37,24.50,58.00,ok
3,37,1,indoor,1083,18.05,baseline,closed,closed,night,WSW,20,37,24.50,58.00,ok
3,38,1,indoor,1113,18.55,baseline,closed,closed,night,WSW,20,37,24.50,57.90,ok
3,39,1,indoor,1143,19.05,baseline,closed,closed,night,WSW,20,37,24.50,57.90,ok
3,40,1,indoor,1173,19.55,baseline,closed,closed,night,WSW,20,37,24.50,57.70,ok
3,41,1,indoor,1203,20.05,baseline,closed,closed,night,WSW,20,37,24.50,57.70,ok
3,42,1,indoor,1233,20.55,baseline,closed,closed,night,WSW,20,37,24.50,57.60,ok
3,43,1,indoor,1263,21.05,baseline,closed,closed,night,WSW,20,37,24.50,57.70,ok
3,44,1,indoor,1293,21.55,baseline,closed,closed,night,WSW,20,37,24.50,57.60,ok
3,45,1,indoor,1323,22.05,baseline,closed,closed,night,WSW,20,37,24.50,57.60,ok
3,46,1,indoor,1353,22.55,baseline,closed,closed,night,WSW,20,37,24.50,57.60,ok
3,47,1,indoor,1383,23.05,baseline,closed,closed,night,WSW,20,37,24.50,57.50,ok
3,48,1,indoor,1413,23.55,baseline,closed,closed,night,WSW,20,37,24.50,57.40,ok
3,49,1,indoor,1443,24.05,baseline,closed,closed,night,WSW,20,37,24.50,57.40,ok
3,50,1,indoor,1473,24.55,baseline,closed,closed,night,WSW,20,37,24.50,57.40,ok
3,51,1,indoor,1503,25.05,baseline,closed,closed,night,WSW,20,37,24.50,57.30,ok
3,52,1,indoor,1533,25.55,baseline,closed,closed,night,WSW,20,37,24.50,57.20,ok
3,53,1,indoor,1563,26.05,baseline,closed,closed,night,WSW,20,37,24.50,57.20,ok
3,54,1,indoor,1593,26.55,baseline,closed,closed,night,WSW,20,37,24.50,57.20,ok
3,55,1,indoor,1623,27.05,baseline,closed,closed,night,WSW,20,37,24.50,57.20,ok
3,56,1,indoor,1653,27.55,baseline,closed,closed,night,WSW,20,37,24.50,57.20,ok
3,57,1,indoor,1683,28.05,baseline,closed,closed,night,WSW,20,37,24.50,57.10,ok
3,58,1,indoor,1713,28.55,baseline,closed,closed,night,WSW,20,37,24.50,57.20,ok
3,59,1,indoor,1743,29.05,baseline,closed,closed,night,WSW,20,37,24.50,57.10,ok
3,60,1,indoor,1773,29.55,baseline,closed,closed,night,WSW,20,37,24.50,57.10,ok
3,61,1,indoor,1803,30.05,baseline,closed,closed,night,WSW,20,37,24.50,57.00,ok
3,62,1,indoor,1833,30.55,baseline,closed,closed,night,WSW,20,37,24.50,56.90,ok
3,63,1,indoor,1863,31.05,baseline,closed,closed,night,WSW,20,37,24.50,56.90,ok
3,64,1,indoor,1893,31.55,baseline,closed,closed,night,WSW,20,37,24.50,56.90,ok
3,65,1,indoor,1923,32.05,baseline,closed,closed,night,WSW,20,37,24.50,56.80,ok
3,66,1,indoor,1954,32.57,baseline,closed,closed,night,WSW,20,37,24.50,56.90,ok
3,67,1,indoor,1984,33.07,baseline,closed,closed,night,WSW,20,37,24.50,56.90,ok
3,68,1,indoor,2014,33.57,baseline,closed,closed,night,WSW,20,37,24.50,56.90,ok
3,69,1,indoor,2044,34.07,baseline,closed,closed,night,WSW,20,37,24.50,56.90,ok
3,70,1,indoor,2074,34.57,baseline,closed,closed,night,WSW,20,37,24.50,56.90,ok
3,71,1,indoor,2104,35.07,baseline,closed,closed,night,WSW,20,37,24.50,56.80,ok
3,72,1,indoor,2134,35.57,baseline,closed,closed,night,WSW,20,37,24.50,56.80,ok
3,73,1,indoor,2164,36.07,baseline,closed,closed,night,WSW,20,37,24.50,56.90,ok
3,74,1,indoor,2194,36.57,baseline,closed,closed,night,WSW,20,37,24.50,56.80,ok
3,75,1,indoor,2224,37.07,baseline,closed,closed,night,WSW,20,37,24.50,56.70,ok
3,76,1,indoor,2254,37.57,baseline,closed,closed,night,WSW,20,37,24.50,56.70,ok
3,77,1,indoor,2284,38.07,baseline,closed,closed,night,WSW,20,37,24.50,56.60,ok
3,78,1,indoor,2314,38.57,baseline,closed,closed,night,WSW,20,37,24.50,56.60,ok
3,79,1,indoor,2344,39.07,baseline,closed,closed,night,WSW,20,37,24.50,56.70,ok
3,80,1,indoor,2374,39.57,baseline,closed,closed,night,WSW,20,37,24.40,56.80,ok
3,81,1,indoor,2404,40.07,baseline,closed,closed,night,WSW,20,37,24.50,56.80,ok
3,82,1,indoor,2434,40.57,baseline,closed,closed,night,WSW,20,37,24.40,56.80,ok
3,83,1,indoor,2464,41.07,baseline,closed,closed,night,WSW,20,37,24.50,56.80,ok
3,84,1,indoor,2494,41.57,baseline,closed,closed,night,WSW,20,37,24.50,56.80,ok
3,85,1,indoor,2524,42.07,baseline,closed,closed,night,WSW,20,37,24.40,56.80,ok
3,86,1,indoor,2554,42.57,baseline,closed,closed,night,WSW,20,37,24.50,56.80,ok
3,87,1,indoor,2584,43.07,baseline,closed,closed,night,WSW,20,37,24.40,56.80,ok
3,88,1,indoor,2614,43.57,baseline,closed,closed,night,WSW,20,37,24.40,56.70,ok
3,89,1,indoor,2644,44.07,baseline,closed,closed,night,WSW,20,37,24.40,56.80,ok
3,90,1,indoor,2674,44.57,baseline,closed,closed,night,WSW,20,37,24.40,56.70,ok
3,91,1,indoor,2704,45.07,baseline,closed,closed,night,WSW,20,37,24.40,56.70,ok
3,92,1,indoor,2734,45.57,baseline,closed,closed,night,WSW,20,37,24.40,56.60,ok
3,93,1,indoor,2764,46.07,baseline,closed,closed,night,WSW,20,37,24.40,56.70,ok
3,94,1,indoor,2794,46.57,baseline,closed,closed,night,WSW,20,37,24.40,56.70,ok
3,95,1,indoor,2824,47.07,baseline,closed,closed,night,WSW,20,37,24.40,56.70,ok
3,96,1,indoor,2854,47.57,baseline,closed,closed,night,WSW,20,37,24.40,56.80,ok
3,97,1,indoor,2884,48.07,baseline,closed,closed,night,WSW,20,37,24.40,56.80,ok
3,98,1,indoor,2914,48.57,baseline,closed,closed,night,WSW,20,37,24.40,56.70,ok
3,99,1,indoor,2944,49.07,baseline,closed,closed,night,WSW,20,37,24.40,56.80,ok
3,100,1,indoor,2974,49.57,baseline,closed,closed,night,WSW,20,37,24.00,56.80,ok
3,101,1,indoor,3004,50.07,baseline,closed,closed,night,WSW,20,37,24.40,56.80,ok
3,102,1,indoor,3034,50.57,baseline,closed,closed,night,WSW,20,37,24.40,56.80,ok
3,103,1,indoor,3064,51.07,baseline,closed,closed,night,WSW,20,37,24.40,56.90,ok
3,104,1,indoor,3094,51.57,baseline,closed,closed,night,WSW,20,37,24.40,56.90,ok
3,105,1,indoor,3124,52.07,baseline,closed,closed,night,WSW,20,37,24.40,56.90,ok
3,106,1,indoor,3154,52.57,baseline,closed,closed,night,WSW,20,37,24.40,56.90,ok
3,107,1,indoor,3184,53.07,baseline,closed,closed,night,WSW,20,37,24.40,56.80,ok
3,108,1,indoor,3214,53.57,baseline,closed,closed,night,WSW,20,37,24.40,56.80,ok
3,109,1,indoor,3244,54.07,baseline,closed,closed,night,WSW,20,37,24.40,56.80,ok
3,110,1,indoor,3274,54.57,baseline,closed,closed,night,WSW,20,37,24.40,56.80,ok
3,111,1,indoor,3304,55.07,baseline,closed,closed,night,WSW,20,37,24.40,56.90,ok
3,112,1,indoor,3334,55.57,baseline,closed,closed,night,WSW,20,37,24.40,56.90,ok
3,113,1,indoor,3364,56.07,baseline,closed,closed,night,WSW,20,37,24.40,56.90,ok
3,114,1,indoor,3394,56.57,baseline,closed,closed,night,WSW,20,37,24.40,56.90,ok
3,115,1,indoor,3424,57.07,baseline,closed,closed,night,WSW,20,37,24.40,56.90,ok
3,116,1,indoor,3454,57.57,baseline,closed,closed,night,WSW,20,37,24.40,56.90,ok
3,117,1,indoor,3484,58.07,baseline,closed,closed,night,WSW,20,37,24.40,56.90,ok
3,118,1,indoor,3514,58.57,baseline,closed,closed,night,WSW,20,37,24.40,56.90,ok
3,119,1,indoor,3544,59.07,baseline,closed,closed,night,WSW,20,37,24.40,56.90,ok
3,120,1,indoor,3574,59.57,baseline,closed,closed,night,WSW,20,37,24.40,57.00,ok
3,121,1,indoor,3604,60.07,window_open,open,closed,night,WSW,20,37,24.40,56.90,ok
3,122,1,indoor,3634,60.57,window_open,open,closed,night,WSW,20,37,24.40,56.90,ok
3,123,1,indoor,3664,61.07,window_open,open,closed,night,WSW,20,37,24.40,56.80,ok
3,124,1,indoor,3694,61.57,window_open,open,closed,night,WSW,20,37,24.40,56.80,ok
3,125,1,indoor,3724,62.07,window_open,open,closed,night,WSW,20,37,24.30,56.70,ok
3,126,1,indoor,3754,62.57,window_open,open,closed,night,WSW,20,37,24.30,56.70,ok
3,127,1,indoor,3784,63.07,window_open,open,closed,night,WSW,20,37,24.20,56.60,ok
3,128,1,indoor,3814,63.57,window_open,open,closed,night,WSW,20,37,24.20,56.60,ok
3,129,1,indoor,3844,64.07,window_open,open,closed,night,WSW,20,37,24.10,56.60,ok
3,130,1,indoor,3874,64.57,window_open,open,closed,night,WSW,20,37,24.10,56.70,ok
3,131,1,indoor,3904,65.07,window_open,open,closed,night,WSW,20,37,24.10,56.70,ok
3,132,1,indoor,3934,65.57,window_open,open,closed,night,WSW,20,37,24.10,56.70,ok
3,133,1,indoor,3964,66.07,window_open,open,closed,night,WSW,20,37,24.10,56.70,ok
3,134,1,indoor,3994,66.57,window_open,open,closed,night,WSW,20,37,24.00,56.70,ok
3,135,1,indoor,4024,67.07,window_open,open,closed,night,WSW,20,37,24.00,56.70,ok
3,136,1,indoor,4054,67.57,window_open,open,closed,night,WSW,20,37,24.00,56.80,ok
3,137,1,indoor,4084,68.07,window_open,open,closed,night,WSW,20,37,24.00,56.80,ok
3,138,1,indoor,4114,68.57,window_open,open,closed,night,WSW,20,37,24.00,56.80,ok
3,139,1,indoor,4144,69.07,window_open,open,closed,night,WSW,20,37,24.00,56.70,ok
3,140,1,indoor,4174,69.57,window_open,open,closed,night,WSW,20,37,23.90,56.80,ok
3,141,1,indoor,4204,70.07,window_open,open,closed,night,WSW,20,37,23.90,56.90,ok
3,142,1,indoor,4234,70.57,window_open,open,closed,night,WSW,20,37,23.90,56.80,ok
3,143,1,indoor,4264,71.07,window_open,open,closed,night,WSW,20,37,23.90,56.90,ok
3,144,1,indoor,4294,71.57,window_open,open,closed,night,WSW,20,37,23.90,56.80,ok
3,145,1,indoor,4324,72.07,window_open,open,closed,night,WSW,20,37,23.90,56.80,ok
3,146,1,indoor,4354,72.57,window_open,open,closed,night,WSW,20,37,23.90,56.80,ok
3,147,1,indoor,4384,73.07,window_open,open,closed,night,WSW,20,37,23.90,56.90,ok
3,148,1,indoor,4414,73.57,window_open,open,closed,night,WSW,20,37,23.90,56.90,ok
3,149,1,indoor,4444,74.07,window_open,open,closed,night,WSW,20,37,23.90,56.80,ok
3,150,1,indoor,4474,74.57,window_open,open,closed,night,WSW,20,37,23.90,56.90,ok
3,151,1,indoor,4504,75.07,window_open,open,closed,night,WSW,20,37,23.90,56.90,ok
3,152,1,indoor,4534,75.57,window_open,open,closed,night,WSW,20,37,23.90,56.90,ok
3,153,1,indoor,4564,76.07,window_open,open,closed,night,WSW,20,37,23.80,57.00,ok
3,154,1,indoor,4594,76.57,window_open,open,closed,night,WSW,20,37,23.80,57.00,ok
3,155,1,indoor,4624,77.07,window_open,open,closed,night,WSW,20,37,23.80,57.00,ok
3,156,1,indoor,4654,77.57,window_open,open,closed,night,WSW,20,37,23.80,57.00,ok
3,157,1,indoor,4684,78.07,window_open,open,closed,night,WSW,20,37,23.80,57.10,ok
3,158,1,indoor,4714,78.57,window_open,open,closed,night,WSW,20,37,23.80,57.00,ok
3,159,1,indoor,4744,79.07,window_open,open,closed,night,WSW,20,37,23.80,57.10,ok
3,160,1,indoor,4774,79.57,window_open,open,closed,night,WSW,20,37,23.70,57.20,ok
3,161,1,indoor,4804,80.07,window_open,open,closed,night,WSW,20,37,23.70,57.10,ok
3,162,1,indoor,4834,80.57,window_open,open,closed,night,WSW,20,37,23.70,57.20,ok
3,163,1,indoor,4864,81.07,window_open,open,closed,night,WSW,20,37,23.70,57.20,ok
3,164,1,indoor,4894,81.57,window_open,open,closed,night,WSW,20,37,23.70,57.20,ok
3,165,1,indoor,4924,82.07,window_open,open,closed,night,WSW,20,37,23.70,57.20,ok
3,166,1,indoor,4954,82.57,window_open,open,closed,night,WSW,20,37,23.70,57.20,ok
3,167,1,indoor,4984,83.07,window_open,open,closed,night,WSW,20,37,23.70,57.30,ok
3,168,1,indoor,5014,83.57,window_open,open,closed,night,WSW,20,37,23.60,57.30,ok
3,169,1,indoor,5044,84.07,window_open,open,closed,night,WSW,20,37,23.60,57.40,ok
3,170,1,indoor,5074,84.57,window_open,open,closed,night,WSW,20,37,23.60,57.40,ok
3,171,1,indoor,5104,85.07,window_open,open,closed,night,WSW,20,37,23.60,57.30,ok
3,172,1,indoor,5134,85.57,window_open,open,closed,night,WSW,20,37,23.60,57.30,ok
3,173,1,indoor,5164,86.07,window_open,open,closed,night,WSW,20,37,23.60,57.40,ok
3,174,1,indoor,5194,86.57,window_open,open,closed,night,WSW,20,37,23.60,57.40,ok
3,175,1,indoor,5224,87.07,window_open,open,closed,night,WSW,20,37,23.60,57.40,ok
3,176,1,indoor,5254,87.57,window_open,open,closed,night,WSW,20,37,23.60,57.40,ok
3,177,1,indoor,5284,88.07,window_open,open,closed,night,WSW,20,37,23.60,57.40,ok
3,178,1,indoor,5314,88.57,window_open,open,closed,night,WSW,20,37,23.60,57.50,ok
3,179,1,indoor,5344,89.07,window_open,open,closed,night,WSW,20,37,23.60,57.50,ok
3,180,1,indoor,5374,89.57,window_open,open,closed,night,WSW,20,37,23.60,57.50,ok
3,181,1,indoor,5404,90.07,window_open,open,closed,night,WSW,20,37,23.50,57.50,ok
3,182,1,indoor,5434,90.57,window_open,open,closed,night,WSW,20,37,23.50,57.60,ok
3,183,1,indoor,5464,91.07,window_open,open,closed,night,WSW,20,37,23.50,57.60,ok
3,184,1,indoor,5494,91.57,window_open,open,closed,night,WSW,20,37,23.40,57.70,ok
3,185,1,indoor,5524,92.07,window_open,open,closed,night,WSW,20,37,23.40,57.70,ok
3,186,1,indoor,5554,92.57,window_open,open,closed,night,WSW,20,37,23.40,57.70,ok
3,187,1,indoor,5584,93.07,window_open,open,closed,night,WSW,20,37,23.40,57.80,ok
3,188,1,indoor,5614,93.57,window_open,open,closed,night,WSW,20,37,23.40,57.90,ok
3,189,1,indoor,5644,94.07,window_open,open,closed,night,WSW,20,37,23.40,57.90,ok
3,190,1,indoor,5674,94.57,window_open,open,closed,night,WSW,20,37,23.40,57.90,ok
3,191,1,indoor,5704,95.07,window_open,open,closed,night,WSW,20,37,23.40,57.90,ok
3,192,1,indoor,5734,95.57,window_open,open,closed,night,WSW,20,37,23.40,57.90,ok
3,193,1,indoor,5764,96.07,window_open,open,closed,night,WSW,20,37,23.40,57.90,ok
3,194,1,indoor,5794,96.57,window_open,open,closed,night,WSW,20,37,23.30,57.90,ok
3,195,1,indoor,5824,97.07,window_open,open,closed,night,WSW,20,37,23.30,58.00,ok
3,196,1,indoor,5854,97.57,window_open,open,closed,night,WSW,20,37,23.30,58.10,ok
3,197,1,indoor,5884,98.07,window_open,open,closed,night,WSW,20,37,23.30,58.00,ok
3,198,1,indoor,5914,98.57,window_open,open,closed,night,WSW,20,37,23.30,58.00,ok
3,199,1,indoor,5944,99.07,window_open,open,closed,night,WSW,20,37,23.30,58.00,ok
3,200,1,indoor,5974,99.57,window_open,open,closed,night,WSW,20,37,23.30,58.00,ok
3,201,1,indoor,6004,100.07,window_open,open,closed,night,WSW,20,37,23.30,58.00,ok
3,202,1,indoor,6034,100.57,window_open,open,closed,night,WSW,20,37,23.30,58.00,ok
3,203,1,indoor,6064,101.07,window_open,open,closed,night,WSW,20,37,23.30,57.90,ok
3,204,1,indoor,6094,101.57,window_open,open,closed,night,WSW,20,37,23.30,58.00,ok
3,205,1,indoor,6124,102.07,window_open,open,closed,night,WSW,20,37,23.30,58.00,ok
3,206,1,indoor,6154,102.57,window_open,open,closed,night,WSW,20,37,23.30,58.00,ok
3,207,1,indoor,6184,103.07,window_open,open,closed,night,WSW,20,37,23.30,58.00,ok
3,208,1,indoor,6215,103.58,window_open,open,closed,night,WSW,20,37,23.30,58.00,ok
3,209,1,indoor,6245,104.08,window_open,open,closed,night,WSW,20,37,23.30,58.10,ok
3,210,1,indoor,6275,104.58,window_open,open,closed,night,WSW,20,37,23.30,58.10,ok
3,211,1,indoor,6305,105.08,window_open,open,closed,night,WSW,20,37,23.30,58.10,ok
3,212,1,indoor,6335,105.58,window_open,open,closed,night,WSW,20,37,23.20,58.10,ok
3,213,1,indoor,6365,106.08,window_open,open,closed,night,WSW,20,37,23.30,58.10,ok
3,214,1,indoor,6395,106.58,window_open,open,closed,night,WSW,20,37,23.20,58.10,ok
3,215,1,indoor,6425,107.08,window_open,open,closed,night,WSW,20,37,23.20,58.10,ok
3,216,1,indoor,6455,107.58,window_open,open,closed,night,WSW,20,37,23.20,58.10,ok
3,217,1,indoor,6485,108.08,window_open,open,closed,night,WSW,20,37,23.20,58.20,ok
3,218,1,indoor,6515,108.58,window_open,open,closed,night,WSW,20,37,23.20,58.20,ok
3,219,1,indoor,6545,109.08,window_open,open,closed,night,WSW,20,37,23.20,58.20,ok
3,220,1,indoor,6575,109.58,window_open,open,closed,night,WSW,20,37,23.10,58.30,ok
3,221,1,indoor,6605,110.08,window_open,open,closed,night,WSW,20,37,23.10,58.30,ok
3,222,1,indoor,6635,110.58,window_open,open,closed,night,WSW,20,37,23.10,58.30,ok
3,223,1,indoor,6665,111.08,window_open,open,closed,night,WSW,20,37,23.10,58.30,ok
3,224,1,indoor,6695,111.58,window_open,open,closed,night,WSW,20,37,23.10,58.40,ok
3,225,1,indoor,6725,112.08,window_open,open,closed,night,WSW,20,37,23.00,58.40,ok
3,226,1,indoor,6755,112.58,window_open,open,closed,night,WSW,20,37,23.00,58.40,ok
3,227,1,indoor,6785,113.08,window_open,open,closed,night,WSW,20,37,23.00,58.40,ok
3,228,1,indoor,6815,113.58,window_open,open,closed,night,WSW,20,37,23.00,58.40,ok
3,229,1,indoor,6845,114.08,window_open,open,closed,night,WSW,20,37,23.00,58.50,ok
3,230,1,indoor,6875,114.58,window_open,open,closed,night,WSW,20,37,23.00,58.50,ok
3,231,1,indoor,6905,115.08,window_open,open,closed,night,WSW,20,37,23.00,58.50,ok
3,232,1,indoor,6935,115.58,window_open,open,closed,night,WSW,20,37,22.90,58.60,ok
3,233,1,indoor,6965,116.08,window_open,open,closed,night,WSW,20,37,22.90,58.60,ok
3,234,1,indoor,6995,116.58,window_open,open,closed,night,WSW,20,37,23.00,58.60,ok
3,235,1,indoor,7025,117.08,window_open,open,closed,night,WSW,20,37,22.90,58.60,ok
3,236,1,indoor,7055,117.58,window_open,open,closed,night,WSW,20,37,23.00,58.60,ok
3,237,1,indoor,7085,118.08,window_open,open,closed,night,WSW,20,37,23.00,58.50,ok
3,238,1,indoor,7115,118.58,window_open,open,closed,night,WSW,20,37,23.00,58.50,ok
3,239,1,indoor,7145,119.08,window_open,open,closed,night,WSW,20,37,23.00,58.50,ok
3,240,1,indoor,7175,119.58,window_open,open,closed,night,WSW,20,37,22.90,58.50,ok
3,241,1,indoor,7205,120.08,recovery,closed,closed,night,WSW,20,37,22.90,58.50,ok
3,242,1,indoor,7235,120.58,recovery,closed,closed,night,WSW,20,37,22.90,58.50,ok
3,243,1,indoor,7265,121.08,recovery,closed,closed,night,WSW,20,37,22.90,58.50,ok
3,244,1,indoor,7295,121.58,recovery,closed,closed,night,WSW,20,37,22.90,58.50,ok
3,245,1,indoor,7325,122.08,recovery,closed,closed,night,WSW,20,37,22.90,58.60,ok
3,246,1,indoor,7355,122.58,recovery,closed,closed,night,WSW,20,37,22.90,58.70,ok
3,247,1,indoor,7385,123.08,recovery,closed,closed,night,WSW,20,37,22.90,58.60,ok
3,248,1,indoor,7415,123.58,recovery,closed,closed,night,WSW,20,37,22.90,58.70,ok
3,249,1,indoor,7445,124.08,recovery,closed,closed,night,WSW,20,37,23.00,58.60,ok
3,250,1,indoor,7475,124.58,recovery,closed,closed,night,WSW,20,37,23.00,58.60,ok
3,251,1,indoor,7505,125.08,recovery,closed,closed,night,WSW,20,37,23.00,58.60,ok
3,252,1,indoor,7535,125.58,recovery,closed,closed,night,WSW,20,37,23.00,58.60,ok
3,253,1,indoor,7565,126.08,recovery,closed,closed,night,WSW,20,37,23.00,58.50,ok
3,254,1,indoor,7595,126.58,recovery,closed,closed,night,WSW,20,37,23.00,58.50,ok
3,255,1,indoor,7625,127.08,recovery,closed,closed,night,WSW,20,37,23.00,58.50,ok
3,256,1,indoor,7655,127.58,recovery,closed,closed,night,WSW,20,37,23.10,58.40,ok
3,257,1,indoor,7685,128.08,recovery,closed,closed,night,WSW,20,37,23.10,58.40,ok
3,258,1,indoor,7715,128.58,recovery,closed,closed,night,WSW,20,37,23.10,58.40,ok
3,259,1,indoor,7745,129.08,recovery,closed,closed,night,WSW,20,37,23.10,58.40,ok
3,260,1,indoor,7775,129.58,recovery,closed,closed,night,WSW,20,37,23.10,58.40,ok
3,261,1,indoor,7805,130.08,recovery,closed,closed,night,WSW,20,37,23.10,58.30,ok
3,262,1,indoor,7835,130.58,recovery,closed,closed,night,WSW,20,37,23.10,58.30,ok
3,263,1,indoor,7865,131.08,recovery,closed,closed,night,WSW,20,37,23.10,58.40,ok
3,264,1,indoor,7895,131.58,recovery,closed,closed,night,WSW,20,37,23.10,58.30,ok
3,265,1,indoor,7925,132.08,recovery,closed,closed,night,WSW,20,37,23.10,58.30,ok
3,266,1,indoor,7955,132.58,recovery,closed,closed,night,WSW,20,37,23.10,58.30,ok
3,267,1,indoor,7985,133.08,recovery,closed,closed,night,WSW,20,37,23.10,58.30,ok
3,268,1,indoor,8015,133.58,recovery,closed,closed,night,WSW,20,37,23.10,58.30,ok
3,269,1,indoor,8045,134.08,recovery,closed,closed,night,WSW,20,37,23.10,58.20,ok
3,270,1,indoor,8075,134.58,recovery,closed,closed,night,WSW,20,37,23.10,58.30,ok
3,271,1,indoor,8105,135.08,recovery,closed,closed,night,WSW,20,37,23.10,58.30,ok
3,272,1,indoor,8135,135.58,recovery,closed,closed,night,WSW,20,37,23.10,58.30,ok
3,273,1,indoor,8165,136.08,recovery,closed,closed,night,WSW,20,37,23.10,58.30,ok
3,274,1,indoor,8195,136.58,recovery,closed,closed,night,WSW,20,37,23.10,58.30,ok
3,275,1,indoor,8225,137.08,recovery,closed,closed,night,WSW,20,37,23.10,58.30,ok
3,276,1,indoor,8255,137.58,recovery,closed,closed,night,WSW,20,37,23.10,58.30,ok
3,277,1,indoor,8285,138.08,recovery,closed,closed,night,WSW,20,37,23.10,58.30,ok
3,278,1,indoor,8315,138.58,recovery,closed,closed,night,WSW,20,37,23.10,58.30,ok
3,279,1,indoor,8345,139.08,recovery,closed,closed,night,WSW,20,37,23.10,58.40,ok
3,280,1,indoor,8375,139.58,recovery,closed,closed,night,WSW,20,37,23.10,58.40,ok
3,281,1,indoor,8405,140.08,recovery,closed,closed,night,WSW,20,37,23.10,58.30,ok
3,282,1,indoor,8435,140.58,recovery,closed,closed,night,WSW,20,37,23.10,58.30,ok
3,283,1,indoor,8465,141.08,recovery,closed,closed,night,WSW,20,37,23.10,58.30,ok
3,284,1,indoor,8495,141.58,recovery,closed,closed,night,WSW,20,37,23.10,58.30,ok
3,285,1,indoor,8525,142.08,recovery,closed,closed,night,WSW,20,37,23.10,58.30,ok
3,286,1,indoor,8555,142.58,recovery,closed,closed,night,WSW,20,37,23.10,58.30,ok
3,287,1,indoor,8585,143.08,recovery,closed,closed,night,WSW,20,37,23.10,58.30,ok
3,288,1,indoor,8615,143.58,recovery,closed,closed,night,WSW,20,37,23.10,58.30,ok
3,289,1,indoor,8645,144.08,recovery,closed,closed,night,WSW,20,37,23.10,58.30,ok
3,290,1,indoor,8675,144.58,recovery,closed,closed,night,WSW,20,37,23.10,58.40,ok
3,291,1,indoor,8705,145.08,recovery,closed,closed,night,WSW,20,37,23.10,58.30,ok
3,292,1,indoor,8735,145.58,recovery,closed,closed,night,WSW,20,37,23.10,58.30,ok
3,293,1,indoor,8765,146.08,recovery,closed,closed,night,WSW,20,37,23.10,58.30,ok
3,294,1,indoor,8795,146.58,recovery,closed,closed,night,WSW,20,37,23.10,58.30,ok
3,295,1,indoor,8825,147.08,recovery,closed,closed,night,WSW,20,37,23.10,58.30,ok
3,296,1,indoor,8855,147.58,recovery,closed,closed,night,WSW,20,37,23.10,58.40,ok
3,297,1,indoor,8885,148.08,recovery,closed,closed,night,WSW,20,37,23.10,58.30,ok
3,298,1,indoor,8915,148.58,recovery,closed,closed,night,WSW,20,37,23.10,58.30,ok
3,299,1,indoor,8945,149.08,recovery,closed,closed,night,WSW,20,37,23.00,58.40,ok
3,300,1,indoor,8975,149.58,recovery,closed,closed,night,WSW,20,37,23.00,58.30,ok
3,301,1,indoor,9005,150.08,recovery,closed,closed,night,WSW,20,37,23.10,58.40,ok
3,302,1,indoor,9035,150.58,recovery,closed,closed,night,WSW,20,37,23.10,58.30,ok
3,303,1,indoor,9065,151.08,recovery,closed,closed,night,WSW,20,37,23.00,58.30,ok
3,304,1,indoor,9095,151.58,recovery,closed,closed,night,WSW,20,37,23.00,58.30,ok
3,305,1,indoor,9125,152.08,recovery,closed,closed,night,WSW,20,37,23.00,58.40,ok
3,306,1,indoor,9155,152.58,recovery,closed,closed,night,WSW,20,37,23.00,58.30,ok
3,307,1,indoor,9185,153.08,recovery,closed,closed,night,WSW,20,37,23.00,58.30,ok
3,308,1,indoor,9215,153.58,recovery,closed,closed,night,WSW,20,37,23.00,58.30,ok
3,309,1,indoor,9245,154.08,recovery,closed,closed,night,WSW,20,37,23.00,58.30,ok
3,310,1,indoor,9275,154.58,recovery,closed,closed,night,WSW,20,37,23.00,58.30,ok
3,311,1,indoor,9305,155.08,recovery,closed,closed,night,WSW,20,37,23.00,58.30,ok
3,312,1,indoor,9335,155.58,recovery,closed,closed,night,WSW,20,37,23.00,58.20,ok
3,313,1,indoor,9365,156.08,recovery,closed,closed,night,WSW,20,37,23.00,58.30,ok
3,314,1,indoor,9395,156.58,recovery,closed,closed,night,WSW,20,37,23.00,58.20,ok
3,315,1,indoor,9425,157.08,recovery,closed,closed,night,WSW,20,37,23.00,58.30,ok
3,316,1,indoor,9455,157.58,recovery,closed,closed,night,WSW,20,37,23.00,58.50,ok
3,317,1,indoor,9485,158.08,recovery,closed,closed,night,WSW,20,37,23.10,58.40,ok
3,318,1,indoor,9515,158.58,recovery,closed,closed,night,WSW,20,37,23.10,58.30,ok
3,319,1,indoor,9545,159.08,recovery,closed,closed,night,WSW,20,37,23.10,58.30,ok
3,320,1,indoor,9575,159.58,recovery,closed,closed,night,WSW,20,37,23.00,58.20,ok
3,321,1,indoor,9605,160.08,recovery,closed,closed,night,WSW,20,37,23.10,58.30,ok
3,322,1,indoor,9635,160.58,recovery,closed,closed,night,WSW,20,37,23.10,58.40,ok
3,323,1,indoor,9665,161.08,recovery,closed,closed,night,WSW,20,37,23.10,58.70,ok
3,324,1,indoor,9695,161.58,recovery,closed,closed,night,WSW,20,37,23.10,58.60,ok
3,325,1,indoor,9725,162.08,recovery,closed,closed,night,WSW,20,37,23.10,58.70,ok
3,326,1,indoor,9755,162.58,recovery,closed,closed,night,WSW,20,37,23.10,58.70,ok
3,327,1,indoor,9785,163.08,recovery,closed,closed,night,WSW,20,37,23.10,58.70,ok
3,328,1,indoor,9815,163.58,recovery,closed,closed,night,WSW,20,37,23.10,58.70,ok
3,329,1,indoor,9845,164.08,recovery,closed,closed,night,WSW,20,37,23.10,58.70,ok
3,330,1,indoor,9875,164.58,recovery,closed,closed,night,WSW,20,37,23.10,58.70,ok
3,331,1,indoor,9905,165.08,recovery,closed,closed,night,WSW,20,37,23.10,58.60,ok
3,332,1,indoor,9935,165.58,recovery,closed,closed,night,WSW,20,37,23.10,58.70,ok
3,333,1,indoor,9965,166.08,recovery,closed,closed,night,WSW,20,37,23.10,58.70,ok
3,334,1,indoor,9995,166.58,recovery,closed,closed,night,WSW,20,37,23.10,58.70,ok
3,335,1,indoor,10025,167.08,recovery,closed,closed,night,WSW,20,37,23.10,58.70,ok
3,336,1,indoor,10055,167.58,recovery,closed,closed,night,WSW,20,37,23.10,58.80,ok
3,337,1,indoor,10085,168.08,recovery,closed,closed,night,WSW,20,37,23.10,58.80,ok
3,338,1,indoor,10115,168.58,recovery,closed,closed,night,WSW,20,37,23.10,58.80,ok
3,339,1,indoor,10145,169.08,recovery,closed,closed,night,WSW,20,37,23.10,58.90,ok
3,340,1,indoor,10175,169.58,recovery,closed,closed,night,WSW,20,37,23.10,58.80,ok
3,341,1,indoor,10205,170.08,recovery,closed,closed,night,WSW,20,37,23.20,58.90,ok
3,342,1,indoor,10235,170.58,recovery,closed,closed,night,WSW,20,37,23.10,58.90,ok
3,343,1,indoor,10265,171.08,recovery,closed,closed,night,WSW,20,37,23.20,58.90,ok
3,344,1,indoor,10295,171.58,recovery,closed,closed,night,WSW,20,37,23.10,58.90,ok
3,345,1,indoor,10325,172.08,recovery,closed,closed,night,WSW,20,37,23.20,59.00,ok
3,346,1,indoor,10355,172.58,recovery,closed,closed,night,WSW,20,37,23.20,59.00,ok
3,347,1,indoor,10385,173.08,recovery,closed,closed,night,WSW,20,37,23.10,59.00,ok
3,348,1,indoor,10415,173.58,recovery,closed,closed,night,WSW,20,37,23.10,59.00,ok
3,349,1,indoor,10445,174.08,recovery,closed,closed,night,WSW,20,37,23.10,59.10,ok
3,350,1,indoor,10475,174.58,recovery,closed,closed,night,WSW,20,37,23.20,59.20,ok
3,351,1,indoor,10505,175.08,recovery,closed,closed,night,WSW,20,37,23.20,59.20,ok
3,352,1,indoor,10535,175.58,recovery,closed,closed,night,WSW,20,37,23.20,59.30,ok
3,353,1,indoor,10565,176.08,recovery,closed,closed,night,WSW,20,37,23.20,59.30,ok
3,354,1,indoor,10595,176.58,recovery,closed,closed,night,WSW,20,37,23.20,59.20,ok
3,355,1,indoor,10626,177.10,recovery,closed,closed,night,WSW,20,37,23.20,59.20,ok
3,356,1,indoor,10656,177.60,recovery,closed,closed,night,WSW,20,37,23.20,59.20,ok
3,357,1,indoor,10686,178.10,recovery,closed,closed,night,WSW,20,37,23.20,59.20,ok
3,358,1,indoor,10716,178.60,recovery,closed,closed,night,WSW,20,37,23.20,59.30,ok
3,359,1,indoor,10746,179.10,recovery,closed,closed,night,WSW,20,37,23.10,59.30,ok
3,360,1,indoor,10776,179.60,recovery,closed,closed,night,WSW,20,37,23.20,59.30,ok
3,1,2,outdoor,24,0.40,baseline,closed,closed,night,WSW,20,37,25.50,31.10,ok
3,2,2,outdoor,54,0.90,baseline,closed,closed,night,WSW,20,37,25.40,31.40,ok
3,3,2,outdoor,84,1.40,baseline,closed,closed,night,WSW,20,37,25.40,31.20,ok
3,4,2,outdoor,114,1.90,baseline,closed,closed,night,WSW,20,37,25.40,31.50,ok
3,5,2,outdoor,145,2.42,baseline,closed,closed,night,WSW,20,37,25.30,31.60,ok
3,6,2,outdoor,175,2.92,baseline,closed,closed,night,WSW,20,37,25.30,31.70,ok
3,7,2,outdoor,205,3.42,baseline,closed,closed,night,WSW,20,37,25.30,31.10,ok
3,8,2,outdoor,235,3.92,baseline,closed,closed,night,WSW,20,37,25.30,31.40,ok
3,9,2,outdoor,265,4.42,baseline,closed,closed,night,WSW,20,37,25.40,31.40,ok
3,10,2,outdoor,295,4.92,baseline,closed,closed,night,WSW,20,37,25.30,31.60,ok
3,11,2,outdoor,325,5.42,baseline,closed,closed,night,WSW,20,37,25.30,31.60,ok
3,12,2,outdoor,355,5.92,baseline,closed,closed,night,WSW,20,37,25.30,31.70,ok
3,13,2,outdoor,385,6.42,baseline,closed,closed,night,WSW,20,37,25.20,32.10,ok
3,14,2,outdoor,415,6.92,baseline,closed,closed,night,WSW,20,37,25.20,32.10,ok
3,15,2,outdoor,445,7.42,baseline,closed,closed,night,WSW,20,37,25.10,33.00,ok
3,16,2,outdoor,475,7.92,baseline,closed,closed,night,WSW,20,37,25.10,33.00,ok
3,17,2,outdoor,505,8.42,baseline,closed,closed,night,WSW,20,37,25.00,33.00,ok
3,18,2,outdoor,535,8.92,baseline,closed,closed,night,WSW,20,37,24.90,33.20,ok
3,19,2,outdoor,565,9.42,baseline,closed,closed,night,WSW,20,37,24.90,34.10,ok
3,20,2,outdoor,595,9.92,baseline,closed,closed,night,WSW,20,37,24.70,35.50,ok
3,21,2,outdoor,625,10.42,baseline,closed,closed,night,WSW,20,37,24.50,36.10,ok
3,22,2,outdoor,656,10.93,baseline,closed,closed,night,WSW,20,37,24.40,36.70,ok
3,23,2,outdoor,686,11.43,baseline,closed,closed,night,WSW,20,37,24.40,36.60,ok
3,24,2,outdoor,716,11.93,baseline,closed,closed,night,WSW,20,37,24.30,37.20,ok
3,25,2,outdoor,746,12.43,baseline,closed,closed,night,WSW,20,37,24.20,37.10,ok
3,26,2,outdoor,776,12.93,baseline,closed,closed,night,WSW,20,37,24.20,37.30,ok
3,27,2,outdoor,806,13.43,baseline,closed,closed,night,WSW,20,37,24.10,37.80,ok
3,28,2,outdoor,836,13.93,baseline,closed,closed,night,WSW,20,37,24.10,37.90,ok
3,29,2,outdoor,866,14.43,baseline,closed,closed,night,WSW,20,37,24.10,37.80,ok
3,30,2,outdoor,896,14.93,baseline,closed,closed,night,WSW,20,37,24.10,37.70,ok
3,31,2,outdoor,926,15.43,baseline,closed,closed,night,WSW,20,37,24.10,38.10,ok
3,32,2,outdoor,956,15.93,baseline,closed,closed,night,WSW,20,37,24.00,38.70,ok
3,33,2,outdoor,986,16.43,baseline,closed,closed,night,WSW,20,37,23.80,38.90,ok
3,34,2,outdoor,1016,16.93,baseline,closed,closed,night,WSW,20,37,23.80,39.30,ok
3,35,2,outdoor,1046,17.43,baseline,closed,closed,night,WSW,20,37,23.70,39.30,ok
3,36,2,outdoor,1076,17.93,baseline,closed,closed,night,WSW,20,37,23.70,39.40,ok
3,37,2,outdoor,1106,18.43,baseline,closed,closed,night,WSW,20,37,23.70,39.60,ok
3,38,2,outdoor,1136,18.93,baseline,closed,closed,night,WSW,20,37,23.70,39.60,ok
3,39,2,outdoor,1167,19.45,baseline,closed,closed,night,WSW,20,37,23.60,39.60,ok
3,40,2,outdoor,1197,19.95,baseline,closed,closed,night,WSW,20,37,23.60,39.80,ok
3,41,2,outdoor,1227,20.45,baseline,closed,closed,night,WSW,20,37,23.50,40.10,ok
3,42,2,outdoor,1257,20.95,baseline,closed,closed,night,WSW,20,37,23.50,40.00,ok
3,43,2,outdoor,1287,21.45,baseline,closed,closed,night,WSW,20,37,23.50,40.40,ok
3,44,2,outdoor,1317,21.95,baseline,closed,closed,night,WSW,20,37,23.50,40.30,ok
3,45,2,outdoor,1347,22.45,baseline,closed,closed,night,WSW,20,37,23.40,40.30,ok
3,46,2,outdoor,1377,22.95,baseline,closed,closed,night,WSW,20,37,23.40,40.40,ok
3,47,2,outdoor,1407,23.45,baseline,closed,closed,night,WSW,20,37,23.30,40.70,ok
3,48,2,outdoor,1437,23.95,baseline,closed,closed,night,WSW,20,37,23.30,40.70,ok
3,49,2,outdoor,1467,24.45,baseline,closed,closed,night,WSW,20,37,23.30,40.90,ok
3,50,2,outdoor,1497,24.95,baseline,closed,closed,night,WSW,20,37,23.20,41.00,ok
3,51,2,outdoor,1527,25.45,baseline,closed,closed,night,WSW,20,37,23.10,41.00,ok
3,52,2,outdoor,1557,25.95,baseline,closed,closed,night,WSW,20,37,23.20,41.10,ok
3,53,2,outdoor,1587,26.45,baseline,closed,closed,night,WSW,20,37,23.20,41.30,ok
3,54,2,outdoor,1617,26.95,baseline,closed,closed,night,WSW,20,37,23.10,41.30,ok
3,55,2,outdoor,1647,27.45,baseline,closed,closed,night,WSW,20,37,23.10,41.50,ok
3,56,2,outdoor,1677,27.95,baseline,closed,closed,night,WSW,20,37,23.10,41.70,ok
3,57,2,outdoor,1708,28.47,baseline,closed,closed,night,WSW,20,37,23.00,42.00,ok
3,58,2,outdoor,1738,28.97,baseline,closed,closed,night,WSW,20,37,23.00,42.20,ok
3,59,2,outdoor,1768,29.47,baseline,closed,closed,night,WSW,20,37,22.90,42.70,ok
3,60,2,outdoor,1798,29.97,baseline,closed,closed,night,WSW,20,37,22.80,43.30,ok
3,61,2,outdoor,1828,30.47,baseline,closed,closed,night,WSW,20,37,22.70,43.50,ok
3,62,2,outdoor,1858,30.97,baseline,closed,closed,night,WSW,20,37,22.70,43.70,ok
3,63,2,outdoor,1888,31.47,baseline,closed,closed,night,WSW,20,37,22.60,43.90,ok
3,64,2,outdoor,1918,31.97,baseline,closed,closed,night,WSW,20,37,22.50,44.90,ok
3,65,2,outdoor,1948,32.47,baseline,closed,closed,night,WSW,20,37,22.30,45.10,ok
3,66,2,outdoor,1978,32.97,baseline,closed,closed,night,WSW,20,37,22.30,45.80,ok
3,67,2,outdoor,2008,33.47,baseline,closed,closed,night,WSW,20,37,22.00,47.40,ok
3,68,2,outdoor,2038,33.97,baseline,closed,closed,night,WSW,20,37,21.70,48.50,ok
3,69,2,outdoor,2068,34.47,baseline,closed,closed,night,WSW,20,37,21.80,48.70,ok
3,70,2,outdoor,2098,34.97,baseline,closed,closed,night,WSW,20,37,21.70,48.90,ok
3,71,2,outdoor,2128,35.47,baseline,closed,closed,night,WSW,20,37,21.40,49.70,ok
3,72,2,outdoor,2158,35.97,baseline,closed,closed,night,WSW,20,37,21.40,50.00,ok
3,73,2,outdoor,2188,36.47,baseline,closed,closed,night,WSW,20,37,21.40,50.30,ok
3,74,2,outdoor,2219,36.98,baseline,closed,closed,night,WSW,20,37,21.20,50.80,ok
3,75,2,outdoor,2249,37.48,baseline,closed,closed,night,WSW,20,37,21.30,50.70,ok
3,76,2,outdoor,2279,37.98,baseline,closed,closed,night,WSW,20,37,21.20,50.90,ok
3,77,2,outdoor,2309,38.48,baseline,closed,closed,night,WSW,20,37,21.10,51.50,ok
3,78,2,outdoor,2339,38.98,baseline,closed,closed,night,WSW,20,37,21.10,51.60,ok
3,79,2,outdoor,2369,39.48,baseline,closed,closed,night,WSW,20,37,21.00,52.00,ok
3,80,2,outdoor,2399,39.98,baseline,closed,closed,night,WSW,20,37,20.80,53.00,ok
3,81,2,outdoor,2429,40.48,baseline,closed,closed,night,WSW,20,37,20.70,52.90,ok
3,82,2,outdoor,2459,40.98,baseline,closed,closed,night,WSW,20,37,20.80,52.90,ok
3,83,2,outdoor,2489,41.48,baseline,closed,closed,night,WSW,20,37,20.70,53.20,ok
3,84,2,outdoor,2519,41.98,baseline,closed,closed,night,WSW,20,37,20.60,53.40,ok
3,85,2,outdoor,2549,42.48,baseline,closed,closed,night,WSW,20,37,20.70,53.30,ok
3,86,2,outdoor,2579,42.98,baseline,closed,closed,night,WSW,20,37,20.70,53.50,ok
3,87,2,outdoor,2609,43.48,baseline,closed,closed,night,WSW,20,37,20.60,53.70,ok
3,88,2,outdoor,2639,43.98,baseline,closed,closed,night,WSW,20,37,20.60,53.30,ok
3,89,2,outdoor,2669,44.48,baseline,closed,closed,night,WSW,20,37,20.60,53.60,ok
3,90,2,outdoor,2699,44.98,baseline,closed,closed,night,WSW,20,37,20.50,54.20,ok
3,91,2,outdoor,2730,45.50,baseline,closed,closed,night,WSW,20,37,20.30,54.80,ok
3,92,2,outdoor,2760,46.00,baseline,closed,closed,night,WSW,20,37,20.30,55.00,ok
3,93,2,outdoor,2790,46.50,baseline,closed,closed,night,WSW,20,37,20.30,55.00,ok
3,94,2,outdoor,2820,47.00,baseline,closed,closed,night,WSW,20,37,20.30,54.80,ok
3,95,2,outdoor,2850,47.50,baseline,closed,closed,night,WSW,20,37,20.30,54.90,ok
3,96,2,outdoor,2880,48.00,baseline,closed,closed,night,WSW,20,37,20.30,54.50,ok
3,97,2,outdoor,2910,48.50,baseline,closed,closed,night,WSW,20,37,20.20,55.30,ok
3,98,2,outdoor,2940,49.00,baseline,closed,closed,night,WSW,20,37,20.20,55.50,ok
3,99,2,outdoor,2970,49.50,baseline,closed,closed,night,WSW,20,37,20.10,55.80,ok
3,100,2,outdoor,3000,50.00,baseline,closed,closed,night,WSW,20,37,20.20,55.70,ok
3,101,2,outdoor,3030,50.50,baseline,closed,closed,night,WSW,20,37,20.20,55.50,ok
3,102,2,outdoor,3060,51.00,baseline,closed,closed,night,WSW,20,37,20.00,56.10,ok
3,103,2,outdoor,3090,51.50,baseline,closed,closed,night,WSW,20,37,19.90,56.90,ok
3,104,2,outdoor,3120,52.00,baseline,closed,closed,night,WSW,20,37,19.90,56.60,ok
3,105,2,outdoor,3150,52.50,baseline,closed,closed,night,WSW,20,37,19.90,56.70,ok
3,106,2,outdoor,3180,53.00,baseline,closed,closed,night,WSW,20,37,20.00,56.60,ok
3,107,2,outdoor,3210,53.50,baseline,closed,closed,night,WSW,20,37,20.00,56.60,ok
3,108,2,outdoor,3240,54.00,baseline,closed,closed,night,WSW,20,37,19.90,56.90,ok
3,109,2,outdoor,3271,54.52,baseline,closed,closed,night,WSW,20,37,19.90,57.20,ok
3,110,2,outdoor,3301,55.02,baseline,closed,closed,night,WSW,20,37,19.80,57.70,ok
3,111,2,outdoor,3331,55.52,baseline,closed,closed,night,WSW,20,37,19.70,57.90,ok
3,112,2,outdoor,3361,56.02,baseline,closed,closed,night,WSW,20,37,19.70,58.20,ok
3,113,2,outdoor,3391,56.52,baseline,closed,closed,night,WSW,20,37,19.70,58.20,ok
3,114,2,outdoor,3421,57.02,baseline,closed,closed,night,WSW,20,37,19.70,58.10,ok
3,115,2,outdoor,3451,57.52,baseline,closed,closed,night,WSW,20,37,19.60,58.60,ok
3,116,2,outdoor,3481,58.02,baseline,closed,closed,night,WSW,20,37,19.50,58.90,ok
3,117,2,outdoor,3511,58.52,baseline,closed,closed,night,WSW,20,37,19.50,59.10,ok
3,118,2,outdoor,3541,59.02,baseline,closed,closed,night,WSW,20,37,19.40,59.70,ok
3,119,2,outdoor,3571,59.52,baseline,closed,closed,night,WSW,20,37,19.40,59.10,ok
3,120,2,outdoor,3601,60.02,window_open,open,closed,night,WSW,20,37,19.50,59.40,ok
3,121,2,outdoor,3631,60.52,window_open,open,closed,night,WSW,20,37,19.40,59.90,ok
3,122,2,outdoor,3661,61.02,window_open,open,closed,night,WSW,20,37,19.40,60.20,ok
3,123,2,outdoor,3691,61.52,window_open,open,closed,night,WSW,20,37,19.10,60.90,ok
3,124,2,outdoor,3721,62.02,window_open,open,closed,night,WSW,20,37,19.10,61.50,ok
3,125,2,outdoor,3751,62.52,window_open,open,closed,night,WSW,20,37,19.20,61.40,ok
3,126,2,outdoor,3782,63.03,window_open,open,closed,night,WSW,20,37,19.10,61.50,ok
3,127,2,outdoor,3812,63.53,window_open,open,closed,night,WSW,20,37,19.20,61.20,ok
3,128,2,outdoor,3842,64.03,window_open,open,closed,night,WSW,20,37,19.20,61.20,ok
3,129,2,outdoor,3872,64.53,window_open,open,closed,night,WSW,20,37,19.20,60.70,ok
3,130,2,outdoor,3902,65.03,window_open,open,closed,night,WSW,20,37,19.30,60.30,ok
3,131,2,outdoor,3932,65.53,window_open,open,closed,night,WSW,20,37,19.40,60.40,ok
3,132,2,outdoor,3962,66.03,window_open,open,closed,night,WSW,20,37,19.30,61.40,ok
3,133,2,outdoor,3992,66.53,window_open,open,closed,night,WSW,20,37,19.30,61.60,ok
3,134,2,outdoor,4022,67.03,window_open,open,closed,night,WSW,20,37,19.10,62.20,ok
3,135,2,outdoor,4052,67.53,window_open,open,closed,night,WSW,20,37,19.00,61.90,ok
3,136,2,outdoor,4082,68.03,window_open,open,closed,night,WSW,20,37,19.10,62.40,ok
3,137,2,outdoor,4112,68.53,window_open,open,closed,night,WSW,20,37,19.00,62.80,ok
3,138,2,outdoor,4142,69.03,window_open,open,closed,night,WSW,20,37,19.00,62.80,ok
3,139,2,outdoor,4172,69.53,window_open,open,closed,night,WSW,20,37,19.00,62.80,ok
3,140,2,outdoor,4202,70.03,window_open,open,closed,night,WSW,20,37,18.90,62.90,ok
3,141,2,outdoor,4232,70.53,window_open,open,closed,night,WSW,20,37,18.90,63.30,ok
3,142,2,outdoor,4262,71.03,window_open,open,closed,night,WSW,20,37,18.70,63.80,ok
3,143,2,outdoor,4292,71.53,window_open,open,closed,night,WSW,20,37,18.70,63.80,ok
3,144,2,outdoor,4323,72.05,window_open,open,closed,night,WSW,20,37,18.60,64.30,ok
3,145,2,outdoor,4353,72.55,window_open,open,closed,night,WSW,20,37,18.40,65.00,ok
3,146,2,outdoor,4383,73.05,window_open,open,closed,night,WSW,20,37,18.30,65.30,ok
3,147,2,outdoor,4413,73.55,window_open,open,closed,night,WSW,20,37,18.30,65.10,ok
3,148,2,outdoor,4443,74.05,window_open,open,closed,night,WSW,20,37,18.30,65.00,ok
3,149,2,outdoor,4473,74.55,window_open,open,closed,night,WSW,20,37,18.40,64.80,ok
3,150,2,outdoor,4503,75.05,window_open,open,closed,night,WSW,20,37,18.40,64.70,ok
3,151,2,outdoor,4533,75.55,window_open,open,closed,night,WSW,20,37,18.40,64.70,ok
3,152,2,outdoor,4563,76.05,window_open,open,closed,night,WSW,20,37,18.40,65.00,ok
3,153,2,outdoor,4593,76.55,window_open,open,closed,night,WSW,20,37,18.30,65.60,ok
3,154,2,outdoor,4623,77.05,window_open,open,closed,night,WSW,20,37,18.20,65.90,ok
3,155,2,outdoor,4653,77.55,window_open,open,closed,night,WSW,20,37,18.20,65.60,ok
3,156,2,outdoor,4683,78.05,window_open,open,closed,night,WSW,20,37,18.30,65.10,ok
3,157,2,outdoor,4713,78.55,window_open,open,closed,night,WSW,20,37,18.20,65.90,ok
3,158,2,outdoor,4743,79.05,window_open,open,closed,night,WSW,20,37,18.30,65.80,ok
3,159,2,outdoor,4773,79.55,window_open,open,closed,night,WSW,20,37,18.30,65.60,ok
3,160,2,outdoor,4803,80.05,window_open,open,closed,night,WSW,20,37,18.20,66.20,ok
3,161,2,outdoor,4834,80.57,window_open,open,closed,night,WSW,20,37,18.20,66.10,ok
3,162,2,outdoor,4864,81.07,window_open,open,closed,night,WSW,20,37,18.20,66.00,ok
3,163,2,outdoor,4894,81.57,window_open,open,closed,night,WSW,20,37,18.20,66.10,ok
3,164,2,outdoor,4924,82.07,window_open,open,closed,night,WSW,20,37,18.10,66.50,ok
3,165,2,outdoor,4954,82.57,window_open,open,closed,night,WSW,20,37,18.20,66.30,ok
3,166,2,outdoor,4984,83.07,window_open,open,closed,night,WSW,20,37,18.20,65.20,ok
3,167,2,outdoor,5014,83.57,window_open,open,closed,night,WSW,20,37,18.30,65.70,ok
3,168,2,outdoor,5044,84.07,window_open,open,closed,night,WSW,20,37,18.30,65.80,ok
3,169,2,outdoor,5074,84.57,window_open,open,closed,night,WSW,20,37,18.30,65.50,ok
3,170,2,outdoor,5104,85.07,window_open,open,closed,night,WSW,20,37,18.30,65.20,ok
3,171,2,outdoor,5134,85.57,window_open,open,closed,night,WSW,20,37,18.20,66.00,ok
3,172,2,outdoor,5164,86.07,window_open,open,closed,night,WSW,20,37,18.10,66.60,ok
3,173,2,outdoor,5194,86.57,window_open,open,closed,night,WSW,20,37,17.90,67.60,ok
3,174,2,outdoor,5224,87.07,window_open,open,closed,night,WSW,20,37,17.70,68.00,ok
3,175,2,outdoor,5254,87.57,window_open,open,closed,night,WSW,20,37,17.80,67.90,ok
3,176,2,outdoor,5284,88.07,window_open,open,closed,night,WSW,20,37,17.80,68.00,ok
3,177,2,outdoor,5314,88.57,window_open,open,closed,night,WSW,20,37,17.80,67.70,ok
3,178,2,outdoor,5344,89.07,window_open,open,closed,night,WSW,20,37,17.90,67.60,ok
3,179,2,outdoor,5375,89.58,window_open,open,closed,night,WSW,20,37,17.80,68.20,ok
3,180,2,outdoor,5405,90.08,window_open,open,closed,night,WSW,20,37,17.70,68.60,ok
3,181,2,outdoor,5435,90.58,window_open,open,closed,night,WSW,20,37,17.60,68.90,ok
3,182,2,outdoor,5465,91.08,window_open,open,closed,night,WSW,20,37,17.60,68.70,ok
3,183,2,outdoor,5495,91.58,window_open,open,closed,night,WSW,20,37,17.60,68.50,ok
3,184,2,outdoor,5525,92.08,window_open,open,closed,night,WSW,20,37,17.60,68.80,ok
3,185,2,outdoor,5555,92.58,window_open,open,closed,night,WSW,20,37,17.60,69.00,ok
3,186,2,outdoor,5585,93.08,window_open,open,closed,night,WSW,20,37,17.60,68.30,ok
3,187,2,outdoor,5615,93.58,window_open,open,closed,night,WSW,20,37,17.60,68.90,ok
3,188,2,outdoor,5645,94.08,window_open,open,closed,night,WSW,20,37,17.50,69.40,ok
3,189,2,outdoor,5675,94.58,window_open,open,closed,night,WSW,20,37,17.40,69.70,ok
3,190,2,outdoor,5705,95.08,window_open,open,closed,night,WSW,20,37,17.40,70.00,ok
3,191,2,outdoor,5735,95.58,window_open,open,closed,night,WSW,20,37,17.30,70.10,ok
3,192,2,outdoor,5765,96.08,window_open,open,closed,night,WSW,20,37,17.40,69.90,ok
3,193,2,outdoor,5795,96.58,window_open,open,closed,night,WSW,20,37,17.30,70.00,ok
3,194,2,outdoor,5825,97.08,window_open,open,closed,night,WSW,20,37,17.40,69.90,ok
3,195,2,outdoor,5855,97.58,window_open,open,closed,night,WSW,20,37,17.40,69.40,ok
3,196,2,outdoor,5885,98.08,window_open,open,closed,night,WSW,20,37,17.50,69.20,ok
3,197,2,outdoor,5916,98.60,window_open,open,closed,night,WSW,20,37,17.50,69.00,ok
3,198,2,outdoor,5946,99.10,window_open,open,closed,night,WSW,20,37,17.60,68.90,ok
3,199,2,outdoor,5976,99.60,window_open,open,closed,night,WSW,20,37,17.50,69.30,ok
3,200,2,outdoor,6006,100.10,window_open,open,closed,night,WSW,20,37,17.50,68.60,ok
3,201,2,outdoor,6036,100.60,window_open,open,closed,night,WSW,20,37,17.50,69.00,ok
3,202,2,outdoor,6066,101.10,window_open,open,closed,night,WSW,20,37,17.40,69.80,ok
3,203,2,outdoor,6096,101.60,window_open,open,closed,night,WSW,20,37,17.40,69.50,ok
3,204,2,outdoor,6126,102.10,window_open,open,closed,night,WSW,20,37,17.40,69.70,ok
3,205,2,outdoor,6156,102.60,window_open,open,closed,night,WSW,20,37,17.40,69.90,ok
3,206,2,outdoor,6186,103.10,window_open,open,closed,night,WSW,20,37,17.30,70.10,ok
3,207,2,outdoor,6216,103.60,window_open,open,closed,night,WSW,20,37,17.30,70.00,ok
3,208,2,outdoor,6246,104.10,window_open,open,closed,night,WSW,20,37,17.30,70.00,ok
3,209,2,outdoor,6276,104.60,window_open,open,closed,night,WSW,20,37,17.40,69.20,ok
3,210,2,outdoor,6306,105.10,window_open,open,closed,night,WSW,20,37,17.40,69.20,ok
3,211,2,outdoor,6336,105.60,window_open,open,closed,night,WSW,20,37,17.40,70.10,ok
3,212,2,outdoor,6366,106.10,window_open,open,closed,night,WSW,20,37,17.40,69.80,ok
3,213,2,outdoor,6396,106.60,window_open,open,closed,night,WSW,20,37,17.40,70.00,ok
3,214,2,outdoor,6427,107.12,window_open,open,closed,night,WSW,20,37,17.30,69.80,ok
3,215,2,outdoor,6457,107.62,window_open,open,closed,night,WSW,20,37,17.30,70.00,ok
3,216,2,outdoor,6487,108.12,window_open,open,closed,night,WSW,20,37,17.20,70.30,ok
3,217,2,outdoor,6517,108.62,window_open,open,closed,night,WSW,20,37,17.30,69.50,ok
3,218,2,outdoor,6547,109.12,window_open,open,closed,night,WSW,20,37,17.30,69.80,ok
3,219,2,outdoor,6577,109.62,window_open,open,closed,night,WSW,20,37,17.20,70.50,ok
3,220,2,outdoor,6607,110.12,window_open,open,closed,night,WSW,20,37,17.10,70.60,ok
3,221,2,outdoor,6637,110.62,window_open,open,closed,night,WSW,20,37,17.20,70.50,ok
3,222,2,outdoor,6667,111.12,window_open,open,closed,night,WSW,20,37,17.00,71.10,ok
3,223,2,outdoor,6697,111.62,window_open,open,closed,night,WSW,20,37,16.90,71.90,ok
3,224,2,outdoor,6727,112.12,window_open,open,closed,night,WSW,20,37,17.00,71.10,ok
3,225,2,outdoor,6757,112.62,window_open,open,closed,night,WSW,20,37,17.00,71.10,ok
3,226,2,outdoor,6787,113.12,window_open,open,closed,night,WSW,20,37,17.00,71.00,ok
3,227,2,outdoor,6817,113.62,window_open,open,closed,night,WSW,20,37,16.90,71.80,ok
3,228,2,outdoor,6847,114.12,window_open,open,closed,night,WSW,20,37,16.80,72.00,ok
3,229,2,outdoor,6877,114.62,window_open,open,closed,night,WSW,20,37,16.90,71.30,ok
3,230,2,outdoor,6907,115.12,window_open,open,closed,night,WSW,20,37,17.00,70.50,ok
3,231,2,outdoor,6937,115.62,window_open,open,closed,night,WSW,20,37,17.10,70.40,ok
3,232,2,outdoor,6968,116.13,window_open,open,closed,night,WSW,20,37,17.10,70.20,ok
3,233,2,outdoor,6998,116.63,window_open,open,closed,night,WSW,20,37,17.10,70.00,ok
3,234,2,outdoor,7028,117.13,window_open,open,closed,night,WSW,20,37,17.10,69.50,ok
3,235,2,outdoor,7058,117.63,window_open,open,closed,night,WSW,20,37,17.00,70.20,ok
3,236,2,outdoor,7088,118.13,window_open,open,closed,night,WSW,20,37,17.00,70.10,ok
3,237,2,outdoor,7118,118.63,window_open,open,closed,night,WSW,20,37,17.00,70.10,ok
3,238,2,outdoor,7148,119.13,window_open,open,closed,night,WSW,20,37,17.00,70.10,ok
3,239,2,outdoor,7178,119.63,window_open,open,closed,night,WSW,20,37,16.90,70.60,ok
3,240,2,outdoor,7208,120.13,recovery,closed,closed,night,WSW,20,37,16.90,70.80,ok
3,241,2,outdoor,7238,120.63,recovery,closed,closed,night,WSW,20,37,16.70,70.90,ok
3,242,2,outdoor,7268,121.13,recovery,closed,closed,night,WSW,20,37,16.70,71.30,ok
3,243,2,outdoor,7298,121.63,recovery,closed,closed,night,WSW,20,37,16.70,71.80,ok
3,244,2,outdoor,7328,122.13,recovery,closed,closed,night,WSW,20,37,16.70,71.10,ok
3,245,2,outdoor,7358,122.63,recovery,closed,closed,night,WSW,20,37,16.80,71.30,ok
3,246,2,outdoor,7388,123.13,recovery,closed,closed,night,WSW,20,37,16.80,70.70,ok
3,247,2,outdoor,7418,123.63,recovery,closed,closed,night,WSW,20,37,16.70,71.10,ok
3,248,2,outdoor,7448,124.13,recovery,closed,closed,night,WSW,20,37,16.80,70.90,ok
3,249,2,outdoor,7478,124.63,recovery,closed,closed,night,WSW,20,37,16.80,70.90,ok
3,250,2,outdoor,7509,125.15,recovery,closed,closed,night,WSW,20,37,16.80,71.00,ok
3,251,2,outdoor,7539,125.65,recovery,closed,closed,night,WSW,20,37,16.80,70.60,ok
3,252,2,outdoor,7569,126.15,recovery,closed,closed,night,WSW,20,37,16.80,70.40,ok
3,253,2,outdoor,7599,126.65,recovery,closed,closed,night,WSW,20,37,16.70,70.70,ok
3,254,2,outdoor,7629,127.15,recovery,closed,closed,night,WSW,20,37,16.70,70.80,ok
3,255,2,outdoor,7659,127.65,recovery,closed,closed,night,WSW,20,37,16.70,71.10,ok
3,256,2,outdoor,7689,128.15,recovery,closed,closed,night,WSW,20,37,16.70,71.00,ok
3,257,2,outdoor,7719,128.65,recovery,closed,closed,night,WSW,20,37,16.70,70.40,ok
3,258,2,outdoor,7749,129.15,recovery,closed,closed,night,WSW,20,37,16.70,71.10,ok
3,259,2,outdoor,7779,129.65,recovery,closed,closed,night,WSW,20,37,16.60,71.00,ok
3,260,2,outdoor,7809,130.15,recovery,closed,closed,night,WSW,20,37,16.70,70.60,ok
3,261,2,outdoor,7839,130.65,recovery,closed,closed,night,WSW,20,37,16.70,70.70,ok
3,262,2,outdoor,7869,131.15,recovery,closed,closed,night,WSW,20,37,16.70,70.60,ok
3,263,2,outdoor,7899,131.65,recovery,closed,closed,night,WSW,20,37,16.70,70.10,ok
3,264,2,outdoor,7929,132.15,recovery,closed,closed,night,WSW,20,37,16.80,70.10,ok
3,265,2,outdoor,7959,132.65,recovery,closed,closed,night,WSW,20,37,16.70,70.20,ok
3,266,2,outdoor,7989,133.15,recovery,closed,closed,night,WSW,20,37,16.60,70.70,ok
3,267,2,outdoor,8019,133.65,recovery,closed,closed,night,WSW,20,37,16.50,71.00,ok
3,268,2,outdoor,8050,134.17,recovery,closed,closed,night,WSW,20,37,16.60,70.80,ok
3,269,2,outdoor,8080,134.67,recovery,closed,closed,night,WSW,20,37,16.50,71.10,ok
3,270,2,outdoor,8110,135.17,recovery,closed,closed,night,WSW,20,37,16.50,71.10,ok
3,271,2,outdoor,8140,135.67,recovery,closed,closed,night,WSW,20,37,16.50,71.20,ok
3,272,2,outdoor,8170,136.17,recovery,closed,closed,night,WSW,20,37,16.50,71.30,ok
3,273,2,outdoor,8200,136.67,recovery,closed,closed,night,WSW,20,37,16.50,70.90,ok
3,274,2,outdoor,8230,137.17,recovery,closed,closed,night,WSW,20,37,16.60,70.70,ok
3,275,2,outdoor,8260,137.67,recovery,closed,closed,night,WSW,20,37,16.60,70.80,ok
3,276,2,outdoor,8290,138.17,recovery,closed,closed,night,WSW,20,37,16.60,70.90,ok
3,277,2,outdoor,8320,138.67,recovery,closed,closed,night,WSW,20,37,16.50,70.80,ok
3,278,2,outdoor,8350,139.17,recovery,closed,closed,night,WSW,20,37,16.60,70.70,ok
3,279,2,outdoor,8380,139.67,recovery,closed,closed,night,WSW,20,37,16.50,70.80,ok
3,280,2,outdoor,8410,140.17,recovery,closed,closed,night,WSW,20,37,16.50,70.70,ok
3,281,2,outdoor,8440,140.67,recovery,closed,closed,night,WSW,20,37,16.40,71.60,ok
3,282,2,outdoor,8470,141.17,recovery,closed,closed,night,WSW,20,37,16.30,72.10,ok
3,283,2,outdoor,8500,141.67,recovery,closed,closed,night,WSW,20,37,16.30,72.10,ok
3,284,2,outdoor,8530,142.17,recovery,closed,closed,night,WSW,20,37,16.30,72.00,ok
3,285,2,outdoor,8560,142.67,recovery,closed,closed,night,WSW,20,37,16.30,71.90,ok
3,286,2,outdoor,8591,143.18,recovery,closed,closed,night,WSW,20,37,16.30,72.10,ok
3,287,2,outdoor,8621,143.68,recovery,closed,closed,night,WSW,20,37,16.30,71.50,ok
3,288,2,outdoor,8651,144.18,recovery,closed,closed,night,WSW,20,37,16.40,71.60,ok
3,289,2,outdoor,8681,144.68,recovery,closed,closed,night,WSW,20,37,16.40,71.50,ok
3,290,2,outdoor,8711,145.18,recovery,closed,closed,night,WSW,20,37,16.30,71.90,ok
3,291,2,outdoor,8741,145.68,recovery,closed,closed,night,WSW,20,37,16.30,72.00,ok
3,292,2,outdoor,8771,146.18,recovery,closed,closed,night,WSW,20,37,16.30,71.80,ok
3,293,2,outdoor,8801,146.68,recovery,closed,closed,night,WSW,20,37,16.30,71.60,ok
3,294,2,outdoor,8831,147.18,recovery,closed,closed,night,WSW,20,37,16.30,71.80,ok
3,295,2,outdoor,8861,147.68,recovery,closed,closed,night,WSW,20,37,16.30,72.00,ok
3,296,2,outdoor,8891,148.18,recovery,closed,closed,night,WSW,20,37,16.20,71.90,ok
3,297,2,outdoor,8921,148.68,recovery,closed,closed,night,WSW,20,37,16.20,72.10,ok
3,298,2,outdoor,8951,149.18,recovery,closed,closed,night,WSW,20,37,16.20,71.90,ok
3,299,2,outdoor,8981,149.68,recovery,closed,closed,night,WSW,20,37,16.20,72.10,ok
3,300,2,outdoor,9011,150.18,recovery,closed,closed,night,WSW,20,37,16.20,72.20,ok
3,301,2,outdoor,9041,150.68,recovery,closed,closed,night,WSW,20,37,16.20,72.40,ok
3,302,2,outdoor,9071,151.18,recovery,closed,closed,night,WSW,20,37,16.20,72.20,ok
3,303,2,outdoor,9102,151.70,recovery,closed,closed,night,WSW,20,37,16.20,72.40,ok
3,304,2,outdoor,9132,152.20,recovery,closed,closed,night,WSW,20,37,16.20,72.30,ok
3,305,2,outdoor,9162,152.70,recovery,closed,closed,night,WSW,20,37,16.20,72.20,ok
3,306,2,outdoor,9192,153.20,recovery,closed,closed,night,WSW,20,37,16.10,72.30,ok
3,307,2,outdoor,9222,153.70,recovery,closed,closed,night,WSW,20,37,16.20,72.00,ok
3,308,2,outdoor,9252,154.20,recovery,closed,closed,night,WSW,20,37,16.10,72.20,ok
3,309,2,outdoor,9282,154.70,recovery,closed,closed,night,WSW,20,37,16.20,72.00,ok
3,310,2,outdoor,9312,155.20,recovery,closed,closed,night,WSW,20,37,16.10,72.00,ok
3,311,2,outdoor,9342,155.70,recovery,closed,closed,night,WSW,20,37,16.20,71.90,ok
3,312,2,outdoor,9372,156.20,recovery,closed,closed,night,WSW,20,37,16.20,71.80,ok
3,313,2,outdoor,9402,156.70,recovery,closed,closed,night,WSW,20,37,16.10,72.00,ok
3,314,2,outdoor,9432,157.20,recovery,closed,closed,night,WSW,20,37,16.10,72.10,ok
3,315,2,outdoor,9462,157.70,recovery,closed,closed,night,WSW,20,37,16.10,71.90,ok
3,316,2,outdoor,9492,158.20,recovery,closed,closed,night,WSW,20,37,16.10,72.10,ok
3,317,2,outdoor,9522,158.70,recovery,closed,closed,night,WSW,20,37,16.10,72.00,ok
3,318,2,outdoor,9552,159.20,recovery,closed,closed,night,WSW,20,37,16.10,71.90,ok
3,319,2,outdoor,9582,159.70,recovery,closed,closed,night,WSW,20,37,16.10,71.50,ok
3,320,2,outdoor,9612,160.20,recovery,closed,closed,night,WSW,20,37,16.20,71.20,ok
3,321,2,outdoor,9643,160.72,recovery,closed,closed,night,WSW,20,37,16.10,71.50,ok
3,322,2,outdoor,9673,161.22,recovery,closed,closed,night,WSW,20,37,16.10,71.60,ok
3,323,2,outdoor,9703,161.72,recovery,closed,closed,night,WSW,20,37,16.10,71.60,ok
3,324,2,outdoor,9733,162.22,recovery,closed,closed,night,WSW,20,37,16.10,71.20,ok
3,325,2,outdoor,9763,162.72,recovery,closed,closed,night,WSW,20,37,16.10,71.30,ok
3,326,2,outdoor,9793,163.22,recovery,closed,closed,night,WSW,20,37,16.10,71.00,ok
3,327,2,outdoor,9823,163.72,recovery,closed,closed,night,WSW,20,37,16.10,71.30,ok
3,328,2,outdoor,9853,164.22,recovery,closed,closed,night,WSW,20,37,16.10,71.70,ok
3,329,2,outdoor,9883,164.72,recovery,closed,closed,night,WSW,20,37,16.10,71.50,ok
3,330,2,outdoor,9913,165.22,recovery,closed,closed,night,WSW,20,37,16.00,71.20,ok
3,331,2,outdoor,9943,165.72,recovery,closed,closed,night,WSW,20,37,16.10,71.10,ok
3,332,2,outdoor,9973,166.22,recovery,closed,closed,night,WSW,20,37,16.10,71.10,ok
3,333,2,outdoor,10003,166.72,recovery,closed,closed,night,WSW,20,37,16.10,70.90,ok
3,334,2,outdoor,10033,167.22,recovery,closed,closed,night,WSW,20,37,16.10,71.00,ok
3,335,2,outdoor,10063,167.72,recovery,closed,closed,night,WSW,20,37,16.10,70.70,ok
3,336,2,outdoor,10093,168.22,recovery,closed,closed,night,WSW,20,37,16.10,71.00,ok
3,337,2,outdoor,10123,168.72,recovery,closed,closed,night,WSW,20,37,16.10,70.80,ok
3,338,2,outdoor,10153,169.22,recovery,closed,closed,night,WSW,20,37,16.20,70.70,ok
3,339,2,outdoor,10184,169.73,recovery,closed,closed,night,WSW,20,37,16.20,70.60,ok
3,340,2,outdoor,10214,170.23,recovery,closed,closed,night,WSW,20,37,16.10,70.70,ok
3,341,2,outdoor,10244,170.73,recovery,closed,closed,night,WSW,20,37,16.10,71.10,ok
3,342,2,outdoor,10274,171.23,recovery,closed,closed,night,WSW,20,37,16.10,70.90,ok
3,343,2,outdoor,10304,171.73,recovery,closed,closed,night,WSW,20,37,16.10,70.90,ok
3,344,2,outdoor,10334,172.23,recovery,closed,closed,night,WSW,20,37,16.10,71.00,ok
3,345,2,outdoor,10364,172.73,recovery,closed,closed,night,WSW,20,37,16.00,71.00,ok
3,346,2,outdoor,10394,173.23,recovery,closed,closed,night,WSW,20,37,16.00,71.30,ok
3,347,2,outdoor,10424,173.73,recovery,closed,closed,night,WSW,20,37,16.00,71.20,ok
3,348,2,outdoor,10454,174.23,recovery,closed,closed,night,WSW,20,37,16.00,71.10,ok
3,349,2,outdoor,10484,174.73,recovery,closed,closed,night,WSW,20,37,16.00,71.00,ok
3,350,2,outdoor,10514,175.23,recovery,closed,closed,night,WSW,20,37,16.00,71.10,ok
3,351,2,outdoor,10544,175.73,recovery,closed,closed,night,WSW,20,37,16.00,71.20,ok
3,352,2,outdoor,10574,176.23,recovery,closed,closed,night,WSW,20,37,15.90,71.10,ok
3,353,2,outdoor,10604,176.73,recovery,closed,closed,night,WSW,20,37,16.00,71.20,ok
3,354,2,outdoor,10634,177.23,recovery,closed,closed,night,WSW,20,37,15.90,71.10,ok
3,355,2,outdoor,10664,177.73,recovery,closed,closed,night,WSW,20,37,16.00,70.70,ok
3,356,2,outdoor,10694,178.23,recovery,closed,closed,night,WSW,20,37,16.00,70.90,ok
3,357,2,outdoor,10725,178.75,recovery,closed,closed,night,WSW,20,37,16.00,70.80,ok
3,358,2,outdoor,10755,179.25,recovery,closed,closed,night,WSW,20,37,15.90,70.90,ok
3,359,2,outdoor,10785,179.75,recovery,closed,closed,night,WSW,20,37,15.90,71.00,ok
4,1,1,indoor,1,0.02,baseline,closed,open,morning,SW,11,20,16.60,65.80,ok
4,2,1,indoor,31,0.52,baseline,closed,open,morning,SW,11,20,16.60,65.80,ok
4,3,1,indoor,61,1.02,baseline,closed,open,morning,SW,11,20,16.60,65.90,ok
4,4,1,indoor,91,1.52,baseline,closed,open,morning,SW,11,20,16.60,66.00,ok
4,5,1,indoor,121,2.02,baseline,closed,open,morning,SW,11,20,16.60,66.10,ok
4,6,1,indoor,151,2.52,baseline,closed,open,morning,SW,11,20,16.50,66.10,ok
4,7,1,indoor,181,3.02,baseline,closed,open,morning,SW,11,20,16.50,66.20,ok
4,8,1,indoor,211,3.52,baseline,closed,open,morning,SW,11,20,16.50,66.20,ok
4,9,1,indoor,271,4.52,baseline,closed,open,morning,SW,11,20,16.50,66.30,ok
4,10,1,indoor,301,5.02,baseline,closed,open,morning,SW,11,20,16.60,66.30,ok
4,11,1,indoor,331,5.52,baseline,closed,open,morning,SW,11,20,16.50,66.40,ok
4,12,1,indoor,361,6.02,baseline,closed,open,morning,SW,11,20,16.50,66.40,ok
4,13,1,indoor,391,6.52,baseline,closed,open,morning,SW,11,20,16.60,66.40,ok
4,14,1,indoor,421,7.02,baseline,closed,open,morning,SW,11,20,16.50,66.40,ok
4,15,1,indoor,451,7.52,baseline,closed,open,morning,SW,11,20,16.50,66.50,ok
4,16,1,indoor,481,8.02,baseline,closed,open,morning,SW,11,20,16.60,66.40,ok
4,17,1,indoor,511,8.52,baseline,closed,open,morning,SW,11,20,16.50,66.10,ok
4,18,1,indoor,541,9.02,baseline,closed,open,morning,SW,11,20,16.50,65.90,ok
4,19,1,indoor,571,9.52,baseline,closed,open,morning,SW,11,20,16.60,66.00,ok
4,20,1,indoor,601,10.02,baseline,closed,open,morning,SW,11,20,16.50,66.00,ok
4,21,1,indoor,631,10.52,baseline,closed,open,morning,SW,11,20,16.50,66.00,ok
4,22,1,indoor,661,11.02,baseline,closed,open,morning,SW,11,20,16.50,65.80,ok
4,23,1,indoor,691,11.52,baseline,closed,open,morning,SW,11,20,16.50,66.00,ok
4,24,1,indoor,721,12.02,baseline,closed,open,morning,SW,11,20,16.50,66.10,ok
4,25,1,indoor,751,12.52,baseline,closed,open,morning,SW,11,20,16.50,66.20,ok
4,26,1,indoor,781,13.02,baseline,closed,open,morning,SW,11,20,16.50,66.20,ok
4,27,1,indoor,811,13.52,baseline,closed,open,morning,SW,11,20,16.50,66.30,ok
4,28,1,indoor,841,14.02,baseline,closed,open,morning,SW,11,20,16.50,66.30,ok
4,29,1,indoor,871,14.52,baseline,closed,open,morning,SW,11,20,16.50,66.30,ok
4,30,1,indoor,901,15.02,baseline,closed,open,morning,SW,11,20,16.50,66.30,ok
4,31,1,indoor,931,15.52,baseline,closed,open,morning,SW,11,20,16.50,66.30,ok
4,32,1,indoor,961,16.02,baseline,closed,open,morning,SW,11,20,16.60,66.30,ok
4,33,1,indoor,991,16.52,baseline,closed,open,morning,SW,11,20,16.50,66.30,ok
4,34,1,indoor,1021,17.02,baseline,closed,open,morning,SW,11,20,16.50,66.30,ok
4,35,1,indoor,1051,17.52,baseline,closed,open,morning,SW,11,20,16.60,66.30,ok
4,36,1,indoor,1081,18.02,baseline,closed,open,morning,SW,11,20,16.60,66.30,ok
4,37,1,indoor,1111,18.52,baseline,closed,open,morning,SW,11,20,16.60,66.30,ok
4,38,1,indoor,1141,19.02,baseline,closed,open,morning,SW,11,20,16.60,66.30,ok
4,39,1,indoor,1171,19.52,baseline,closed,open,morning,SW,11,20,16.60,66.30,ok
4,40,1,indoor,1201,20.02,baseline,closed,open,morning,SW,11,20,16.60,66.30,ok
4,41,1,indoor,1231,20.52,baseline,closed,open,morning,SW,11,20,16.60,66.30,ok
4,42,1,indoor,1261,21.02,baseline,closed,open,morning,SW,11,20,16.60,66.30,ok
4,43,1,indoor,1291,21.52,baseline,closed,open,morning,SW,11,20,16.60,66.30,ok
4,44,1,indoor,1321,22.02,baseline,closed,open,morning,SW,11,20,16.60,66.20,ok
4,45,1,indoor,1351,22.52,baseline,closed,open,morning,SW,11,20,16.60,66.20,ok
4,46,1,indoor,1381,23.02,baseline,closed,open,morning,SW,11,20,16.60,66.40,ok
4,47,1,indoor,1411,23.52,baseline,closed,open,morning,SW,11,20,16.60,66.50,ok
4,48,1,indoor,1441,24.02,baseline,closed,open,morning,SW,11,20,16.60,66.50,ok
4,49,1,indoor,1471,24.52,baseline,closed,open,morning,SW,11,20,16.60,66.60,ok
4,50,1,indoor,1501,25.02,baseline,closed,open,morning,SW,11,20,16.60,66.60,ok
4,51,1,indoor,1531,25.52,baseline,closed,open,morning,SW,11,20,16.60,66.60,ok
4,52,1,indoor,1561,26.02,baseline,closed,open,morning,SW,11,20,16.60,66.80,ok
4,53,1,indoor,1591,26.52,baseline,closed,open,morning,SW,11,20,16.60,66.90,ok
4,54,1,indoor,1621,27.02,baseline,closed,open,morning,SW,11,20,16.60,66.90,ok
4,55,1,indoor,1651,27.52,baseline,closed,open,morning,SW,11,20,16.60,67.00,ok
4,56,1,indoor,1681,28.02,baseline,closed,open,morning,SW,11,20,16.60,67.10,ok
4,57,1,indoor,1711,28.52,baseline,closed,open,morning,SW,11,20,16.60,67.10,ok
4,58,1,indoor,1741,29.02,baseline,closed,open,morning,SW,11,20,16.60,67.10,ok
4,59,1,indoor,1771,29.52,baseline,closed,open,morning,SW,11,20,16.60,67.20,ok
4,60,1,indoor,1801,30.02,baseline,closed,open,morning,SW,11,20,16.60,67.40,ok
4,61,1,indoor,1831,30.52,baseline,closed,open,morning,SW,11,20,16.60,67.40,ok
4,62,1,indoor,1861,31.02,baseline,closed,open,morning,SW,11,20,16.60,67.50,ok
4,63,1,indoor,1891,31.52,baseline,closed,open,morning,SW,11,20,16.60,67.70,ok
4,64,1,indoor,1921,32.02,baseline,closed,open,morning,SW,11,20,16.60,67.80,ok
4,65,1,indoor,1951,32.52,baseline,closed,open,morning,SW,11,20,16.60,67.80,ok
4,66,1,indoor,1981,33.02,baseline,closed,open,morning,SW,11,20,16.60,68.00,ok
4,67,1,indoor,2011,33.52,baseline,closed,open,morning,SW,11,20,16.60,68.00,ok
4,68,1,indoor,2041,34.02,baseline,closed,open,morning,SW,11,20,16.60,67.80,ok
4,69,1,indoor,2071,34.52,baseline,closed,open,morning,SW,11,20,16.60,67.90,ok
4,70,1,indoor,2101,35.02,baseline,closed,open,morning,SW,11,20,16.60,68.00,ok
4,71,1,indoor,2131,35.52,baseline,closed,open,morning,SW,11,20,16.70,68.10,ok
4,72,1,indoor,2161,36.02,baseline,closed,open,morning,SW,11,20,16.70,68.00,ok
4,73,1,indoor,2191,36.52,baseline,closed,open,morning,SW,11,20,16.60,67.90,ok
4,74,1,indoor,2221,37.02,baseline,closed,open,morning,SW,11,20,16.60,68.00,ok
4,75,1,indoor,2251,37.52,baseline,closed,open,morning,SW,11,20,16.70,68.10,ok
4,76,1,indoor,2281,38.02,baseline,closed,open,morning,SW,11,20,16.70,68.10,ok
4,77,1,indoor,2311,38.52,baseline,closed,open,morning,SW,11,20,16.70,68.10,ok
4,78,1,indoor,2342,39.03,baseline,closed,open,morning,SW,11,20,16.70,68.00,ok
4,79,1,indoor,2372,39.53,baseline,closed,open,morning,SW,11,20,16.70,68.10,ok
4,80,1,indoor,2402,40.03,baseline,closed,open,morning,SW,11,20,16.70,68.20,ok
4,81,1,indoor,2432,40.53,baseline,closed,open,morning,SW,11,20,16.70,68.00,ok
4,82,1,indoor,2462,41.03,baseline,closed,open,morning,SW,11,20,16.70,68.00,ok
4,83,1,indoor,2492,41.53,baseline,closed,open,morning,SW,11,20,16.70,68.00,ok
4,84,1,indoor,2522,42.03,baseline,closed,open,morning,SW,11,20,16.70,68.10,ok
4,85,1,indoor,2552,42.53,baseline,closed,open,morning,SW,11,20,16.70,68.10,ok
4,86,1,indoor,2582,43.03,baseline,closed,open,morning,SW,11,20,16.70,68.20,ok
4,87,1,indoor,2612,43.53,baseline,closed,open,morning,SW,11,20,16.70,68.10,ok
4,88,1,indoor,2642,44.03,baseline,closed,open,morning,SW,11,20,16.70,68.20,ok
4,89,1,indoor,2672,44.53,baseline,closed,open,morning,SW,11,20,16.70,68.20,ok
4,90,1,indoor,2702,45.03,baseline,closed,open,morning,SW,11,20,16.70,68.30,ok
4,91,1,indoor,2732,45.53,baseline,closed,open,morning,SW,11,20,16.70,68.30,ok
4,92,1,indoor,2762,46.03,baseline,closed,open,morning,SW,11,20,16.80,68.30,ok
4,93,1,indoor,2792,46.53,baseline,closed,open,morning,SW,11,20,16.80,68.30,ok
4,94,1,indoor,2822,47.03,baseline,closed,open,morning,SW,11,20,16.80,68.40,ok
4,95,1,indoor,2852,47.53,baseline,closed,open,morning,SW,11,20,16.80,68.50,ok
4,96,1,indoor,2882,48.03,baseline,closed,open,morning,SW,11,20,16.80,68.50,ok
4,97,1,indoor,2912,48.53,baseline,closed,open,morning,SW,11,20,16.80,68.50,ok
4,98,1,indoor,2942,49.03,baseline,closed,open,morning,SW,11,20,16.80,68.50,ok
4,99,1,indoor,2972,49.53,baseline,closed,open,morning,SW,11,20,16.80,68.60,ok
4,100,1,indoor,3002,50.03,baseline,closed,open,morning,SW,11,20,16.80,68.60,ok
4,101,1,indoor,3032,50.53,baseline,closed,open,morning,SW,11,20,16.80,68.60,ok
4,102,1,indoor,3062,51.03,baseline,closed,open,morning,SW,11,20,16.80,68.60,ok
4,103,1,indoor,3092,51.53,baseline,closed,open,morning,SW,11,20,16.80,68.60,ok
4,104,1,indoor,3122,52.03,baseline,closed,open,morning,SW,11,20,16.80,68.50,ok
4,105,1,indoor,3152,52.53,baseline,closed,open,morning,SW,11,20,16.80,68.60,ok
4,106,1,indoor,3182,53.03,baseline,closed,open,morning,SW,11,20,16.80,68.60,ok
4,107,1,indoor,3212,53.53,baseline,closed,open,morning,SW,11,20,16.90,68.60,ok
4,108,1,indoor,3242,54.03,baseline,closed,open,morning,SW,11,20,16.90,68.70,ok
4,109,1,indoor,3272,54.53,baseline,closed,open,morning,SW,11,20,16.80,68.60,ok
4,110,1,indoor,3302,55.03,baseline,closed,open,morning,SW,11,20,16.80,68.60,ok
4,111,1,indoor,3332,55.53,baseline,closed,open,morning,SW,11,20,16.80,68.60,ok
4,112,1,indoor,3362,56.03,baseline,closed,open,morning,SW,11,20,16.90,68.70,ok
4,113,1,indoor,3392,56.53,baseline,closed,open,morning,SW,11,20,16.90,68.70,ok
4,114,1,indoor,3422,57.03,baseline,closed,open,morning,SW,11,20,16.90,68.70,ok
4,115,1,indoor,3452,57.53,baseline,closed,open,morning,SW,11,20,16.90,68.70,ok
4,116,1,indoor,3482,58.03,baseline,closed,open,morning,SW,11,20,16.90,68.70,ok
4,117,1,indoor,3512,58.53,baseline,closed,open,morning,SW,11,20,16.90,68.70,ok
4,118,1,indoor,3542,59.03,baseline,closed,open,morning,SW,11,20,16.90,68.70,ok
4,119,1,indoor,3572,59.53,baseline,closed,open,morning,SW,11,20,16.90,68.70,ok
4,120,1,indoor,3602,60.03,window_open,open,open,morning,SW,11,20,16.90,68.70,ok
4,121,1,indoor,3632,60.53,window_open,open,open,morning,SW,11,20,16.90,68.70,ok
4,122,1,indoor,3662,61.03,window_open,open,open,morning,SW,11,20,16.90,68.60,ok
4,123,1,indoor,3692,61.53,window_open,open,open,morning,SW,11,20,16.90,68.00,ok
4,124,1,indoor,3722,62.03,window_open,open,open,morning,SW,11,20,16.90,67.80,ok
4,125,1,indoor,3752,62.53,window_open,open,open,morning,SW,11,20,16.90,66.50,ok
4,126,1,indoor,3782,63.03,window_open,open,open,morning,SW,11,20,16.80,65.20,ok
4,127,1,indoor,3812,63.53,window_open,open,open,morning,SW,11,20,16.80,64.60,ok
4,128,1,indoor,3842,64.03,window_open,open,open,morning,SW,11,20,16.70,64.10,ok
4,129,1,indoor,3872,64.53,window_open,open,open,morning,SW,11,20,16.70,63.80,ok
4,130,1,indoor,3902,65.03,window_open,open,open,morning,SW,11,20,16.70,63.00,ok
4,131,1,indoor,3932,65.53,window_open,open,open,morning,SW,11,20,16.60,62.80,ok
4,132,1,indoor,3962,66.03,window_open,open,open,morning,SW,11,20,16.50,61.90,ok
4,133,1,indoor,3992,66.53,window_open,open,open,morning,SW,11,20,16.50,61.70,ok
4,134,1,indoor,4022,67.03,window_open,open,open,morning,SW,11,20,16.40,61.10,ok
4,135,1,indoor,4052,67.53,window_open,open,open,morning,SW,11,20,16.40,60.80,ok
4,136,1,indoor,4082,68.03,window_open,open,open,morning,SW,11,20,16.40,60.40,ok
4,137,1,indoor,4112,68.53,window_open,open,open,morning,SW,11,20,16.30,60.30,ok
4,138,1,indoor,4142,69.03,window_open,open,open,morning,SW,11,20,16.30,60.40,ok
4,139,1,indoor,4172,69.53,window_open,open,open,morning,SW,11,20,16.30,60.50,ok
4,140,1,indoor,4202,70.03,window_open,open,open,morning,SW,11,20,16.30,61.10,ok
4,141,1,indoor,4232,70.53,window_open,open,open,morning,SW,11,20,16.20,60.60,ok
4,142,1,indoor,4262,71.03,window_open,open,open,morning,SW,11,20,16.20,60.60,ok
4,143,1,indoor,4292,71.53,window_open,open,open,morning,SW,11,20,16.20,60.80,ok
4,144,1,indoor,4322,72.03,window_open,open,open,morning,SW,11,20,16.10,60.30,ok
4,145,1,indoor,4352,72.53,window_open,open,open,morning,SW,11,20,16.10,60.00,ok
4,146,1,indoor,4382,73.03,window_open,open,open,morning,SW,11,20,16.10,60.00,ok
4,147,1,indoor,4412,73.53,window_open,open,open,morning,SW,11,20,16.00,59.90,ok
4,148,1,indoor,4442,74.03,window_open,open,open,morning,SW,11,20,16.00,60.00,ok
4,149,1,indoor,4472,74.53,window_open,open,open,morning,SW,11,20,16.00,59.80,ok
4,150,1,indoor,4502,75.03,window_open,open,open,morning,SW,11,20,16.00,60.00,ok
4,151,1,indoor,4532,75.53,window_open,open,open,morning,SW,11,20,16.00,59.80,ok
4,152,1,indoor,4562,76.03,window_open,open,open,morning,SW,11,20,16.10,59.90,ok
4,153,1,indoor,4592,76.53,window_open,open,open,morning,SW,11,20,16.10,60.20,ok
4,154,1,indoor,4622,77.03,window_open,open,open,morning,SW,11,20,16.10,60.50,ok
4,155,1,indoor,4652,77.53,window_open,open,open,morning,SW,11,20,16.10,60.60,ok
4,156,1,indoor,4682,78.03,window_open,open,open,morning,SW,11,20,16.10,60.70,ok
4,157,1,indoor,4712,78.53,window_open,open,open,morning,SW,11,20,16.10,60.70,ok
4,158,1,indoor,4742,79.03,window_open,open,open,morning,SW,11,20,16.20,60.70,ok
4,159,1,indoor,4772,79.53,window_open,open,open,morning,SW,11,20,16.20,60.70,ok
4,160,1,indoor,4802,80.03,window_open,open,open,morning,SW,11,20,16.20,60.90,ok
4,161,1,indoor,4832,80.53,window_open,open,open,morning,SW,11,20,16.20,61.10,ok
4,162,1,indoor,4862,81.03,window_open,open,open,morning,SW,11,20,16.20,60.90,ok
4,163,1,indoor,4892,81.53,window_open,open,open,morning,SW,11,20,16.20,60.70,ok
4,164,1,indoor,4922,82.03,window_open,open,open,morning,SW,11,20,16.20,61.20,ok
4,165,1,indoor,4952,82.53,window_open,open,open,morning,SW,11,20,16.20,61.70,ok
4,166,1,indoor,4982,83.03,window_open,open,open,morning,SW,11,20,16.20,61.20,ok
4,167,1,indoor,5012,83.53,window_open,open,open,morning,SW,11,20,16.20,61.20,ok
4,168,1,indoor,5042,84.03,window_open,open,open,morning,SW,11,20,16.20,61.80,ok
4,169,1,indoor,5072,84.53,window_open,open,open,morning,SW,11,20,16.20,61.80,ok
4,170,1,indoor,5102,85.03,window_open,open,open,morning,SW,11,20,16.30,61.50,ok
4,171,1,indoor,5132,85.53,window_open,open,open,morning,SW,11,20,16.20,61.20,ok
4,172,1,indoor,5162,86.03,window_open,open,open,morning,SW,11,20,16.20,60.80,ok
4,173,1,indoor,5192,86.53,window_open,open,open,morning,SW,11,20,16.20,60.50,ok
4,174,1,indoor,5222,87.03,window_open,open,open,morning,SW,11,20,16.10,59.90,ok
4,175,1,indoor,5252,87.53,window_open,open,open,morning,SW,11,20,16.10,59.50,ok
4,176,1,indoor,5282,88.03,window_open,open,open,morning,SW,11,20,16.10,59.70,ok
4,177,1,indoor,5312,88.53,window_open,open,open,morning,SW,11,20,16.10,59.20,ok
4,178,1,indoor,5342,89.03,window_open,open,open,morning,SW,11,20,16.10,59.20,ok
4,179,1,indoor,5372,89.53,window_open,open,open,morning,SW,11,20,16.10,59.00,ok
4,180,1,indoor,5402,90.03,window_open,open,open,morning,SW,11,20,16.00,59.10,ok
4,181,1,indoor,5432,90.53,window_open,open,open,morning,SW,11,20,16.00,59.20,ok
4,182,1,indoor,5462,91.03,window_open,open,open,morning,SW,11,20,16.10,59.10,ok
4,183,1,indoor,5492,91.53,window_open,open,open,morning,SW,11,20,16.10,58.90,ok
4,184,1,indoor,5522,92.03,window_open,open,open,morning,SW,11,20,16.10,59.00,ok
4,185,1,indoor,5552,92.53,window_open,open,open,morning,SW,11,20,16.10,59.00,ok
4,186,1,indoor,5582,93.03,window_open,open,open,morning,SW,11,20,16.10,58.90,ok
4,187,1,indoor,5612,93.53,window_open,open,open,morning,SW,11,20,16.00,58.70,ok
4,188,1,indoor,5642,94.03,window_open,open,open,morning,SW,11,20,16.00,57.70,ok
4,189,1,indoor,5672,94.53,window_open,open,open,morning,SW,11,20,16.00,58.30,ok
4,190,1,indoor,5702,95.03,window_open,open,open,morning,SW,11,20,16.00,58.20,ok
4,191,1,indoor,5732,95.53,window_open,open,open,morning,SW,11,20,16.00,58.00,ok
4,192,1,indoor,5762,96.03,window_open,open,open,morning,SW,11,20,16.00,57.90,ok
4,193,1,indoor,5792,96.53,window_open,open,open,morning,SW,11,20,15.90,58.00,ok
4,194,1,indoor,5822,97.03,window_open,open,open,morning,SW,11,20,16.00,58.10,ok
4,195,1,indoor,5852,97.53,window_open,open,open,morning,SW,11,20,16.00,57.90,ok
4,196,1,indoor,5882,98.03,window_open,open,open,morning,SW,11,20,16.00,57.90,ok
4,197,1,indoor,5912,98.53,window_open,open,open,morning,SW,11,20,16.00,58.20,ok
4,198,1,indoor,5942,99.03,window_open,open,open,morning,SW,11,20,16.00,57.80,ok
4,199,1,indoor,5972,99.53,window_open,open,open,morning,SW,11,20,16.00,57.80,ok
4,200,1,indoor,6002,100.03,window_open,open,open,morning,SW,11,20,16.00,57.70,ok
4,201,1,indoor,6032,100.53,window_open,open,open,morning,SW,11,20,16.00,57.60,ok
4,202,1,indoor,6062,101.03,window_open,open,open,morning,SW,11,20,16.00,57.40,ok
4,203,1,indoor,6092,101.53,window_open,open,open,morning,SW,11,20,16.00,56.50,ok
4,204,1,indoor,6122,102.03,window_open,open,open,morning,SW,11,20,16.00,56.40,ok
4,205,1,indoor,6152,102.53,window_open,open,open,morning,SW,11,20,15.90,56.30,ok
4,206,1,indoor,6182,103.03,window_open,open,open,morning,SW,11,20,15.90,56.00,ok
4,207,1,indoor,6212,103.53,window_open,open,open,morning,SW,11,20,15.90,55.40,ok
4,208,1,indoor,6242,104.03,window_open,open,open,morning,SW,11,20,15.80,55.40,ok
4,209,1,indoor,6272,104.53,window_open,open,open,morning,SW,11,20,15.80,55.30,ok
4,210,1,indoor,6302,105.03,window_open,open,open,morning,SW,11,20,15.80,55.50,ok
4,211,1,indoor,6332,105.53,window_open,open,open,morning,SW,11,20,15.80,56.00,ok
4,212,1,indoor,6362,106.03,window_open,open,open,morning,SW,11,20,15.80,56.30,ok
4,213,1,indoor,6392,106.53,window_open,open,open,morning,SW,11,20,15.80,56.20,ok
4,214,1,indoor,6422,107.03,window_open,open,open,morning,SW,11,20,15.80,55.80,ok
4,215,1,indoor,6452,107.53,window_open,open,open,morning,SW,11,20,15.80,56.20,ok
4,216,1,indoor,6482,108.03,window_open,open,open,morning,SW,11,20,15.80,56.00,ok
4,217,1,indoor,6512,108.53,window_open,open,open,morning,SW,11,20,15.80,55.50,ok
4,218,1,indoor,6542,109.03,window_open,open,open,morning,SW,11,20,15.80,55.30,ok
4,219,1,indoor,6572,109.53,window_open,open,open,morning,SW,11,20,15.80,55.40,ok
4,220,1,indoor,6602,110.03,window_open,open,open,morning,SW,11,20,15.80,55.20,ok
4,221,1,indoor,6633,110.55,window_open,open,open,morning,SW,11,20,15.80,55.50,ok
4,222,1,indoor,6663,111.05,window_open,open,open,morning,SW,11,20,15.80,55.50,ok
4,223,1,indoor,6693,111.55,window_open,open,open,morning,SW,11,20,15.80,55.40,ok
4,224,1,indoor,6723,112.05,window_open,open,open,morning,SW,11,20,15.80,55.40,ok
4,225,1,indoor,6753,112.55,window_open,open,open,morning,SW,11,20,15.80,55.40,ok
4,226,1,indoor,6783,113.05,window_open,open,open,morning,SW,11,20,15.80,55.30,ok
4,227,1,indoor,6813,113.55,window_open,open,open,morning,SW,11,20,15.80,55.10,ok
4,228,1,indoor,6843,114.05,window_open,open,open,morning,SW,11,20,15.80,55.10,ok
4,229,1,indoor,6873,114.55,window_open,open,open,morning,SW,11,20,15.80,55.20,ok
4,230,1,indoor,6903,115.05,window_open,open,open,morning,SW,11,20,15.90,55.70,ok
4,231,1,indoor,6933,115.55,window_open,open,open,morning,SW,11,20,15.90,55.40,ok
4,232,1,indoor,6963,116.05,window_open,open,open,morning,SW,11,20,15.90,55.60,ok
4,233,1,indoor,6993,116.55,window_open,open,open,morning,SW,11,20,15.90,55.20,ok
4,234,1,indoor,7023,117.05,window_open,open,open,morning,SW,11,20,15.90,54.90,ok
4,235,1,indoor,7053,117.55,window_open,open,open,morning,SW,11,20,15.90,54.70,ok
4,236,1,indoor,7083,118.05,window_open,open,open,morning,SW,11,20,15.90,54.50,ok
4,237,1,indoor,7113,118.55,window_open,open,open,morning,SW,11,20,15.90,54.30,ok
4,238,1,indoor,7143,119.05,window_open,open,open,morning,SW,11,20,15.90,54.50,ok
4,239,1,indoor,7173,119.55,window_open,open,open,morning,SW,11,20,15.90,54.50,ok
4,240,1,indoor,7203,120.05,recovery,closed,open,morning,SW,11,20,15.90,54.50,humidity_interpolated
4,241,1,indoor,7233,120.55,recovery,closed,open,morning,SW,11,20,15.90,54.50,ok
4,242,1,indoor,7263,121.05,recovery,closed,open,morning,SW,11,20,15.90,54.20,ok
4,243,1,indoor,7293,121.55,recovery,closed,open,morning,SW,11,20,15.90,54.20,ok
4,244,1,indoor,7323,122.05,recovery,closed,open,morning,SW,11,20,15.90,54.60,ok
4,245,1,indoor,7353,122.55,recovery,closed,open,morning,SW,11,20,15.90,54.90,ok
4,246,1,indoor,7383,123.05,recovery,closed,open,morning,SW,11,20,16.00,55.20,ok
4,247,1,indoor,7413,123.55,recovery,closed,open,morning,SW,11,20,16.00,55.80,ok
4,248,1,indoor,7443,124.05,recovery,closed,open,morning,SW,11,20,16.00,56.20,ok
4,249,1,indoor,7473,124.55,recovery,closed,open,morning,SW,11,20,16.10,56.60,ok
4,250,1,indoor,7503,125.05,recovery,closed,open,morning,SW,11,20,16.10,56.90,ok
4,251,1,indoor,7533,125.55,recovery,closed,open,morning,SW,11,20,16.20,57.20,ok
4,252,1,indoor,7563,126.05,recovery,closed,open,morning,SW,11,20,16.20,57.30,ok
4,253,1,indoor,7593,126.55,recovery,closed,open,morning,SW,11,20,16.20,57.10,ok
4,254,1,indoor,7623,127.05,recovery,closed,open,morning,SW,11,20,16.20,57.30,ok
4,255,1,indoor,7653,127.55,recovery,closed,open,morning,SW,11,20,16.20,57.30,ok
4,256,1,indoor,7683,128.05,recovery,closed,open,morning,SW,11,20,16.30,57.30,ok
4,257,1,indoor,7713,128.55,recovery,closed,open,morning,SW,11,20,16.30,57.60,ok
4,258,1,indoor,7743,129.05,recovery,closed,open,morning,SW,11,20,16.30,57.50,ok
4,259,1,indoor,7773,129.55,recovery,closed,open,morning,SW,11,20,16.30,57.60,ok
4,260,1,indoor,7803,130.05,recovery,closed,open,morning,SW,11,20,16.30,57.60,ok
4,261,1,indoor,7833,130.55,recovery,closed,open,morning,SW,11,20,16.30,57.70,ok
4,262,1,indoor,7863,131.05,recovery,closed,open,morning,SW,11,20,16.40,57.80,ok
4,263,1,indoor,7893,131.55,recovery,closed,open,morning,SW,11,20,16.40,57.80,ok
4,264,1,indoor,7923,132.05,recovery,closed,open,morning,SW,11,20,16.40,58.00,ok
4,265,1,indoor,7953,132.55,recovery,closed,open,morning,SW,11,20,16.40,58.10,ok
4,266,1,indoor,7983,133.05,recovery,closed,open,morning,SW,11,20,16.40,58.20,ok
4,267,1,indoor,8013,133.55,recovery,closed,open,morning,SW,11,20,16.40,58.20,ok
4,268,1,indoor,8043,134.05,recovery,closed,open,morning,SW,11,20,16.40,58.20,ok
4,269,1,indoor,8073,134.55,recovery,closed,open,morning,SW,11,20,16.40,58.40,ok
4,270,1,indoor,8103,135.05,recovery,closed,open,morning,SW,11,20,16.40,58.50,ok
4,271,1,indoor,8133,135.55,recovery,closed,open,morning,SW,11,20,16.40,58.50,ok
4,272,1,indoor,8163,136.05,recovery,closed,open,morning,SW,11,20,16.50,58.50,ok
4,273,1,indoor,8193,136.55,recovery,closed,open,morning,SW,11,20,16.40,58.60,ok
4,274,1,indoor,8223,137.05,recovery,closed,open,morning,SW,11,20,16.50,58.60,ok
4,275,1,indoor,8253,137.55,recovery,closed,open,morning,SW,11,20,16.50,58.70,ok
4,276,1,indoor,8283,138.05,recovery,closed,open,morning,SW,11,20,16.50,58.80,ok
4,277,1,indoor,8313,138.55,recovery,closed,open,morning,SW,11,20,16.50,58.80,ok
4,278,1,indoor,8343,139.05,recovery,closed,open,morning,SW,11,20,16.50,58.80,ok
4,279,1,indoor,8373,139.55,recovery,closed,open,morning,SW,11,20,16.50,58.80,ok
4,280,1,indoor,8403,140.05,recovery,closed,open,morning,SW,11,20,16.50,58.90,ok
4,281,1,indoor,8433,140.55,recovery,closed,open,morning,SW,11,20,16.50,58.90,ok
4,282,1,indoor,8463,141.05,recovery,closed,open,morning,SW,11,20,16.50,58.90,ok
4,283,1,indoor,8493,141.55,recovery,closed,open,morning,SW,11,20,16.50,59.00,ok
4,284,1,indoor,8523,142.05,recovery,closed,open,morning,SW,11,20,16.50,59.00,ok
4,285,1,indoor,8553,142.55,recovery,closed,open,morning,SW,11,20,16.50,59.00,ok
4,286,1,indoor,8583,143.05,recovery,closed,open,morning,SW,11,20,16.50,59.10,ok
4,287,1,indoor,8613,143.55,recovery,closed,open,morning,SW,11,20,16.50,59.20,ok
4,288,1,indoor,8643,144.05,recovery,closed,open,morning,SW,11,20,16.50,59.20,ok
4,289,1,indoor,8673,144.55,recovery,closed,open,morning,SW,11,20,16.50,59.20,ok
4,290,1,indoor,8703,145.05,recovery,closed,open,morning,SW,11,20,16.60,59.30,ok
4,291,1,indoor,8733,145.55,recovery,closed,open,morning,SW,11,20,16.50,59.30,ok
4,292,1,indoor,8763,146.05,recovery,closed,open,morning,SW,11,20,16.50,59.30,ok
4,293,1,indoor,8793,146.55,recovery,closed,open,morning,SW,11,20,16.60,59.30,ok
4,294,1,indoor,8823,147.05,recovery,closed,open,morning,SW,11,20,16.50,59.40,ok
4,295,1,indoor,8853,147.55,recovery,closed,open,morning,SW,11,20,16.50,59.50,ok
4,296,1,indoor,8883,148.05,recovery,closed,open,morning,SW,11,20,16.60,59.40,ok
4,297,1,indoor,8913,148.55,recovery,closed,open,morning,SW,11,20,16.60,59.40,ok
4,298,1,indoor,8943,149.05,recovery,closed,open,morning,SW,11,20,16.60,59.50,ok
4,299,1,indoor,8973,149.55,recovery,closed,open,morning,SW,11,20,16.60,59.60,ok
4,300,1,indoor,9003,150.05,recovery,closed,open,morning,SW,11,20,16.60,59.60,ok
4,301,1,indoor,9033,150.55,recovery,closed,open,morning,SW,11,20,16.60,59.60,ok
4,302,1,indoor,9063,151.05,recovery,closed,open,morning,SW,11,20,16.60,59.50,ok
4,303,1,indoor,9093,151.55,recovery,closed,open,morning,SW,11,20,16.60,59.50,ok
4,304,1,indoor,9123,152.05,recovery,closed,open,morning,SW,11,20,16.60,59.60,ok
4,305,1,indoor,9153,152.55,recovery,closed,open,morning,SW,11,20,16.60,59.70,ok
4,306,1,indoor,9183,153.05,recovery,closed,open,morning,SW,11,20,16.60,59.80,ok
4,307,1,indoor,9213,153.55,recovery,closed,open,morning,SW,11,20,16.60,59.80,ok
4,308,1,indoor,9243,154.05,recovery,closed,open,morning,SW,11,20,16.60,59.80,ok
4,309,1,indoor,9273,154.55,recovery,closed,open,morning,SW,11,20,16.60,59.80,ok
4,310,1,indoor,9303,155.05,recovery,closed,open,morning,SW,11,20,16.60,59.60,ok
4,311,1,indoor,9333,155.55,recovery,closed,open,morning,SW,11,20,16.60,59.70,ok
4,312,1,indoor,9363,156.05,recovery,closed,open,morning,SW,11,20,16.60,59.80,ok
4,313,1,indoor,9393,156.55,recovery,closed,open,morning,SW,11,20,16.60,59.80,ok
4,314,1,indoor,9423,157.05,recovery,closed,open,morning,SW,11,20,16.60,59.80,ok
4,315,1,indoor,9453,157.55,recovery,closed,open,morning,SW,11,20,16.60,59.80,ok
4,316,1,indoor,9483,158.05,recovery,closed,open,morning,SW,11,20,16.60,59.80,ok
4,317,1,indoor,9513,158.55,recovery,closed,open,morning,SW,11,20,16.60,59.90,ok
4,318,1,indoor,9543,159.05,recovery,closed,open,morning,SW,11,20,16.60,60.00,ok
4,319,1,indoor,9573,159.55,recovery,closed,open,morning,SW,11,20,16.70,59.80,ok
4,320,1,indoor,9603,160.05,recovery,closed,open,morning,SW,11,20,16.70,59.90,ok
4,321,1,indoor,9633,160.55,recovery,closed,open,morning,SW,11,20,16.60,59.80,ok
4,322,1,indoor,9663,161.05,recovery,closed,open,morning,SW,11,20,16.60,59.90,ok
4,323,1,indoor,9693,161.55,recovery,closed,open,morning,SW,11,20,16.60,60.00,ok
4,324,1,indoor,9723,162.05,recovery,closed,open,morning,SW,11,20,16.70,60.10,ok
4,325,1,indoor,9753,162.55,recovery,closed,open,morning,SW,11,20,16.60,60.10,ok
4,326,1,indoor,9783,163.05,recovery,closed,open,morning,SW,11,20,16.70,60.00,ok
4,327,1,indoor,9813,163.55,recovery,closed,open,morning,SW,11,20,16.70,60.10,ok
4,328,1,indoor,9843,164.05,recovery,closed,open,morning,SW,11,20,16.70,60.10,ok
4,329,1,indoor,9873,164.55,recovery,closed,open,morning,SW,11,20,16.70,60.10,ok
4,330,1,indoor,9903,165.05,recovery,closed,open,morning,SW,11,20,16.70,60.10,ok
4,331,1,indoor,9933,165.55,recovery,closed,open,morning,SW,11,20,16.70,60.10,ok
4,332,1,indoor,9963,166.05,recovery,closed,open,morning,SW,11,20,16.70,60.10,ok
4,333,1,indoor,9993,166.55,recovery,closed,open,morning,SW,11,20,16.70,60.10,ok
4,334,1,indoor,10023,167.05,recovery,closed,open,morning,SW,11,20,16.70,60.00,ok
4,335,1,indoor,10053,167.55,recovery,closed,open,morning,SW,11,20,16.70,60.00,ok
4,336,1,indoor,10083,168.05,recovery,closed,open,morning,SW,11,20,16.70,60.20,ok
4,337,1,indoor,10113,168.55,recovery,closed,open,morning,SW,11,20,16.70,60.10,ok
4,338,1,indoor,10143,169.05,recovery,closed,open,morning,SW,11,20,16.70,60.20,ok
4,339,1,indoor,10173,169.55,recovery,closed,open,morning,SW,11,20,16.70,60.30,ok
4,340,1,indoor,10203,170.05,recovery,closed,open,morning,SW,11,20,16.70,60.30,ok
4,341,1,indoor,10233,170.55,recovery,closed,open,morning,SW,11,20,16.70,60.30,ok
4,342,1,indoor,10263,171.05,recovery,closed,open,morning,SW,11,20,16.70,60.30,ok
4,343,1,indoor,10293,171.55,recovery,closed,open,morning,SW,11,20,16.80,60.30,ok
4,344,1,indoor,10323,172.05,recovery,closed,open,morning,SW,11,20,16.80,60.30,ok
4,345,1,indoor,10353,172.55,recovery,closed,open,morning,SW,11,20,16.80,60.40,ok
4,346,1,indoor,10383,173.05,recovery,closed,open,morning,SW,11,20,16.70,60.30,ok
4,347,1,indoor,10413,173.55,recovery,closed,open,morning,SW,11,20,16.80,60.30,ok
4,348,1,indoor,10443,174.05,recovery,closed,open,morning,SW,11,20,16.70,60.40,ok
4,349,1,indoor,10473,174.55,recovery,closed,open,morning,SW,11,20,16.80,60.40,ok
4,350,1,indoor,10503,175.05,recovery,closed,open,morning,SW,11,20,16.80,60.40,ok
4,351,1,indoor,10533,175.55,recovery,closed,open,morning,SW,11,20,16.80,60.50,ok
4,352,1,indoor,10563,176.05,recovery,closed,open,morning,SW,11,20,16.80,60.50,ok
4,353,1,indoor,10593,176.55,recovery,closed,open,morning,SW,11,20,16.80,60.50,ok
4,354,1,indoor,10623,177.05,recovery,closed,open,morning,SW,11,20,16.80,60.50,ok
4,355,1,indoor,10653,177.55,recovery,closed,open,morning,SW,11,20,16.80,60.50,ok
4,356,1,indoor,10683,178.05,recovery,closed,open,morning,SW,11,20,16.80,60.50,ok
4,357,1,indoor,10713,178.55,recovery,closed,open,morning,SW,11,20,16.80,60.50,ok
4,358,1,indoor,10743,179.05,recovery,closed,open,morning,SW,11,20,16.80,60.60,ok
4,359,1,indoor,10774,179.57,recovery,closed,open,morning,SW,11,20,16.80,60.60,ok
4,1,2,outdoor,22,0.37,baseline,closed,open,morning,SW,11,20,12.00,71.10,ok
4,2,2,outdoor,52,0.87,baseline,closed,open,morning,SW,11,20,11.90,72.10,ok
4,3,2,outdoor,82,1.37,baseline,closed,open,morning,SW,11,20,11.80,71.40,ok
4,4,2,outdoor,112,1.87,baseline,closed,open,morning,SW,11,20,11.80,73.00,ok
4,5,2,outdoor,142,2.37,baseline,closed,open,morning,SW,11,20,11.80,72.10,ok
4,6,2,outdoor,172,2.87,baseline,closed,open,morning,SW,11,20,11.80,72.30,ok
4,7,2,outdoor,202,3.37,baseline,closed,open,morning,SW,11,20,11.80,71.70,ok
4,8,2,outdoor,232,3.87,baseline,closed,open,morning,SW,11,20,11.80,70.50,ok
4,9,2,outdoor,262,4.37,baseline,closed,open,morning,SW,11,20,11.80,71.30,ok
4,10,2,outdoor,293,4.88,baseline,closed,open,morning,SW,11,20,11.80,70.70,ok
4,11,2,outdoor,323,5.38,baseline,closed,open,morning,SW,11,20,11.80,69.70,ok
4,12,2,outdoor,353,5.88,baseline,closed,open,morning,SW,11,20,11.80,69.10,ok
4,13,2,outdoor,383,6.38,baseline,closed,open,morning,SW,11,20,11.80,70.50,ok
4,14,2,outdoor,413,6.88,baseline,closed,open,morning,SW,11,20,11.70,68.60,ok
4,15,2,outdoor,443,7.38,baseline,closed,open,morning,SW,11,20,11.70,69.60,ok
4,16,2,outdoor,473,7.88,baseline,closed,open,morning,SW,11,20,11.70,69.40,ok
4,17,2,outdoor,503,8.38,baseline,closed,open,morning,SW,11,20,11.60,70.00,ok
4,18,2,outdoor,533,8.88,baseline,closed,open,morning,SW,11,20,11.70,70.50,ok
4,19,2,outdoor,563,9.38,baseline,closed,open,morning,SW,11,20,11.60,71.10,ok
4,20,2,outdoor,593,9.88,baseline,closed,open,morning,SW,11,20,11.50,72.30,ok
4,21,2,outdoor,623,10.38,baseline,closed,open,morning,SW,11,20,11.50,73.10,ok
4,22,2,outdoor,653,10.88,baseline,closed,open,morning,SW,11,20,11.60,74.00,ok
4,23,2,outdoor,683,11.38,baseline,closed,open,morning,SW,11,20,11.60,74.40,ok
4,24,2,outdoor,713,11.88,baseline,closed,open,morning,SW,11,20,11.60,74.70,ok
4,25,2,outdoor,743,12.38,baseline,closed,open,morning,SW,11,20,11.60,75.30,ok
4,26,2,outdoor,773,12.88,baseline,closed,open,morning,SW,11,20,11.60,76.20,ok
4,27,2,outdoor,803,13.38,baseline,closed,open,morning,SW,11,20,11.60,76.70,ok
4,28,2,outdoor,834,13.90,baseline,closed,open,morning,SW,11,20,11.50,76.50,ok
4,29,2,outdoor,864,14.40,baseline,closed,open,morning,SW,11,20,11.50,76.90,ok
4,30,2,outdoor,894,14.90,baseline,closed,open,morning,SW,11,20,11.50,76.00,ok
4,31,2,outdoor,924,15.40,baseline,closed,open,morning,SW,11,20,11.50,76.60,ok
4,32,2,outdoor,954,15.90,baseline,closed,open,morning,SW,11,20,11.50,77.20,ok
4,33,2,outdoor,984,16.40,baseline,closed,open,morning,SW,11,20,11.50,77.10,ok
4,34,2,outdoor,1014,16.90,baseline,closed,open,morning,SW,11,20,11.40,76.90,ok
4,35,2,outdoor,1044,17.40,baseline,closed,open,morning,SW,11,20,11.40,76.90,ok
4,36,2,outdoor,1074,17.90,baseline,closed,open,morning,SW,11,20,11.40,77.30,ok
4,37,2,outdoor,1104,18.40,baseline,closed,open,morning,SW,11,20,11.40,78.00,ok
4,38,2,outdoor,1134,18.90,baseline,closed,open,morning,SW,11,20,11.40,77.50,ok
4,39,2,outdoor,1164,19.40,baseline,closed,open,morning,SW,11,20,11.30,77.40,ok
4,40,2,outdoor,1194,19.90,baseline,closed,open,morning,SW,11,20,11.30,77.40,ok
4,41,2,outdoor,1224,20.40,baseline,closed,open,morning,SW,11,20,11.40,78.00,ok
4,42,2,outdoor,1254,20.90,baseline,closed,open,morning,SW,11,20,11.40,78.10,ok
4,43,2,outdoor,1284,21.40,baseline,closed,open,morning,SW,11,20,11.50,78.30,ok
4,44,2,outdoor,1314,21.90,baseline,closed,open,morning,SW,11,20,11.50,79.10,ok
4,45,2,outdoor,1344,22.40,baseline,closed,open,morning,SW,11,20,11.50,78.60,ok
4,46,2,outdoor,1375,22.92,baseline,closed,open,morning,SW,11,20,11.60,78.40,ok
4,47,2,outdoor,1405,23.42,baseline,closed,open,morning,SW,11,20,11.60,78.30,ok
4,48,2,outdoor,1435,23.92,baseline,closed,open,morning,SW,11,20,11.70,78.10,ok
4,49,2,outdoor,1465,24.42,baseline,closed,open,morning,SW,11,20,11.70,77.00,ok
4,50,2,outdoor,1495,24.92,baseline,closed,open,morning,SW,11,20,11.70,77.80,ok
4,51,2,outdoor,1525,25.42,baseline,closed,open,morning,SW,11,20,11.80,78.10,ok
4,52,2,outdoor,1555,25.92,baseline,closed,open,morning,SW,11,20,11.80,77.90,ok
4,53,2,outdoor,1585,26.42,baseline,closed,open,morning,SW,11,20,11.80,77.40,ok
4,54,2,outdoor,1615,26.92,baseline,closed,open,morning,SW,11,20,11.90,77.20,ok
4,55,2,outdoor,1645,27.42,baseline,closed,open,morning,SW,11,20,11.90,77.50,ok
4,56,2,outdoor,1675,27.92,baseline,closed,open,morning,SW,11,20,11.90,77.10,ok
4,57,2,outdoor,1705,28.42,baseline,closed,open,morning,SW,11,20,11.90,76.10,ok
4,58,2,outdoor,1735,28.92,baseline,closed,open,morning,SW,11,20,11.90,75.90,ok
4,59,2,outdoor,1765,29.42,baseline,closed,open,morning,SW,11,20,12.00,76.60,ok
4,60,2,outdoor,1795,29.92,baseline,closed,open,morning,SW,11,20,12.00,76.20,ok
4,61,2,outdoor,1825,30.42,baseline,closed,open,morning,SW,11,20,12.00,76.40,ok
4,62,2,outdoor,1855,30.92,baseline,closed,open,morning,SW,11,20,12.10,76.10,ok
4,63,2,outdoor,1885,31.42,baseline,closed,open,morning,SW,11,20,12.10,76.10,ok
4,64,2,outdoor,1916,31.93,baseline,closed,open,morning,SW,11,20,12.20,75.80,ok
4,65,2,outdoor,1946,32.43,baseline,closed,open,morning,SW,11,20,12.20,76.20,ok
4,66,2,outdoor,1976,32.93,baseline,closed,open,morning,SW,11,20,12.40,76.90,ok
4,67,2,outdoor,2006,33.43,baseline,closed,open,morning,SW,11,20,12.40,76.20,ok
4,68,2,outdoor,2036,33.93,baseline,closed,open,morning,SW,11,20,12.50,75.50,ok
4,69,2,outdoor,2066,34.43,baseline,closed,open,morning,SW,11,20,12.60,75.30,ok
4,70,2,outdoor,2096,34.93,baseline,closed,open,morning,SW,11,20,12.60,74.80,ok
4,71,2,outdoor,2126,35.43,baseline,closed,open,morning,SW,11,20,12.70,75.20,ok
4,72,2,outdoor,2156,35.93,baseline,closed,open,morning,SW,11,20,12.60,74.60,ok
4,73,2,outdoor,2186,36.43,baseline,closed,open,morning,SW,11,20,12.80,74.60,ok
4,74,2,outdoor,2216,36.93,baseline,closed,open,morning,SW,11,20,12.90,73.00,ok
4,75,2,outdoor,2246,37.43,baseline,closed,open,morning,SW,11,20,12.90,71.90,ok
4,76,2,outdoor,2276,37.93,baseline,closed,open,morning,SW,11,20,13.10,72.60,ok
4,77,2,outdoor,2306,38.43,baseline,closed,open,morning,SW,11,20,13.10,71.60,ok
4,78,2,outdoor,2336,38.93,baseline,closed,open,morning,SW,11,20,13.20,70.80,ok
4,79,2,outdoor,2366,39.43,baseline,closed,open,morning,SW,11,20,13.20,69.90,ok
4,80,2,outdoor,2396,39.93,baseline,closed,open,morning,SW,11,20,13.00,68.10,ok
4,81,2,outdoor,2426,40.43,baseline,closed,open,morning,SW,11,20,13.20,69.30,ok
4,82,2,outdoor,2457,40.95,baseline,closed,open,morning,SW,11,20,13.20,69.10,ok
4,83,2,outdoor,2487,41.45,baseline,closed,open,morning,SW,11,20,13.30,67.60,ok
4,84,2,outdoor,2517,41.95,baseline,closed,open,morning,SW,11,20,13.30,66.60,ok
4,85,2,outdoor,2547,42.45,baseline,closed,open,morning,SW,11,20,13.40,65.90,ok
4,86,2,outdoor,2577,42.95,baseline,closed,open,morning,SW,11,20,13.40,67.00,ok
4,87,2,outdoor,2607,43.45,baseline,closed,open,morning,SW,11,20,13.40,66.30,ok
4,88,2,outdoor,2637,43.95,baseline,closed,open,morning,SW,11,20,13.40,65.80,ok
4,89,2,outdoor,2667,44.45,baseline,closed,open,morning,SW,11,20,13.40,62.90,ok
4,90,2,outdoor,2697,44.95,baseline,closed,open,morning,SW,11,20,13.40,63.10,ok
4,91,2,outdoor,2727,45.45,baseline,closed,open,morning,SW,11,20,13.40,62.60,ok
4,92,2,outdoor,2757,45.95,baseline,closed,open,morning,SW,11,20,13.60,64.20,ok
4,93,2,outdoor,2787,46.45,baseline,closed,open,morning,SW,11,20,13.60,65.80,ok
4,94,2,outdoor,2817,46.95,baseline,closed,open,morning,SW,11,20,13.70,64.60,ok
4,95,2,outdoor,2847,47.45,baseline,closed,open,morning,SW,11,20,13.80,63.00,ok
4,96,2,outdoor,2877,47.95,baseline,closed,open,morning,SW,11,20,13.90,62.20,ok
4,97,2,outdoor,2907,48.45,baseline,closed,open,morning,SW,11,20,14.00,62.50,ok
4,98,2,outdoor,2937,48.95,baseline,closed,open,morning,SW,11,20,14.00,60.60,ok
4,99,2,outdoor,2967,49.45,baseline,closed,open,morning,SW,11,20,14.00,59.20,ok
4,100,2,outdoor,2998,49.97,baseline,closed,open,morning,SW,11,20,14.00,60.50,ok
4,101,2,outdoor,3028,50.47,baseline,closed,open,morning,SW,11,20,14.00,59.00,ok
4,102,2,outdoor,3058,50.97,baseline,closed,open,morning,SW,11,20,14.00,58.70,ok
4,103,2,outdoor,3088,51.47,baseline,closed,open,morning,SW,11,20,14.00,58.70,ok
4,104,2,outdoor,3118,51.97,baseline,closed,open,morning,SW,11,20,13.90,57.80,ok
4,105,2,outdoor,3148,52.47,baseline,closed,open,morning,SW,11,20,13.90,59.90,ok
4,106,2,outdoor,3178,52.97,baseline,closed,open,morning,SW,11,20,14.00,60.20,ok
4,107,2,outdoor,3208,53.47,baseline,closed,open,morning,SW,11,20,14.00,60.50,ok
4,108,2,outdoor,3238,53.97,baseline,closed,open,morning,SW,11,20,14.00,59.40,ok
4,109,2,outdoor,3268,54.47,baseline,closed,open,morning,SW,11,20,14.00,60.30,ok
4,110,2,outdoor,3298,54.97,baseline,closed,open,morning,SW,11,20,14.00,60.20,ok
4,111,2,outdoor,3328,55.47,baseline,closed,open,morning,SW,11,20,14.00,60.40,ok
4,112,2,outdoor,3358,55.97,baseline,closed,open,morning,SW,11,20,14.00,59.70,ok
4,113,2,outdoor,3388,56.47,baseline,closed,open,morning,SW,11,20,14.00,59.00,ok
4,114,2,outdoor,3418,56.97,baseline,closed,open,morning,SW,11,20,14.00,58.10,ok
4,115,2,outdoor,3448,57.47,baseline,closed,open,morning,SW,11,20,13.90,59.50,ok
4,116,2,outdoor,3478,57.97,baseline,closed,open,morning,SW,11,20,14.00,59.70,ok
4,117,2,outdoor,3508,58.47,baseline,closed,open,morning,SW,11,20,14.00,58.80,ok
4,118,2,outdoor,3538,58.97,baseline,closed,open,morning,SW,11,20,14.00,58.90,ok
4,119,2,outdoor,3569,59.48,baseline,closed,open,morning,SW,11,20,14.20,58.80,ok
4,120,2,outdoor,3599,59.98,baseline,closed,open,morning,SW,11,20,14.30,58.00,ok
4,121,2,outdoor,3629,60.48,window_open,open,open,morning,SW,11,20,14.40,57.80,ok
4,122,2,outdoor,3659,60.98,window_open,open,open,morning,SW,11,20,14.50,57.90,ok
4,123,2,outdoor,3689,61.48,window_open,open,open,morning,SW,11,20,14.70,58.60,ok
4,124,2,outdoor,3719,61.98,window_open,open,open,morning,SW,11,20,14.80,59.50,ok
4,125,2,outdoor,3749,62.48,window_open,open,open,morning,SW,11,20,15.00,59.60,ok
4,126,2,outdoor,3779,62.98,window_open,open,open,morning,SW,11,20,15.10,58.30,ok
4,127,2,outdoor,3809,63.48,window_open,open,open,morning,SW,11,20,15.20,57.50,ok
4,128,2,outdoor,3839,63.98,window_open,open,open,morning,SW,11,20,15.20,56.50,ok
4,129,2,outdoor,3869,64.48,window_open,open,open,morning,SW,11,20,15.20,56.80,ok
4,130,2,outdoor,3899,64.98,window_open,open,open,morning,SW,11,20,15.10,56.80,ok
4,131,2,outdoor,3929,65.48,window_open,open,open,morning,SW,11,20,15.00,56.60,ok
4,132,2,outdoor,3959,65.98,window_open,open,open,morning,SW,11,20,14.90,54.90,ok
4,133,2,outdoor,3989,66.48,window_open,open,open,morning,SW,11,20,14.80,55.20,ok
4,134,2,outdoor,4019,66.98,window_open,open,open,morning,SW,11,20,14.70,56.30,ok
4,135,2,outdoor,4049,67.48,window_open,open,open,morning,SW,11,20,14.70,56.50,ok
4,136,2,outdoor,4080,68.00,window_open,open,open,morning,SW,11,20,14.60,56.60,ok
4,137,2,outdoor,4110,68.50,window_open,open,open,morning,SW,11,20,14.60,56.80,ok
4,138,2,outdoor,4140,69.00,window_open,open,open,morning,SW,11,20,14.60,58.10,ok
4,139,2,outdoor,4170,69.50,window_open,open,open,morning,SW,11,20,14.60,58.20,ok
4,140,2,outdoor,4200,70.00,window_open,open,open,morning,SW,11,20,14.60,57.30,ok
4,141,2,outdoor,4230,70.50,window_open,open,open,morning,SW,11,20,14.60,57.40,ok
4,142,2,outdoor,4260,71.00,window_open,open,open,morning,SW,11,20,14.60,58.20,ok
4,143,2,outdoor,4290,71.50,window_open,open,open,morning,SW,11,20,14.50,58.40,ok
4,144,2,outdoor,4320,72.00,window_open,open,open,morning,SW,11,20,14.40,58.70,ok
4,145,2,outdoor,4350,72.50,window_open,open,open,morning,SW,11,20,14.00,57.90,ok
4,146,2,outdoor,4380,73.00,window_open,open,open,morning,SW,11,20,14.00,59.20,ok
4,147,2,outdoor,4410,73.50,window_open,open,open,morning,SW,11,20,14.00,59.00,ok
4,148,2,outdoor,4440,74.00,window_open,open,open,morning,SW,11,20,13.90,60.00,ok
4,149,2,outdoor,4470,74.50,window_open,open,open,morning,SW,11,20,13.90,60.20,ok
4,150,2,outdoor,4500,75.00,window_open,open,open,morning,SW,11,20,13.80,60.10,ok
4,151,2,outdoor,4530,75.50,window_open,open,open,morning,SW,11,20,13.80,61.00,ok
4,152,2,outdoor,4560,76.00,window_open,open,open,morning,SW,11,20,13.80,61.60,ok
4,153,2,outdoor,4590,76.50,window_open,open,open,morning,SW,11,20,13.90,61.50,ok
4,154,2,outdoor,4621,77.02,window_open,open,open,morning,SW,11,20,13.90,61.30,ok
4,155,2,outdoor,4651,77.52,window_open,open,open,morning,SW,11,20,13.90,61.50,ok
4,156,2,outdoor,4681,78.02,window_open,open,open,morning,SW,11,20,13.80,60.60,ok
4,157,2,outdoor,4711,78.52,window_open,open,open,morning,SW,11,20,13.80,60.50,ok
4,158,2,outdoor,4741,79.02,window_open,open,open,morning,SW,11,20,13.80,61.80,ok
4,159,2,outdoor,4771,79.52,window_open,open,open,morning,SW,11,20,13.80,61.50,ok
4,160,2,outdoor,4801,80.02,window_open,open,open,morning,SW,11,20,13.80,60.00,ok
4,161,2,outdoor,4831,80.52,window_open,open,open,morning,SW,11,20,13.80,60.60,ok
4,162,2,outdoor,4861,81.02,window_open,open,open,morning,SW,11,20,13.80,60.40,ok
4,163,2,outdoor,4891,81.52,window_open,open,open,morning,SW,11,20,13.80,60.70,ok
4,164,2,outdoor,4921,82.02,window_open,open,open,morning,SW,11,20,13.70,60.50,ok
4,165,2,outdoor,4951,82.52,window_open,open,open,morning,SW,11,20,13.70,59.40,ok
4,166,2,outdoor,4981,83.02,window_open,open,open,morning,SW,11,20,13.70,60.30,ok
4,167,2,outdoor,5011,83.52,window_open,open,open,morning,SW,11,20,13.80,61.10,ok
4,168,2,outdoor,5041,84.02,window_open,open,open,morning,SW,11,20,13.80,59.80,ok
4,169,2,outdoor,5071,84.52,window_open,open,open,morning,SW,11,20,13.90,59.60,ok
4,170,2,outdoor,5101,85.02,window_open,open,open,morning,SW,11,20,13.90,58.90,ok
4,171,2,outdoor,5131,85.52,window_open,open,open,morning,SW,11,20,13.90,58.40,ok
4,172,2,outdoor,5162,86.03,window_open,open,open,morning,SW,11,20,13.90,57.30,ok
4,173,2,outdoor,5192,86.53,window_open,open,open,morning,SW,11,20,13.90,57.80,ok
4,174,2,outdoor,5222,87.03,window_open,open,open,morning,SW,11,20,14.00,57.60,ok
4,175,2,outdoor,5252,87.53,window_open,open,open,morning,SW,11,20,14.10,56.90,ok
4,176,2,outdoor,5282,88.03,window_open,open,open,morning,SW,11,20,14.20,56.70,ok
4,177,2,outdoor,5312,88.53,window_open,open,open,morning,SW,11,20,14.20,57.30,ok
4,178,2,outdoor,5342,89.03,window_open,open,open,morning,SW,11,20,14.30,57.60,ok
4,179,2,outdoor,5372,89.53,window_open,open,open,morning,SW,11,20,14.40,57.00,ok
4,180,2,outdoor,5402,90.03,window_open,open,open,morning,SW,11,20,14.50,55.90,ok
4,181,2,outdoor,5432,90.53,window_open,open,open,morning,SW,11,20,14.60,56.00,ok
4,182,2,outdoor,5462,91.03,window_open,open,open,morning,SW,11,20,14.70,56.50,ok
4,183,2,outdoor,5492,91.53,window_open,open,open,morning,SW,11,20,14.80,55.30,ok
4,184,2,outdoor,5522,92.03,window_open,open,open,morning,SW,11,20,14.80,55.80,ok
4,185,2,outdoor,5552,92.53,window_open,open,open,morning,SW,11,20,14.90,54.60,ok
4,186,2,outdoor,5582,93.03,window_open,open,open,morning,SW,11,20,14.90,53.70,ok
4,187,2,outdoor,5612,93.53,window_open,open,open,morning,SW,11,20,14.80,53.00,ok
4,188,2,outdoor,5642,94.03,window_open,open,open,morning,SW,11,20,14.70,52.90,ok
4,189,2,outdoor,5672,94.53,window_open,open,open,morning,SW,11,20,14.60,53.70,ok
4,190,2,outdoor,5703,95.05,window_open,open,open,morning,SW,11,20,14.70,55.00,ok
4,191,2,outdoor,5733,95.55,window_open,open,open,morning,SW,11,20,14.80,54.40,ok
4,192,2,outdoor,5763,96.05,window_open,open,open,morning,SW,11,20,14.90,54.50,ok
4,193,2,outdoor,5793,96.55,window_open,open,open,morning,SW,11,20,15.00,53.80,ok
4,194,2,outdoor,5823,97.05,window_open,open,open,morning,SW,11,20,15.10,54.90,ok
4,195,2,outdoor,5853,97.55,window_open,open,open,morning,SW,11,20,15.20,54.50,ok
4,196,2,outdoor,5883,98.05,window_open,open,open,morning,SW,11,20,15.20,52.60,ok
4,197,2,outdoor,5913,98.55,window_open,open,open,morning,SW,11,20,15.10,51.30,ok
4,198,2,outdoor,5943,99.05,window_open,open,open,morning,SW,11,20,15.10,54.90,ok
4,199,2,outdoor,5973,99.55,window_open,open,open,morning,SW,11,20,14.90,52.10,ok
4,200,2,outdoor,6003,100.05,window_open,open,open,morning,SW,11,20,14.80,52.00,ok
4,201,2,outdoor,6033,100.55,window_open,open,open,morning,SW,11,20,14.60,51.50,ok
4,202,2,outdoor,6063,101.05,window_open,open,open,morning,SW,11,20,14.50,51.40,ok
4,203,2,outdoor,6093,101.55,window_open,open,open,morning,SW,11,20,14.40,51.10,ok
4,204,2,outdoor,6123,102.05,window_open,open,open,morning,SW,11,20,14.30,52.20,ok
4,205,2,outdoor,6153,102.55,window_open,open,open,morning,SW,11,20,14.20,51.80,ok
4,206,2,outdoor,6183,103.05,window_open,open,open,morning,SW,11,20,13.90,51.30,ok
4,207,2,outdoor,6213,103.55,window_open,open,open,morning,SW,11,20,13.60,52.40,ok
4,208,2,outdoor,6244,104.07,window_open,open,open,morning,SW,11,20,13.70,54.40,ok
4,209,2,outdoor,6274,104.57,window_open,open,open,morning,SW,11,20,13.80,53.40,ok
4,210,2,outdoor,6304,105.07,window_open,open,open,morning,SW,11,20,13.90,54.50,ok
4,211,2,outdoor,6334,105.57,window_open,open,open,morning,SW,11,20,13.90,53.80,ok
4,212,2,outdoor,6364,106.07,window_open,open,open,morning,SW,11,20,14.00,53.60,ok
4,213,2,outdoor,6394,106.57,window_open,open,open,morning,SW,11,20,14.10,52.40,ok
4,214,2,outdoor,6424,107.07,window_open,open,open,morning,SW,11,20,14.20,53.70,ok
4,215,2,outdoor,6454,107.57,window_open,open,open,morning,SW,11,20,14.20,52.20,ok
4,216,2,outdoor,6484,108.07,window_open,open,open,morning,SW,11,20,14.30,50.80,ok
4,217,2,outdoor,6514,108.57,window_open,open,open,morning,SW,11,20,14.40,49.80,ok
4,218,2,outdoor,6544,109.07,window_open,open,open,morning,SW,11,20,14.40,51.40,ok
4,219,2,outdoor,6574,109.57,window_open,open,open,morning,SW,11,20,14.50,51.40,ok
4,220,2,outdoor,6604,110.07,window_open,open,open,morning,SW,11,20,14.70,52.10,ok
4,221,2,outdoor,6634,110.57,window_open,open,open,morning,SW,11,20,14.80,50.20,ok
4,222,2,outdoor,6664,111.07,window_open,open,open,morning,SW,11,20,14.80,51.60,ok
4,223,2,outdoor,6694,111.57,window_open,open,open,morning,SW,11,20,14.90,50.70,ok
4,224,2,outdoor,6724,112.07,window_open,open,open,morning,SW,11,20,15.00,50.30,ok
4,225,2,outdoor,6754,112.57,window_open,open,open,morning,SW,11,20,15.00,50.10,ok
4,226,2,outdoor,6785,113.08,window_open,open,open,morning,SW,11,20,15.20,49.30,ok
4,227,2,outdoor,6815,113.58,window_open,open,open,morning,SW,11,20,15.20,50.50,ok
4,228,2,outdoor,6845,114.08,window_open,open,open,morning,SW,11,20,15.30,50.00,ok
4,229,2,outdoor,6875,114.58,window_open,open,open,morning,SW,11,20,15.40,49.20,ok
4,230,2,outdoor,6905,115.08,window_open,open,open,morning,SW,11,20,15.50,49.50,ok
4,231,2,outdoor,6935,115.58,window_open,open,open,morning,SW,11,20,15.40,47.30,ok
4,232,2,outdoor,6965,116.08,window_open,open,open,morning,SW,11,20,15.40,48.10,ok
4,233,2,outdoor,6995,116.58,window_open,open,open,morning,SW,11,20,15.40,48.20,ok
4,234,2,outdoor,7025,117.08,window_open,open,open,morning,SW,11,20,15.40,48.10,ok
4,235,2,outdoor,7055,117.58,window_open,open,open,morning,SW,11,20,15.40,48.00,ok
4,236,2,outdoor,7085,118.08,window_open,open,open,morning,SW,11,20,15.40,46.50,ok
4,237,2,outdoor,7115,118.58,window_open,open,open,morning,SW,11,20,15.30,46.40,ok
4,238,2,outdoor,7145,119.08,window_open,open,open,morning,SW,11,20,15.20,48.30,ok
4,239,2,outdoor,7175,119.58,window_open,open,open,morning,SW,11,20,15.20,47.70,ok
4,240,2,outdoor,7205,120.08,recovery,closed,open,morning,SW,11,20,15.10,47.80,ok
4,241,2,outdoor,7235,120.58,recovery,closed,open,morning,SW,11,20,15.10,47.40,ok
4,242,2,outdoor,7265,121.08,recovery,closed,open,morning,SW,11,20,15.00,46.50,ok
4,243,2,outdoor,7295,121.58,recovery,closed,open,morning,SW,11,20,15.00,47.60,ok
4,244,2,outdoor,7326,122.10,recovery,closed,open,morning,SW,11,20,15.00,47.90,ok
4,245,2,outdoor,7356,122.60,recovery,closed,open,morning,SW,11,20,15.10,48.40,ok
4,246,2,outdoor,7386,123.10,recovery,closed,open,morning,SW,11,20,15.20,47.90,ok
4,247,2,outdoor,7416,123.60,recovery,closed,open,morning,SW,11,20,15.30,47.30,ok
4,248,2,outdoor,7446,124.10,recovery,closed,open,morning,SW,11,20,15.30,48.30,ok
4,249,2,outdoor,7476,124.60,recovery,closed,open,morning,SW,11,20,15.50,47.60,ok
4,250,2,outdoor,7506,125.10,recovery,closed,open,morning,SW,11,20,15.70,47.00,ok
4,251,2,outdoor,7536,125.60,recovery,closed,open,morning,SW,11,20,15.80,45.80,ok
4,252,2,outdoor,7566,126.10,recovery,closed,open,morning,SW,11,20,15.80,46.00,ok
4,253,2,outdoor,7596,126.60,recovery,closed,open,morning,SW,11,20,15.90,46.50,ok
4,254,2,outdoor,7626,127.10,recovery,closed,open,morning,SW,11,20,15.80,45.30,ok
4,255,2,outdoor,7656,127.60,recovery,closed,open,morning,SW,11,20,16.00,45.50,ok
4,256,2,outdoor,7686,128.10,recovery,closed,open,morning,SW,11,20,16.10,45.70,ok
4,257,2,outdoor,7716,128.60,recovery,closed,open,morning,SW,11,20,16.10,45.30,ok
4,258,2,outdoor,7746,129.10,recovery,closed,open,morning,SW,11,20,16.10,44.20,ok
4,259,2,outdoor,7776,129.60,recovery,closed,open,morning,SW,11,20,16.10,45.30,ok
4,260,2,outdoor,7806,130.10,recovery,closed,open,morning,SW,11,20,16.10,46.00,ok
4,261,2,outdoor,7836,130.60,recovery,closed,open,morning,SW,11,20,16.00,46.00,ok
4,262,2,outdoor,7867,131.12,recovery,closed,open,morning,SW,11,20,16.00,45.00,ok
4,263,2,outdoor,7897,131.62,recovery,closed,open,morning,SW,11,20,16.00,45.40,ok
4,264,2,outdoor,7927,132.12,recovery,closed,open,morning,SW,11,20,16.10,45.60,ok
4,265,2,outdoor,7957,132.62,recovery,closed,open,morning,SW,11,20,16.20,45.80,ok
4,266,2,outdoor,7987,133.12,recovery,closed,open,morning,SW,11,20,16.30,45.10,ok
4,267,2,outdoor,8017,133.62,recovery,closed,open,morning,SW,11,20,16.20,44.80,ok
4,268,2,outdoor,8047,134.12,recovery,closed,open,morning,SW,11,20,16.30,46.10,ok
4,269,2,outdoor,8077,134.62,recovery,closed,open,morning,SW,11,20,16.30,45.60,ok
4,270,2,outdoor,8107,135.12,recovery,closed,open,morning,SW,11,20,16.40,45.50,ok
4,271,2,outdoor,8137,135.62,recovery,closed,open,morning,SW,11,20,16.50,45.70,ok
4,272,2,outdoor,8167,136.12,recovery,closed,open,morning,SW,11,20,16.40,44.70,ok
4,273,2,outdoor,8197,136.62,recovery,closed,open,morning,SW,11,20,16.40,44.20,ok
4,274,2,outdoor,8227,137.12,recovery,closed,open,morning,SW,11,20,16.40,44.60,ok
4,275,2,outdoor,8257,137.62,recovery,closed,open,morning,SW,11,20,16.40,44.80,ok
4,276,2,outdoor,8287,138.12,recovery,closed,open,morning,SW,11,20,16.50,44.90,ok
4,277,2,outdoor,8317,138.62,recovery,closed,open,morning,SW,11,20,16.50,44.90,ok
4,278,2,outdoor,8347,139.12,recovery,closed,open,morning,SW,11,20,16.40,45.20,ok
4,279,2,outdoor,8377,139.62,recovery,closed,open,morning,SW,11,20,16.50,44.80,ok
4,280,2,outdoor,8408,140.13,recovery,closed,open,morning,SW,11,20,16.40,44.80,ok
4,281,2,outdoor,8438,140.63,recovery,closed,open,morning,SW,11,20,16.30,45.30,ok
4,282,2,outdoor,8468,141.13,recovery,closed,open,morning,SW,11,20,16.30,45.70,ok
4,283,2,outdoor,8498,141.63,recovery,closed,open,morning,SW,11,20,16.30,43.50,ok
4,284,2,outdoor,8528,142.13,recovery,closed,open,morning,SW,11,20,16.20,43.90,ok
4,285,2,outdoor,8558,142.63,recovery,closed,open,morning,SW,11,20,16.20,44.40,ok
4,286,2,outdoor,8588,143.13,recovery,closed,open,morning,SW,11,20,16.30,45.20,ok
4,287,2,outdoor,8618,143.63,recovery,closed,open,morning,SW,11,20,16.30,46.10,ok
4,288,2,outdoor,8648,144.13,recovery,closed,open,morning,SW,11,20,16.30,45.80,ok
4,289,2,outdoor,8678,144.63,recovery,closed,open,morning,SW,11,20,16.30,43.90,ok
4,290,2,outdoor,8708,145.13,recovery,closed,open,morning,SW,11,20,16.30,44.80,ok
4,291,2,outdoor,8738,145.63,recovery,closed,open,morning,SW,11,20,16.30,44.10,ok
4,292,2,outdoor,8768,146.13,recovery,closed,open,morning,SW,11,20,16.20,44.40,ok
4,293,2,outdoor,8798,146.63,recovery,closed,open,morning,SW,11,20,16.00,44.50,ok
4,294,2,outdoor,8828,147.13,recovery,closed,open,morning,SW,11,20,16.00,44.70,ok
4,295,2,outdoor,8858,147.63,recovery,closed,open,morning,SW,11,20,16.00,44.80,ok
4,296,2,outdoor,8888,148.13,recovery,closed,open,morning,SW,11,20,16.10,45.10,ok
4,297,2,outdoor,8919,148.65,recovery,closed,open,morning,SW,11,20,16.10,46.30,ok
4,298,2,outdoor,8949,149.15,recovery,closed,open,morning,SW,11,20,15.80,44.90,ok
4,299,2,outdoor,8979,149.65,recovery,closed,open,morning,SW,11,20,15.90,46.70,ok
4,300,2,outdoor,9009,150.15,recovery,closed,open,morning,SW,11,20,15.90,45.80,ok
4,301,2,outdoor,9039,150.65,recovery,closed,open,morning,SW,11,20,16.00,46.40,ok
4,302,2,outdoor,9069,151.15,recovery,closed,open,morning,SW,11,20,16.10,45.20,ok
4,303,2,outdoor,9099,151.65,recovery,closed,open,morning,SW,11,20,16.10,43.90,ok
4,304,2,outdoor,9129,152.15,recovery,closed,open,morning,SW,11,20,16.20,44.90,ok
4,305,2,outdoor,9159,152.65,recovery,closed,open,morning,SW,11,20,16.20,42.20,ok
4,306,2,outdoor,9189,153.15,recovery,closed,open,morning,SW,11,20,16.20,43.10,ok
4,307,2,outdoor,9219,153.65,recovery,closed,open,morning,SW,11,20,16.20,43.00,ok
4,308,2,outdoor,9249,154.15,recovery,closed,open,morning,SW,11,20,16.20,41.90,ok
4,309,2,outdoor,9279,154.65,recovery,closed,open,morning,SW,11,20,15.90,42.70,ok
4,310,2,outdoor,9309,155.15,recovery,closed,open,morning,SW,11,20,16.00,44.40,ok
4,311,2,outdoor,9339,155.65,recovery,closed,open,morning,SW,11,20,15.90,43.10,ok
4,312,2,outdoor,9369,156.15,recovery,closed,open,morning,SW,11,20,16.00,45.50,ok
4,313,2,outdoor,9399,156.65,recovery,closed,open,morning,SW,11,20,16.00,44.30,ok
4,314,2,outdoor,9429,157.15,recovery,closed,open,morning,SW,11,20,16.00,45.00,ok
4,315,2,outdoor,9460,157.67,recovery,closed,open,morning,SW,11,20,16.10,45.20,ok
4,316,2,outdoor,9490,158.17,recovery,closed,open,morning,SW,11,20,16.20,45.00,ok
4,317,2,outdoor,9520,158.67,recovery,closed,open,morning,SW,11,20,16.30,44.10,ok
4,318,2,outdoor,9550,159.17,recovery,closed,open,morning,SW,11,20,16.40,43.30,ok
4,319,2,outdoor,9580,159.67,recovery,closed,open,morning,SW,11,20,16.40,43.90,ok
4,320,2,outdoor,9610,160.17,recovery,closed,open,morning,SW,11,20,16.40,43.60,ok
4,321,2,outdoor,9640,160.67,recovery,closed,open,morning,SW,11,20,16.40,42.80,ok
4,322,2,outdoor,9670,161.17,recovery,closed,open,morning,SW,11,20,16.30,43.10,ok
4,323,2,outdoor,9700,161.67,recovery,closed,open,morning,SW,11,20,16.30,43.30,ok
4,324,2,outdoor,9730,162.17,recovery,closed,open,morning,SW,11,20,16.30,41.90,ok
4,325,2,outdoor,9760,162.67,recovery,closed,open,morning,SW,11,20,16.30,42.20,ok
4,326,2,outdoor,9790,163.17,recovery,closed,open,morning,SW,11,20,16.30,42.70,ok
4,327,2,outdoor,9820,163.67,recovery,closed,open,morning,SW,11,20,16.40,43.90,ok
4,328,2,outdoor,9850,164.17,recovery,closed,open,morning,SW,11,20,16.60,44.30,ok
4,329,2,outdoor,9880,164.67,recovery,closed,open,morning,SW,11,20,16.80,42.90,ok
4,330,2,outdoor,9910,165.17,recovery,closed,open,morning,SW,11,20,17.00,41.90,ok
4,331,2,outdoor,9940,165.67,recovery,closed,open,morning,SW,11,20,17.10,41.50,ok
4,332,2,outdoor,9970,166.17,recovery,closed,open,morning,SW,11,20,17.10,41.60,ok
4,333,2,outdoor,10001,166.68,recovery,closed,open,morning,SW,11,20,17.10,41.70,ok
4,334,2,outdoor,10031,167.18,recovery,closed,open,morning,SW,11,20,17.20,41.70,ok
4,335,2,outdoor,10061,167.68,recovery,closed,open,morning,SW,11,20,17.30,42.20,ok
4,336,2,outdoor,10091,168.18,recovery,closed,open,morning,SW,11,20,17.40,42.30,ok
4,337,2,outdoor,10121,168.68,recovery,closed,open,morning,SW,11,20,17.50,42.70,ok
4,338,2,outdoor,10151,169.18,recovery,closed,open,morning,SW,11,20,17.40,42.70,ok
4,339,2,outdoor,10181,169.68,recovery,closed,open,morning,SW,11,20,17.40,43.70,ok
4,340,2,outdoor,10211,170.18,recovery,closed,open,morning,SW,11,20,17.30,43.10,ok
4,341,2,outdoor,10241,170.68,recovery,closed,open,morning,SW,11,20,17.10,42.70,ok
4,342,2,outdoor,10271,171.18,recovery,closed,open,morning,SW,11,20,17.20,43.30,ok
4,343,2,outdoor,10301,171.68,recovery,closed,open,morning,SW,11,20,17.20,43.30,ok
4,344,2,outdoor,10331,172.18,recovery,closed,open,morning,SW,11,20,17.30,43.20,ok
4,345,2,outdoor,10361,172.68,recovery,closed,open,morning,SW,11,20,17.40,43.30,ok
4,346,2,outdoor,10391,173.18,recovery,closed,open,morning,SW,11,20,17.40,43.60,ok
4,347,2,outdoor,10421,173.68,recovery,closed,open,morning,SW,11,20,17.40,43.80,ok
4,348,2,outdoor,10451,174.18,recovery,closed,open,morning,SW,11,20,17.30,43.30,ok
4,349,2,outdoor,10481,174.68,recovery,closed,open,morning,SW,11,20,17.40,44.00,ok
4,350,2,outdoor,10512,175.20,recovery,closed,open,morning,SW,11,20,17.40,44.10,ok
4,351,2,outdoor,10542,175.70,recovery,closed,open,morning,SW,11,20,17.30,42.60,ok
4,352,2,outdoor,10572,176.20,recovery,closed,open,morning,SW,11,20,17.20,42.70,ok
4,353,2,outdoor,10602,176.70,recovery,closed,open,morning,SW,11,20,17.10,42.60,ok
4,354,2,outdoor,10632,177.20,recovery,closed,open,morning,SW,11,20,16.60,42.70,ok
4,355,2,outdoor,10662,177.70,recovery,closed,open,morning,SW,11,20,16.60,44.20,ok
4,356,2,outdoor,10692,178.20,recovery,closed,open,morning,SW,11,20,16.70,44.10,ok
4,357,2,outdoor,10722,178.70,recovery,closed,open,morning,SW,11,20,16.80,44.00,ok
4,358,2,outdoor,10752,179.20,recovery,closed,open,morning,SW,11,20,17.00,44.80,ok
4,359,2,outdoor,10782,179.70,recovery,closed,open,morning,SW,11,20,17.30,44.70,ok
