timestamp,session_id,sensor_id,sensor_role,phase,window_state,door_state,time_period,wind_direction,wind_speed_kmh,wind_gust_kmh,temperature_c,humidity_rh,source_file
2026-09-20T10:20:23,1,1,indoor,baseline,closed,closed,morning,NNE,30,56,18.60,70.30,room_environment_data_sensor1_session1.csv
2026-09-20T10:20:53,1,1,indoor,baseline,closed,closed,morning,NNE,30,56,18.60,70.20,room_environment_data_sensor1_session1.csv
2026-09-20T10:21:23,1,1,indoor,baseline,closed,closed,morning,NNE,30,56,18.60,69.90,room_environment_data_sensor1_session1.csv
2026-09-20T10:21:53,1,1,indoor,baseline,closed,closed,morning,NNE,30,56,18.60,69.90,room_environment_data_sensor1_session1.csv
2026-09-20T10:22:23,1,1,indoor,baseline,closed,closed,morning,NNE,30,56,18.60,69.80,room_environment_data_sensor1_session1.csv
2026-09-20T10:22:53,1,1,indoor,baseline,closed,closed,morning,NNE,30,56,18.60,69.60,room_environment_data_sensor1_session1.csv
2026-09-20T10:23:23,1,1,indoor,baseline,closed,closed,morning,NNE,30,56,18.60,69.70,room_environment_data_sensor1_session1.csv
2026-09-20T10:23:53,1,1,indoor,baseline,closed,closed,morning,NNE,30,56,18.60,69.60,room_environment_data_sensor1_session1.csv
2026-09-20T10:24:24,1,1,indoor,baseline,closed,closed,morning,NNE,30,56,18.60,69.50,room_environment_data_sensor1_session1.csv
2026-09-20T10:24:54,1,1,indoor,baseline,closed,closed,morning,NNE,30,56,18.60,69.50,room_environment_data_sensor1_session1.csv
2026-09-20T10:25:24,1,1,indoor,baseline,closed,closed,morning,NNE,30,56,18.60,69.50,room_environment_data_sensor1_session1.csv
2026-09-20T10:25:54,1,1,indoor,baseline,closed,closed,morning,NNE,30,56,18.60,69.30,room_environment_data_sensor1_session1.csv
2026-09-20T10:26:24,1,1,indoor,baseline,closed,closed,morning,NNE,30,56,18.60,69.30,room_environment_data_sensor1_session1.csv
2026-09-20T10:26:54,1,1,indoor,baseline,closed,closed,morning,NNE,30,56,18.60,69.20,room_environment_data_sensor1_session1.csv
2026-09-20T10:27:24,1,1,indoor,baseline,closed,closed,morning,NNE,30,56,18.60,69.30,room_environment_data_sensor1_session1.csv
2026-09-20T10:27:54,1,1,indoor,baseline,closed,closed,morning,NNE,30,56,18.60,69.20,room_environment_data_sensor1_session1.csv
2026-09-20T10:28:24,1,1,indoor,baseline,closed,closed,morning,NNE,30,56,18.60,69.40,room_environment_data_sensor1_session1.csv
2026-09-20T10:28:54,1,1,indoor,baseline,closed,closed,morning,NNE,30,56,18.60,69.40,room_environment_data_sensor1_session1.csv
2026-09-20T10:29:24,1,1,indoor,baseline,closed,closed,morning,NNE,30,56,18.60,69.40,room_environment_data_sensor1_session1.csv
2026-09-20T10:29:54,1,1,indoor,baseline,closed,closed,morning,NNE,30,56,18.60,69.50,room_environment_data_sensor1_session1.csv
2026-09-20T10:30:24,1,1,indoor,baseline,closed,closed,morning,NNE,30,56,18.60,69.90,room_environment_data_sensor1_session1.csv
2026-09-20T10:30:54,1,1,indoor,baseline,closed,closed,morning,NNE,30,56,18.60,69.90,room_environment_data_sensor1_session1.csv
2026-09-20T10:31:24,1,1,indoor,baseline,closed,closed,morning,NNE,30,56,18.60,69.70,room_environment_data_sensor1_session1.csv
2026-09-20T10:31:54,1,1,indoor,baseline,closed,closed,morning,NNE,30,56,18.60,69.70,room_environment_data_sensor1_session1.csv
2026-09-20T10:32:24,1,1,indoor,baseline,closed,closed,morning,NNE,30,56,18.60,69.60,room_environment_data_sensor1_session1.csv
2026-09-20T10:32:54,1,1,indoor,baseline,closed,closed,morning,NNE,30,56,18.60,69.40,room_environment_data_sensor1_session1.csv
2026-09-20T10:33:24,1,1,indoor,baseline,closed,closed,morning,NNE,30,56,18.60,69.30,room_environment_data_sensor1_session1.csv
2026-09-20T10:33:54,1,1,indoor,baseline,closed,closed,morning,NNE,30,56,18.60,69.40,room_environment_data_sensor1_session1.csv
2026-09-20T10:34:24,1,1,indoor,baseline,closed,closed,morning,NNE,30,56,18.60,69.30,room_environment_data_sensor1_session1.csv
2026-09-20T10:34:54,1,1,indoor,baseline,closed,closed,morning,NNE,30,56,18.60,69.40,room_environment_data_sensor1_session1.csv
2026-09-20T10:35:24,1,1,indoor,baseline,closed,closed,morning,NNE,30,56,18.60,69.60,room_environment_data_sensor1_session1.csv
2026-09-20T10:35:54,1,1,indoor,baseline,closed,closed,morning,NNE,30,56,18.60,69.70,room_environment_data_sensor1_session1.csv
2026-09-20T10:36:24,1,1,indoor,baseline,closed,closed,morning,NNE,30,56,18.60,69.30,room_environment_data_sensor1_session1.csv
2026-09-20T10:36:54,1,1,indoor,baseline,closed,closed,morning,NNE,30,56,18.60,68.80,room_environment_data_sensor1_session1.csv
2026-09-20T10:37:24,1,1,indoor,baseline,closed,closed,morning,NNE,30,56,18.60,68.70,room_environment_data_sensor1_session1.csv
2026-09-20T10:37:54,1,1,indoor,baseline,closed,closed,morning,NNE,30,56,18.70,68.50,room_environment_data_sensor1_session1.csv
2026-09-20T10:38:24,1,1,indoor,baseline,closed,closed,morning,NNE,30,56,18.70,68.40,room_environment_data_sensor1_session1.csv
2026-09-20T10:38:54,1,1,indoor,baseline,closed,closed,morning,NNE,30,56,18.70,68.60,room_environment_data_sensor1_session1.csv
2026-09-20T10:39:24,1,1,indoor,baseline,closed,closed,morning,NNE,30,56,18.70,68.70,room_environment_data_sensor1_session1.csv
2026-09-20T10:39:54,1,1,indoor,baseline,closed,closed,morning,NNE,30,56,18.70,68.50,room_environment_data_sensor1_session1.csv
2026-09-20T10:40:24,1,1,indoor,baseline,closed,closed,morning,NNE,30,56,18.70,68.70,room_environment_data_sensor1_session1.csv
2026-09-20T10:40:54,1,1,indoor,baseline,closed,closed,morning,NNE,30,56,18.70,68.90,room_environment_data_sensor1_session1.csv
2026-09-20T10:41:24,1,1,indoor,baseline,closed,closed,morning,NNE,30,56,18.80,68.90,room_environment_data_sensor1_session1.csv
2026-09-20T10:41:54,1,1,indoor,baseline,closed,closed,morning,NNE,30,56,18.80,68.90,room_environment_data_sensor1_session1.csv
2026-09-20T10:42:24,1,1,indoor,baseline,closed,closed,morning,NNE,30,56,18.80,68.90,room_environment_data_sensor1_session1.csv
2026-09-20T10:42:54,1,1,indoor,baseline,closed,closed,morning,NNE,30,56,18.80,69.00,room_environment_data_sensor1_session1.csv
2026-09-20T10:43:24,1,1,indoor,baseline,closed,closed,morning,NNE,30,56,18.80,69.00,room_environment_data_sensor1_session1.csv
2026-09-20T10:43:54,1,1,indoor,baseline,closed,closed,morning,NNE,30,56,18.80,68.80,room_environment_data_sensor1_session1.csv
2026-09-20T10:44:24,1,1,indoor,baseline,closed,closed,morning,NNE,30,56,18.80,68.80,room_environment_data_sensor1_session1.csv
2026-09-20T10:44:54,1,1,indoor,baseline,closed,closed,morning,NNE,30,56,18.80,68.90,room_environment_data_sensor1_session1.csv
2026-09-20T10:45:24,1,1,indoor,baseline,closed,closed,morning,NNE,30,56,18.80,68.60,room_environment_data_sensor1_session1.csv
2026-09-20T10:45:54,1,1,indoor,baseline,closed,closed,morning,NNE,30,56,18.80,68.80,room_environment_data_sensor1_session1.csv
2026-09-20T10:46:24,1,1,indoor,baseline,closed,closed,morning,NNE,30,56,18.80,68.50,room_environment_data_sensor1_session1.csv
2026-09-20T10:46:54,1,1,indoor,baseline,closed,closed,morning,NNE,30,56,18.90,68.50,room_environment_data_sensor1_session1.csv
2026-09-20T10:47:24,1,1,indoor,baseline,closed,closed,morning,NNE,30,56,18.90,68.40,room_environment_data_sensor1_session1.csv
2026-09-20T10:47:54,1,1,indoor,baseline,closed,closed,morning,NNE,30,56,18.90,68.40,room_environment_data_sensor1_session1.csv
2026-09-20T10:48:24,1,1,indoor,baseline,closed,closed,morning,NNE,30,56,18.90,68.50,room_environment_data_sensor1_session1.csv
2026-09-20T10:48:54,1,1,indoor,baseline,closed,closed,morning,NNE,30,56,18.90,68.50,room_environment_data_sensor1_session1.csv
2026-09-20T10:49:24,1,1,indoor,baseline,closed,closed,morning,NNE,30,56,18.90,68.30,room_environment_data_sensor1_session1.csv
2026-09-20T10:49:54,1,1,indoor,baseline,closed,closed,morning,NNE,30,56,18.90,68.30,room_environment_data_sensor1_session1.csv
2026-09-20T10:50:24,1,1,indoor,baseline,closed,closed,morning,NNE,30,56,18.90,68.30,room_environment_data_sensor1_session1.csv
2026-09-20T10:50:54,1,1,indoor,baseline,closed,closed,morning,NNE,30,56,18.90,68.20,room_environment_data_sensor1_session1.csv
2026-09-20T10:51:24,1,1,indoor,baseline,closed,closed,morning,NNE,30,56,18.90,68.00,room_environment_data_sensor1_session1.csv
2026-09-20T10:51:54,1,1,indoor,baseline,closed,closed,morning,NNE,30,56,18.90,67.90,room_environment_data_sensor1_session1.csv
2026-09-20T10:52:24,1,1,indoor,baseline,closed,closed,morning,NNE,30,56,18.90,67.90,room_environment_data_sensor1_session1.csv
2026-09-20T10:52:54,1,1,indoor,baseline,closed,closed,morning,NNE,30,56,18.90,67.70,room_environment_data_sensor1_session1.csv
2026-09-20T10:53:24,1,1,indoor,baseline,closed,closed,morning,NNE,30,56,19.00,67.70,room_environment_data_sensor1_session1.csv
2026-09-20T10:53:54,1,1,indoor,baseline,closed,closed,morning,NNE,30,56,19.00,67.70,room_environment_data_sensor1_session1.csv
2026-09-20T10:54:24,1,1,indoor,baseline,closed,closed,morning,NNE,30,56,19.00,67.60,room_environment_data_sensor1_session1.csv
2026-09-20T10:54:54,1,1,indoor,baseline,closed,closed,morning,NNE,30,56,19.00,67.50,room_environment_data_sensor1_session1.csv
2026-09-20T10:55:24,1,1,indoor,baseline,closed,closed,morning,NNE,30,56,19.00,67.70,room_environment_data_sensor1_session1.csv
2026-09-20T10:55:54,1,1,indoor,baseline,closed,closed,morning,NNE,30,56,19.00,67.60,room_environment_data_sensor1_session1.csv
2026-09-20T10:56:24,1,1,indoor,baseline,closed,closed,morning,NNE,30,56,19.00,67.40,room_environment_data_sensor1_session1.csv
2026-09-20T10:56:54,1,1,indoor,baseline,closed,closed,morning,NNE,30,56,19.00,67.30,room_environment_data_sensor1_session1.csv
2026-09-20T10:57:24,1,1,indoor,baseline,closed,closed,morning,NNE,30,56,19.00,67.20,room_environment_data_sensor1_session1.csv
2026-09-20T10:57:54,1,1,indoor,baseline,closed,closed,morning,NNE,30,56,19.00,67.10,room_environment_data_sensor1_session1.csv
2026-09-20T10:58:24,1,1,indoor,baseline,closed,closed,morning,NNE,30,56,19.10,67.10,room_environment_data_sensor1_session1.csv
2026-09-20T10:58:54,1,1,indoor,baseline,closed,closed,morning,NNE,30,56,19.10,67.10,room_environment_data_sensor1_session1.csv
2026-09-20T10:59:24,1,1,indoor,baseline,closed,closed,morning,NNE,30,56,19.10,66.90,room_environment_data_sensor1_session1.csv
2026-09-20T10:59:54,1,1,indoor,baseline,closed,closed,morning,NNE,30,56,19.10,66.10,room_environment_data_sensor1_session1.csv
2026-09-20T11:00:24,1,1,indoor,baseline,closed,closed,morning,NNE,30,56,19.10,66.40,room_environment_data_sensor1_session1.csv
2026-09-20T11:00:54,1,1,indoor,baseline,closed,closed,morning,NNE,30,56,19.10,66.40,room_environment_data_sensor1_session1.csv
2026-09-20T11:01:24,1,1,indoor,baseline,closed,closed,morning,NNE,30,56,19.10,66.40,room_environment_data_sensor1_session1.csv
2026-09-20T11:01:54,1,1,indoor,baseline,closed,closed,morning,NNE,30,56,19.10,65.90,room_environment_data_sensor1_session1.csv
2026-09-20T11:02:24,1,1,indoor,baseline,closed,closed,morning,NNE,30,56,19.10,65.90,room_environment_data_sensor1_session1.csv
2026-09-20T11:02:54,1,1,indoor,baseline,closed,closed,morning,NNE,30,56,19.10,66.00,room_environment_data_sensor1_session1.csv
2026-09-20T11:03:24,1,1,indoor,baseline,closed,closed,morning,NNE,30,56,19.10,66.20,room_environment_data_sensor1_session1.csv
2026-09-20T11:03:54,1,1,indoor,baseline,closed,closed,morning,NNE,30,56,19.10,66.10,room_environment_data_sensor1_session1.csv
2026-09-20T11:04:24,1,1,indoor,baseline,closed,closed,morning,NNE,30,56,19.20,66.10,room_environment_data_sensor1_session1.csv
2026-09-20T11:04:54,1,1,indoor,baseline,closed,closed,morning,NNE,30,56,19.20,66.20,room_environment_data_sensor1_session1.csv
2026-09-20T11:05:24,1,1,indoor,baseline,closed,closed,morning,NNE,30,56,19.20,66.20,room_environment_data_sensor1_session1.csv
2026-09-20T11:05:54,1,1,indoor,baseline,closed,closed,morning,NNE,30,56,19.20,66.10,room_environment_data_sensor1_session1.csv
2026-09-20T11:06:24,1,1,indoor,baseline,closed,closed,morning,NNE,30,56,19.20,66.00,room_environment_data_sensor1_session1.csv
2026-09-20T11:06:54,1,1,indoor,baseline,closed,closed,morning,NNE,30,56,19.20,66.10,room_environment_data_sensor1_session1.csv
2026-09-20T11:07:24,1,1,indoor,baseline,closed,closed,morning,NNE,30,56,19.20,65.90,room_environment_data_sensor1_session1.csv
2026-09-20T11:07:54,1,1,indoor,baseline,closed,closed,morning,NNE,30,56,19.20,65.90,room_environment_data_sensor1_session1.csv
2026-09-20T11:08:24,1,1,indoor,baseline,closed,closed,morning,NNE,30,56,19.20,65.80,room_environment_data_sensor1_session1.csv
2026-09-20T11:08:54,1,1,indoor,baseline,closed,closed,morning,NNE,30,56,19.20,65.80,room_environment_data_sensor1_session1.csv
2026-09-20T11:09:24,1,1,indoor,baseline,closed,closed,morning,NNE,30,56,19.20,65.80,room_environment_data_sensor1_session1.csv
2026-09-20T11:09:54,1,1,indoor,baseline,closed,closed,morning,NNE,30,56,19.30,65.70,room_environment_data_sensor1_session1.csv
2026-09-20T11:10:24,1,1,indoor,baseline,closed,closed,morning,NNE,30,56,19.30,65.70,room_environment_data_sensor1_session1.csv
2026-09-20T11:10:54,1,1,indoor,baseline,closed,closed,morning,NNE,30,56,19.30,65.70,room_environment_data_sensor1_session1.csv
2026-09-20T11:11:24,1,1,indoor,baseline,closed,closed,morning,NNE,30,56,19.30,65.80,room_environment_data_sensor1_session1.csv
2026-09-20T11:11:54,1,1,indoor,baseline,closed,closed,morning,NNE,30,56,19.30,65.60,room_environment_data_sensor1_session1.csv
2026-09-20T11:12:24,1,1,indoor,baseline,closed,closed,morning,NNE,30,56,19.30,65.80,room_environment_data_sensor1_session1.csv
2026-09-20T11:12:54,1,1,indoor,baseline,closed,closed,morning,NNE,30,56,19.30,65.50,room_environment_data_sensor1_session1.csv
2026-09-20T11:13:24,1,1,indoor,baseline,closed,closed,morning,NNE,30,56,19.30,65.60,room_environment_data_sensor1_session1.csv
2026-09-20T11:13:54,1,1,indoor,baseline,closed,closed,morning,NNE,30,56,19.30,65.60,room_environment_data_sensor1_session1.csv
2026-09-20T11:14:24,1,1,indoor,baseline,closed,closed,morning,NNE,30,56,19.30,65.70,room_environment_data_sensor1_session1.csv
2026-09-20T11:14:54,1,1,indoor,baseline,closed,closed,morning,NNE,30,56,19.30,65.80,room_environment_data_sensor1_session1.csv
2026-09-20T11:15:24,1,1,indoor,baseline,closed,closed,morning,NNE,30,56,19.30,65.50,room_environment_data_sensor1_session1.csv
2026-09-20T11:15:54,1,1,indoor,baseline,closed,closed,morning,NNE,30,56,19.30,65.40,room_environment_data_sensor1_session1.csv
2026-09-20T11:16:24,1,1,indoor,baseline,closed,closed,morning,NNE,30,56,19.30,65.40,room_environment_data_sensor1_session1.csv
2026-09-20T11:16:54,1,1,indoor,baseline,closed,closed,morning,NNE,30,56,19.30,65.30,room_environment_data_sensor1_session1.csv
2026-09-20T11:17:24,1,1,indoor,baseline,closed,closed,morning,NNE,30,56,19.30,65.60,room_environment_data_sensor1_session1.csv
2026-09-20T11:17:54,1,1,indoor,baseline,closed,closed,morning,NNE,30,56,19.40,65.50,room_environment_data_sensor1_session1.csv
2026-09-20T11:18:24,1,1,indoor,baseline,closed,closed,morning,NNE,30,56,19.30,65.30,room_environment_data_sensor1_session1.csv
2026-09-20T11:18:54,1,1,indoor,baseline,closed,closed,morning,NNE,30,56,19.40,65.30,room_environment_data_sensor1_session1.csv
2026-09-20T11:19:24,1,1,indoor,baseline,closed,closed,morning,NNE,30,56,19.40,65.10,room_environment_data_sensor1_session1.csv
2026-09-20T11:19:54,1,1,indoor,baseline,closed,closed,morning,NNE,30,56,19.40,65.20,room_environment_data_sensor1_session1.csv
2026-09-20T11:20:24,1,1,indoor,window_open,open,closed,morning,NNE,30,56,19.40,65.10,room_environment_data_sensor1_session1.csv
2026-09-20T11:20:54,1,1,indoor,window_open,open,closed,morning,NNE,30,56,19.40,65.00,room_environment_data_sensor1_session1.csv
2026-09-20T11:21:24,1,1,indoor,window_open,open,closed,morning,NNE,30,56,19.40,64.90,room_environment_data_sensor1_session1.csv
2026-09-20T11:21:54,1,1,indoor,window_open,open,closed,morning,NNE,30,56,19.50,64.60,room_environment_data_sensor1_session1.csv
2026-09-20T11:22:24,1,1,indoor,window_open,open,closed,morning,NNE,30,56,19.50,64.40,room_environment_data_sensor1_session1.csv
2026-09-20T11:22:54,1,1,indoor,window_open,open,closed,morning,NNE,30,56,19.50,63.80,room_environment_data_sensor1_session1.csv
2026-09-20T11:23:24,1,1,indoor,window_open,open,closed,morning,NNE,30,56,19.50,62.30,room_environment_data_sensor1_session1.csv
2026-09-20T11:23:54,1,1,indoor,window_open,open,closed,morning,NNE,30,56,19.60,61.80,room_environment_data_sensor1_session1.csv
2026-09-20T11:24:24,1,1,indoor,window_open,open,closed,morning,NNE,30,56,19.60,61.70,room_environment_data_sensor1_session1.csv
2026-09-20T11:24:54,1,1,indoor,window_open,open,closed,morning,NNE,30,56,19.60,61.00,room_environment_data_sensor1_session1.csv
2026-09-20T11:25:24,1,1,indoor,window_open,open,closed,morning,NNE,30,56,19.60,60.60,room_environment_data_sensor1_session1.csv
2026-09-20T11:25:54,1,1,indoor,window_open,open,closed,morning,NNE,30,56,19.60,60.00,room_environment_data_sensor1_session1.csv
2026-09-20T11:26:24,1,1,indoor,window_open,open,closed,morning,NNE,30,56,19.60,59.70,room_environment_data_sensor1_session1.csv
2026-09-20T11:26:54,1,1,indoor,window_open,open,closed,morning,NNE,30,56,19.60,59.20,room_environment_data_sensor1_session1.csv
2026-09-20T11:27:24,1,1,indoor,window_open,open,closed,morning,NNE,30,56,19.60,58.50,room_environment_data_sensor1_session1.csv
2026-09-20T11:27:54,1,1,indoor,window_open,open,closed,morning,NNE,30,56,19.60,58.60,room_environment_data_sensor1_session1.csv
2026-09-20T11:28:24,1,1,indoor,window_open,open,closed,morning,NNE,30,56,19.60,57.80,room_environment_data_sensor1_session1.csv
2026-09-20T11:28:54,1,1,indoor,window_open,open,closed,morning,NNE,30,56,19.60,57.90,room_environment_data_sensor1_session1.csv
2026-09-20T11:29:24,1,1,indoor,window_open,open,closed,morning,NNE,30,56,19.60,56.20,room_environment_data_sensor1_session1.csv
2026-09-20T11:29:54,1,1,indoor,window_open,open,closed,morning,NNE,30,56,19.60,56.10,room_environment_data_sensor1_session1.csv
2026-09-20T11:30:24,1,1,indoor,window_open,open,closed,morning,NNE,30,56,19.70,56.10,room_environment_data_sensor1_session1.csv
2026-09-20T11:30:54,1,1,indoor,window_open,open,closed,morning,NNE,30,56,19.70,55.10,room_environment_data_sensor1_session1.csv
2026-09-20T11:31:24,1,1,indoor,window_open,open,closed,morning,NNE,30,56,19.70,55.40,room_environment_data_sensor1_session1.csv
2026-09-20T11:31:54,1,1,indoor,window_open,open,closed,morning,NNE,30,56,19.70,54.80,room_environment_data_sensor1_session1.csv
2026-09-20T11:32:24,1,1,indoor,window_open,open,closed,morning,NNE,30,56,19.70,53.90,room_environment_data_sensor1_session1.csv
2026-09-20T11:32:54,1,1,indoor,window_open,open,closed,morning,NNE,30,56,19.70,53.90,room_environment_data_sensor1_session1.csv
2026-09-20T11:33:24,1,1,indoor,window_open,open,closed,morning,NNE,30,56,19.80,54.10,room_environment_data_sensor1_session1.csv
2026-09-20T11:33:54,1,1,indoor,window_open,open,closed,morning,NNE,30,56,19.80,53.70,room_environment_data_sensor1_session1.csv
2026-09-20T11:34:24,1,1,indoor,window_open,open,closed,morning,NNE,30,56,19.80,53.70,room_environment_data_sensor1_session1.csv
2026-09-20T11:34:54,1,1,indoor,window_open,open,closed,morning,NNE,30,56,19.80,53.70,room_environment_data_sensor1_session1.csv
2026-09-20T11:35:24,1,1,indoor,window_open,open,closed,morning,NNE,30,56,19.80,53.10,room_environment_data_sensor1_session1.csv
2026-09-20T11:35:55,1,1,indoor,window_open,open,closed,morning,NNE,30,56,19.80,52.60,room_environment_data_sensor1_session1.csv
2026-09-20T11:36:25,1,1,indoor,window_open,open,closed,morning,NNE,30,56,19.80,52.60,room_environment_data_sensor1_session1.csv
2026-09-20T11:36:55,1,1,indoor,window_open,open,closed,morning,NNE,30,56,19.80,52.80,room_environment_data_sensor1_session1.csv
2026-09-20T11:37:25,1,1,indoor,window_open,open,closed,morning,NNE,30,56,19.80,52.40,room_environment_data_sensor1_session1.csv
2026-09-20T11:37:55,1,1,indoor,window_open,open,closed,morning,NNE,30,56,19.80,51.50,room_environment_data_sensor1_session1.csv
2026-09-20T11:38:25,1,1,indoor,window_open,open,closed,morning,NNE,30,56,19.80,51.70,room_environment_data_sensor1_session1.csv
2026-09-20T11:38:55,1,1,indoor,window_open,open,closed,morning,NNE,30,56,19.80,51.80,room_environment_data_sensor1_session1.csv
2026-09-20T11:39:25,1,1,indoor,window_open,open,closed,morning,NNE,30,56,19.80,51.50,room_environment_data_sensor1_session1.csv
2026-09-20T11:39:55,1,1,indoor,window_open,open,closed,morning,NNE,30,56,19.80,50.40,room_environment_data_sensor1_session1.csv
2026-09-20T11:40:25,1,1,indoor,window_open,open,closed,morning,NNE,30,56,19.80,50.20,room_environment_data_sensor1_session1.csv
2026-09-20T11:40:55,1,1,indoor,window_open,open,closed,morning,NNE,30,56,19.80,49.70,room_environment_data_sensor1_session1.csv
2026-09-20T11:41:25,1,1,indoor,window_open,open,closed,morning,NNE,30,56,19.80,49.20,room_environment_data_sensor1_session1.csv
2026-09-20T11:41:55,1,1,indoor,window_open,open,closed,morning,NNE,30,56,19.90,49.80,room_environment_data_sensor1_session1.csv
2026-09-20T11:42:25,1,1,indoor,window_open,open,closed,morning,NNE,30,56,19.90,49.40,room_environment_data_sensor1_session1.csv
2026-09-20T11:42:55,1,1,indoor,window_open,open,closed,morning,NNE,30,56,19.90,48.90,room_environment_data_sensor1_session1.csv
2026-09-20T11:43:25,1,1,indoor,window_open,open,closed,morning,NNE,30,56,19.90,49.30,room_environment_data_sensor1_session1.csv
2026-09-20T11:43:55,1,1,indoor,window_open,open,closed,morning,NNE,30,56,19.90,49.10,room_environment_data_sensor1_session1.csv
2026-09-20T11:44:25,1,1,indoor,window_open,open,closed,morning,NNE,30,56,19.90,49.80,room_environment_data_sensor1_session1.csv
2026-09-20T11:44:55,1,1,indoor,window_open,open,closed,morning,NNE,30,56,19.90,48.90,room_environment_data_sensor1_session1.csv
2026-09-20T11:45:25,1,1,indoor,window_open,open,closed,morning,NNE,30,56,19.90,49.00,room_environment_data_sensor1_session1.csv
2026-09-20T11:45:55,1,1,indoor,window_open,open,closed,morning,NNE,30,56,20.00,48.70,room_environment_data_sensor1_session1.csv
2026-09-20T11:46:25,1,1,indoor,window_open,open,closed,morning,NNE,30,56,20.00,48.60,room_environment_data_sensor1_session1.csv
2026-09-20T11:46:55,1,1,indoor,window_open,open,closed,morning,NNE,30,56,20.00,47.90,room_environment_data_sensor1_session1.csv
2026-09-20T11:47:25,1,1,indoor,window_open,open,closed,morning,NNE,30,56,20.00,48.10,room_environment_data_sensor1_session1.csv
2026-09-20T11:47:55,1,1,indoor,window_open,open,closed,morning,NNE,30,56,20.00,47.90,room_environment_data_sensor1_session1.csv
2026-09-20T11:48:25,1,1,indoor,window_open,open,closed,morning,NNE,30,56,20.00,48.10,room_environment_data_sensor1_session1.csv
2026-09-20T11:48:55,1,1,indoor,window_open,open,closed,morning,NNE,30,56,20.00,48.10,room_environment_data_sensor1_session1.csv
2026-09-20T11:49:25,1,1,indoor,window_open,open,closed,morning,NNE,30,56,20.00,47.50,room_environment_data_sensor1_session1.csv
2026-09-20T11:49:55,1,1,indoor,window_open,open,closed,morning,NNE,30,56,20.00,47.80,room_environment_data_sensor1_session1.csv
2026-09-20T11:50:25,1,1,indoor,window_open,open,closed,morning,NNE,30,56,20.10,49.70,room_environment_data_sensor1_session1.csv
2026-09-20T11:50:55,1,1,indoor,window_open,open,closed,morning,NNE,30,56,20.10,49.60,room_environment_data_sensor1_session1.csv
2026-09-20T11:51:25,1,1,indoor,window_open,open,closed,morning,NNE,30,56,20.10,49.50,room_environment_data_sensor1_session1.csv
2026-09-20T11:51:55,1,1,indoor,window_open,open,closed,morning,NNE,30,56,20.10,48.90,room_environment_data_sensor1_session1.csv
2026-09-20T11:52:25,1,1,indoor,window_open,open,closed,morning,NNE,30,56,20.10,48.40,room_environment_data_sensor1_session1.csv
2026-09-20T11:52:55,1,1,indoor,window_open,open,closed,morning,NNE,30,56,20.10,47.70,room_environment_data_sensor1_session1.csv
2026-09-20T11:53:25,1,1,indoor,window_open,open,closed,morning,NNE,30,56,20.10,48.10,room_environment_data_sensor1_session1.csv
2026-09-20T11:53:55,1,1,indoor,window_open,open,closed,morning,NNE,30,56,20.10,48.20,room_environment_data_sensor1_session1.csv
2026-09-20T11:54:25,1,1,indoor,window_open,open,closed,morning,NNE,30,56,20.10,47.80,room_environment_data_sensor1_session1.csv
2026-09-20T11:54:55,1,1,indoor,window_open,open,closed,morning,NNE,30,56,20.10,47.90,room_environment_data_sensor1_session1.csv
2026-09-20T11:55:25,1,1,indoor,window_open,open,closed,morning,NNE,30,56,20.10,47.40,room_environment_data_sensor1_session1.csv
2026-09-20T11:55:55,1,1,indoor,window_open,open,closed,morning,NNE,30,56,20.10,47.60,room_environment_data_sensor1_session1.csv
2026-09-20T11:56:25,1,1,indoor,window_open,open,closed,morning,NNE,30,56,20.10,47.30,room_environment_data_sensor1_session1.csv
2026-09-20T11:56:55,1,1,indoor,window_open,open,closed,morning,NNE,30,56,20.10,47.20,room_environment_data_sensor1_session1.csv
2026-09-20T11:57:25,1,1,indoor,window_open,open,closed,morning,NNE,30,56,20.10,47.00,room_environment_data_sensor1_session1.csv
2026-09-20T11:57:55,1,1,indoor,window_open,open,closed,morning,NNE,30,56,20.20,47.30,room_environment_data_sensor1_session1.csv
2026-09-20T11:58:25,1,1,indoor,window_open,open,closed,morning,NNE,30,56,20.20,47.00,room_environment_data_sensor1_session1.csv
2026-09-20T11:58:55,1,1,indoor,window_open,open,closed,morning,NNE,30,56,20.10,47.30,room_environment_data_sensor1_session1.csv
2026-09-20T11:59:25,1,1,indoor,window_open,open,closed,morning,NNE,30,56,20.20,46.90,room_environment_data_sensor1_session1.csv
2026-09-20T11:59:55,1,1,indoor,window_open,open,closed,morning,NNE,30,56,20.20,47.00,room_environment_data_sensor1_session1.csv
2026-09-20T12:00:25,1,1,indoor,window_open,open,closed,morning,NNE,30,56,20.20,47.20,room_environment_data_sensor1_session1.csv
2026-09-20T12:00:55,1,1,indoor,window_open,open,closed,morning,NNE,30,56,20.20,46.90,room_environment_data_sensor1_session1.csv
2026-09-20T12:01:25,1,1,indoor,window_open,open,closed,morning,NNE,30,56,20.20,47.00,room_environment_data_sensor1_session1.csv
2026-09-20T12:01:55,1,1,indoor,window_open,open,closed,morning,NNE,30,56,20.20,46.50,room_environment_data_sensor1_session1.csv
2026-09-20T12:02:25,1,1,indoor,window_open,open,closed,morning,NNE,30,56,20.20,46.80,room_environment_data_sensor1_session1.csv
2026-09-20T12:02:55,1,1,indoor,window_open,open,closed,morning,NNE,30,56,20.20,46.70,room_environment_data_sensor1_session1.csv
2026-09-20T12:03:25,1,1,indoor,window_open,open,closed,morning,NNE,30,56,20.20,46.60,room_environment_data_sensor1_session1.csv
2026-09-20T12:03:55,1,1,indoor,window_open,open,closed,morning,NNE,30,56,20.20,46.70,room_environment_data_sensor1_session1.csv
2026-09-20T12:04:25,1,1,indoor,window_open,open,closed,morning,NNE,30,56,20.20,46.30,room_environment_data_sensor1_session1.csv
2026-09-20T12:04:55,1,1,indoor,window_open,open,closed,morning,NNE,30,56,20.20,46.20,room_environment_data_sensor1_session1.csv
2026-09-20T12:05:25,1,1,indoor,window_open,open,closed,morning,NNE,30,56,20.30,46.10,room_environment_data_sensor1_session1.csv
2026-09-20T12:05:55,1,1,indoor,window_open,open,closed,morning,NNE,30,56,20.30,46.20,room_environment_data_sensor1_session1.csv
2026-09-20T12:06:25,1,1,indoor,window_open,open,closed,morning,NNE,30,56,20.30,46.30,room_environment_data_sensor1_session1.csv
2026-09-20T12:06:55,1,1,indoor,window_open,open,closed,morning,NNE,30,56,20.30,46.40,room_environment_data_sensor1_session1.csv
2026-09-20T12:07:25,1,1,indoor,window_open,open,closed,morning,NNE,30,56,20.30,46.40,room_environment_data_sensor1_session1.csv
2026-09-20T12:07:55,1,1,indoor,window_open,open,closed,morning,NNE,30,56,20.40,46.60,room_environment_data_sensor1_session1.csv
2026-09-20T12:08:25,1,1,indoor,window_open,open,closed,morning,NNE,30,56,20.40,46.20,room_environment_data_sensor1_session1.csv
2026-09-20T12:08:55,1,1,indoor,window_open,open,closed,morning,NNE,30,56,20.40,46.50,room_environment_data_sensor1_session1.csv
2026-09-20T12:09:25,1,1,indoor,window_open,open,closed,morning,NNE,30,56,20.40,46.60,room_environment_data_sensor1_session1.csv
2026-09-20T12:09:55,1,1,indoor,window_open,open,closed,morning,NNE,30,56,20.40,45.80,room_environment_data_sensor1_session1.csv
2026-09-20T12:10:25,1,1,indoor,window_open,open,closed,morning,NNE,30,56,20.40,46.10,room_environment_data_sensor1_session1.csv
2026-09-20T12:10:55,1,1,indoor,window_open,open,closed,morning,NNE,30,56,20.40,46.10,room_environment_data_sensor1_session1.csv
2026-09-20T12:11:25,1,1,indoor,window_open,open,closed,morning,NNE,30,56,20.40,45.80,room_environment_data_sensor1_session1.csv
2026-09-20T12:11:55,1,1,indoor,window_open,open,closed,morning,NNE,30,56,20.40,45.90,room_environment_data_sensor1_session1.csv
2026-09-20T12:12:25,1,1,indoor,window_open,open,closed,morning,NNE,30,56,20.40,45.90,room_environment_data_sensor1_session1.csv
2026-09-20T12:12:55,1,1,indoor,window_open,open,closed,morning,NNE,30,56,20.40,46.00,room_environment_data_sensor1_session1.csv
2026-09-20T12:13:25,1,1,indoor,window_open,open,closed,morning,NNE,30,56,20.50,46.10,room_environment_data_sensor1_session1.csv
2026-09-20T12:13:55,1,1,indoor,window_open,open,closed,morning,NNE,30,56,20.40,45.60,room_environment_data_sensor1_session1.csv
2026-09-20T12:14:25,1,1,indoor,window_open,open,closed,morning,NNE,30,56,20.40,46.10,room_environment_data_sensor1_session1.csv
2026-09-20T12:14:55,1,1,indoor,window_open,open,closed,morning,NNE,30,56,20.40,45.70,room_environment_data_sensor1_session1.csv
2026-09-20T12:15:25,1,1,indoor,window_open,open,closed,morning,NNE,30,56,20.50,45.60,room_environment_data_sensor1_session1.csv
2026-09-20T12:15:55,1,1,indoor,window_open,open,closed,morning,NNE,30,56,20.50,45.50,room_environment_data_sensor1_session1.csv
2026-09-20T12:16:25,1,1,indoor,window_open,open,closed,morning,NNE,30,56,20.50,45.90,room_environment_data_sensor1_session1.csv
2026-09-20T12:16:55,1,1,indoor,window_open,open,closed,morning,NNE,30,56,20.50,45.80,room_environment_data_sensor1_session1.csv
2026-09-20T12:17:25,1,1,indoor,window_open,open,closed,morning,NNE,30,56,20.50,45.60,room_environment_data_sensor1_session1.csv
2026-09-20T12:17:55,1,1,indoor,window_open,open,closed,morning,NNE,30,56,20.50,45.50,room_environment_data_sensor1_session1.csv
2026-09-20T12:18:25,1,1,indoor,window_open,open,closed,morning,NNE,30,56,20.50,46.00,room_environment_data_sensor1_session1.csv
2026-09-20T12:18:55,1,1,indoor,window_open,open,closed,morning,NNE,30,56,20.50,45.90,room_environment_data_sensor1_session1.csv
2026-09-20T12:19:25,1,1,indoor,window_open,open,closed,morning,NNE,30,56,20.50,45.80,room_environment_data_sensor1_session1.csv
2026-09-20T12:19:55,1,1,indoor,window_open,open,closed,morning,NNE,30,56,20.50,45.60,room_environment_data_sensor1_session1.csv
2026-09-20T12:20:25,1,1,indoor,recovery,closed,closed,morning,NNE,30,56,20.50,45.50,room_environment_data_sensor1_session1.csv
2026-09-20T12:20:55,1,1,indoor,recovery,closed,closed,morning,NNE,30,56,20.60,45.50,room_environment_data_sensor1_session1.csv
2026-09-20T12:21:25,1,1,indoor,recovery,closed,closed,morning,NNE,30,56,20.50,46.10,room_environment_data_sensor1_session1.csv
2026-09-20T12:21:55,1,1,indoor,recovery,closed,closed,morning,NNE,30,56,20.60,46.10,room_environment_data_sensor1_session1.csv
2026-09-20T12:22:25,1,1,indoor,recovery,closed,closed,morning,NNE,30,56,20.60,45.90,room_environment_data_sensor1_session1.csv
2026-09-20T12:22:55,1,1,indoor,recovery,closed,closed,morning,NNE,30,56,20.60,46.30,room_environment_data_sensor1_session1.csv
2026-09-20T12:23:25,1,1,indoor,recovery,closed,closed,morning,NNE,30,56,20.60,46.10,room_environment_data_sensor1_session1.csv
2026-09-20T12:23:55,1,1,indoor,recovery,closed,closed,morning,NNE,30,56,20.60,46.10,room_environment_data_sensor1_session1.csv
2026-09-20T12:24:25,1,1,indoor,recovery,closed,closed,morning,NNE,30,56,20.60,46.60,room_environment_data_sensor1_session1.csv
2026-09-20T12:24:55,1,1,indoor,recovery,closed,closed,morning,NNE,30,56,20.70,46.80,room_environment_data_sensor1_session1.csv
2026-09-20T12:25:25,1,1,indoor,recovery,closed,closed,morning,NNE,30,56,20.70,46.80,room_environment_data_sensor1_session1.csv
2026-09-20T12:25:55,1,1,indoor,recovery,closed,closed,morning,NNE,30,56,20.70,46.80,room_environment_data_sensor1_session1.csv
2026-09-20T12:26:25,1,1,indoor,recovery,closed,closed,morning,NNE,30,56,20.60,46.80,room_environment_data_sensor1_session1.csv
2026-09-20T12:26:55,1,1,indoor,recovery,closed,closed,morning,NNE,30,56,20.60,47.00,room_environment_data_sensor1_session1.csv
2026-09-20T12:27:25,1,1,indoor,recovery,closed,closed,morning,NNE,30,56,20.60,46.90,room_environment_data_sensor1_session1.csv
2026-09-20T12:27:55,1,1,indoor,recovery,closed,closed,morning,NNE,30,56,20.60,47.00,room_environment_data_sensor1_session1.csv
2026-09-20T12:28:25,1,1,indoor,recovery,closed,closed,morning,NNE,30,56,20.60,46.50,room_environment_data_sensor1_session1.csv
2026-09-20T12:28:55,1,1,indoor,recovery,closed,closed,morning,NNE,30,56,20.60,47.30,room_environment_data_sensor1_session1.csv
2026-09-20T12:29:25,1,1,indoor,recovery,closed,closed,morning,NNE,30,56,20.60,47.10,room_environment_data_sensor1_session1.csv
2026-09-20T12:29:55,1,1,indoor,recovery,closed,closed,morning,NNE,30,56,20.60,47.20,room_environment_data_sensor1_session1.csv
2026-09-20T12:30:25,1,1,indoor,recovery,closed,closed,morning,NNE,30,56,20.60,47.30,room_environment_data_sensor1_session1.csv
2026-09-20T12:30:55,1,1,indoor,recovery,closed,closed,morning,NNE,30,56,20.60,47.30,room_environment_data_sensor1_session1.csv
2026-09-20T12:31:25,1,1,indoor,recovery,closed,closed,morning,NNE,30,56,20.60,47.20,room_environment_data_sensor1_session1.csv
2026-09-20T12:31:55,1,1,indoor,recovery,closed,closed,morning,NNE,30,56,20.70,47.50,room_environment_data_sensor1_session1.csv
2026-09-20T12:32:25,1,1,indoor,recovery,closed,closed,morning,NNE,30,56,20.70,47.70,room_environment_data_sensor1_session1.csv
2026-09-20T12:32:55,1,1,indoor,recovery,closed,closed,morning,NNE,30,56,20.60,47.50,room_environment_data_sensor1_session1.csv
2026-09-20T12:33:25,1,1,indoor,recovery,closed,closed,morning,NNE,30,56,20.70,47.30,room_environment_data_sensor1_session1.csv
2026-09-20T12:33:55,1,1,indoor,recovery,closed,closed,morning,NNE,30,56,20.70,47.60,room_environment_data_sensor1_session1.csv
2026-09-20T12:34:25,1,1,indoor,recovery,closed,closed,morning,NNE,30,56,20.70,47.70,room_environment_data_sensor1_session1.csv
2026-09-20T12:34:55,1,1,indoor,recovery,closed,closed,morning,NNE,30,56,20.70,47.70,room_environment_data_sensor1_session1.csv
2026-09-20T12:35:25,1,1,indoor,recovery,closed,closed,morning,NNE,30,56,20.70,47.80,room_environment_data_sensor1_session1.csv
2026-09-20T12:35:55,1,1,indoor,recovery,closed,closed,morning,NNE,30,56,20.70,47.60,room_environment_data_sensor1_session1.csv
2026-09-20T12:36:25,1,1,indoor,recovery,closed,closed,morning,NNE,30,56,20.70,47.60,room_environment_data_sensor1_session1.csv
2026-09-20T12:36:55,1,1,indoor,recovery,closed,closed,morning,NNE,30,56,20.70,47.60,room_environment_data_sensor1_session1.csv
2026-09-20T12:37:25,1,1,indoor,recovery,closed,closed,morning,NNE,30,56,20.70,47.60,room_environment_data_sensor1_session1.csv
2026-09-20T12:37:55,1,1,indoor,recovery,closed,closed,morning,NNE,30,56,20.70,47.60,room_environment_data_sensor1_session1.csv
2026-09-20T12:38:25,1,1,indoor,recovery,closed,closed,morning,NNE,30,56,20.70,47.60,room_environment_data_sensor1_session1.csv
2026-09-20T12:38:55,1,1,indoor,recovery,closed,closed,morning,NNE,30,56,20.70,47.70,room_environment_data_sensor1_session1.csv
2026-09-20T12:39:25,1,1,indoor,recovery,closed,closed,morning,NNE,30,56,20.70,47.70,room_environment_data_sensor1_session1.csv
2026-09-20T12:39:55,1,1,indoor,recovery,closed,closed,morning,NNE,30,56,20.70,47.80,room_environment_data_sensor1_session1.csv
2026-09-20T12:40:25,1,1,indoor,recovery,closed,closed,morning,NNE,30,56,20.70,47.80,room_environment_data_sensor1_session1.csv
2026-09-20T12:40:55,1,1,indoor,recovery,closed,closed,morning,NNE,30,56,20.70,47.70,room_environment_data_sensor1_session1.csv
2026-09-20T12:41:25,1,1,indoor,recovery,closed,closed,morning,NNE,30,56,20.70,47.80,room_environment_data_sensor1_session1.csv
2026-09-20T12:41:55,1,1,indoor,recovery,closed,closed,morning,NNE,30,56,20.70,47.80,room_environment_data_sensor1_session1.csv
2026-09-20T12:42:25,1,1,indoor,recovery,closed,closed,morning,NNE,30,56,20.70,47.80,room_environment_data_sensor1_session1.csv
2026-09-20T12:42:55,1,1,indoor,recovery,closed,closed,morning,NNE,30,56,20.70,47.90,room_environment_data_sensor1_session1.csv
2026-09-20T12:43:25,1,1,indoor,recovery,closed,closed,morning,NNE,30,56,20.80,48.00,room_environment_data_sensor1_session1.csv
2026-09-20T12:43:55,1,1,indoor,recovery,closed,closed,morning,NNE,30,56,20.80,48.00,room_environment_data_sensor1_session1.csv
2026-09-20T12:44:25,1,1,indoor,recovery,closed,closed,morning,NNE,30,56,20.80,48.00,room_environment_data_sensor1_session1.csv
2026-09-20T12:44:55,1,1,indoor,recovery,closed,closed,morning,NNE,30,56,20.80,48.10,room_environment_data_sensor1_session1.csv
2026-09-20T12:45:25,1,1,indoor,recovery,closed,closed,morning,NNE,30,56,20.80,48.00,room_environment_data_sensor1_session1.csv
2026-09-20T12:45:55,1,1,indoor,recovery,closed,closed,morning,NNE,30,56,20.80,48.00,room_environment_data_sensor1_session1.csv
2026-09-20T12:46:25,1,1,indoor,recovery,closed,closed,morning,NNE,30,56,20.80,48.10,room_environment_data_sensor1_session1.csv
2026-09-20T12:46:55,1,1,indoor,recovery,closed,closed,morning,NNE,30,56,20.80,48.00,room_environment_data_sensor1_session1.csv
2026-09-20T12:47:26,1,1,indoor,recovery,closed,closed,morning,NNE,30,56,20.80,48.10,room_environment_data_sensor1_session1.csv
2026-09-20T12:47:56,1,1,indoor,recovery,closed,closed,morning,NNE,30,56,20.80,48.20,room_environment_data_sensor1_session1.csv
2026-09-20T12:48:26,1,1,indoor,recovery,closed,closed,morning,NNE,30,56,20.80,48.20,room_environment_data_sensor1_session1.csv
2026-09-20T12:48:56,1,1,indoor,recovery,closed,closed,morning,NNE,30,56,20.80,48.30,room_environment_data_sensor1_session1.csv
2026-09-20T12:49:26,1,1,indoor,recovery,closed,closed,morning,NNE,30,56,20.80,48.30,room_environment_data_sensor1_session1.csv
2026-09-20T12:49:56,1,1,indoor,recovery,closed,closed,morning,NNE,30,56,20.80,48.30,room_environment_data_sensor1_session1.csv
2026-09-20T12:50:26,1,1,indoor,recovery,closed,closed,morning,NNE,30,56,20.90,48.20,room_environment_data_sensor1_session1.csv
2026-09-20T12:50:56,1,1,indoor,recovery,closed,closed,morning,NNE,30,56,20.80,48.30,room_environment_data_sensor1_session1.csv
2026-09-20T12:51:26,1,1,indoor,recovery,closed,closed,morning,NNE,30,56,20.80,48.30,room_environment_data_sensor1_session1.csv
2026-09-20T12:51:56,1,1,indoor,recovery,closed,closed,morning,NNE,30,56,20.90,48.30,room_environment_data_sensor1_session1.csv
2026-09-20T12:52:26,1,1,indoor,recovery,closed,closed,morning,NNE,30,56,20.90,48.30,room_environment_data_sensor1_session1.csv
2026-09-20T12:52:56,1,1,indoor,recovery,closed,closed,morning,NNE,30,56,20.90,48.40,room_environment_data_sensor1_session1.csv
2026-09-20T12:53:26,1,1,indoor,recovery,closed,closed,morning,NNE,30,56,20.90,48.40,room_environment_data_sensor1_session1.csv
2026-09-20T12:53:56,1,1,indoor,recovery,closed,closed,morning,NNE,30,56,20.90,48.40,room_environment_data_sensor1_session1.csv
2026-09-20T12:54:26,1,1,indoor,recovery,closed,closed,morning,NNE,30,56,20.90,48.40,room_environment_data_sensor1_session1.csv
2026-09-20T12:54:56,1,1,indoor,recovery,closed,closed,morning,NNE,30,56,20.90,48.30,room_environment_data_sensor1_session1.csv
2026-09-20T12:55:26,1,1,indoor,recovery,closed,closed,morning,NNE,30,56,20.90,48.40,room_environment_data_sensor1_session1.csv
2026-09-20T12:55:56,1,1,indoor,recovery,closed,closed,morning,NNE,30,56,20.90,48.50,room_environment_data_sensor1_session1.csv
2026-09-20T12:56:26,1,1,indoor,recovery,closed,closed,morning,NNE,30,56,20.90,48.50,room_environment_data_sensor1_session1.csv
2026-09-20T12:56:56,1,1,indoor,recovery,closed,closed,morning,NNE,30,56,20.90,48.50,room_environment_data_sensor1_session1.csv
2026-09-20T12:57:26,1,1,indoor,recovery,closed,closed,morning,NNE,30,56,20.9,48.40,room_environment_data_sensor1_session1.csv
2026-09-20T12:57:56,1,1,indoor,recovery,closed,closed,morning,NNE,30,56,20.90,48.50,room_environment_data_sensor1_session1.csv
2026-09-20T12:58:26,1,1,indoor,recovery,closed,closed,morning,NNE,30,56,20.90,48.50,room_environment_data_sensor1_session1.csv
2026-09-20T12:58:56,1,1,indoor,recovery,closed,closed,morning,NNE,30,56,20.90,48.50,room_environment_data_sensor1_session1.csv
2026-09-20T12:59:26,1,1,indoor,recovery,closed,closed,morning,NNE,30,56,21.00,48.50,room_environment_data_sensor1_session1.csv
2026-09-20T12:59:56,1,1,indoor,recovery,closed,closed,morning,NNE,30,56,21.00,48.60,room_environment_data_sensor1_session1.csv
2026-09-20T13:00:26,1,1,indoor,recovery,closed,closed,morning,NNE,30,56,21.00,48.50,room_environment_data_sensor1_session1.csv
2026-09-20T13:00:56,1,1,indoor,recovery,closed,closed,morning,NNE,30,56,21.00,48.50,room_environment_data_sensor1_session1.csv
2026-09-20T13:01:26,1,1,indoor,recovery,closed,closed,morning,NNE,30,56,21.00,48.60,room_environment_data_sensor1_session1.csv
2026-09-20T13:01:56,1,1,indoor,recovery,closed,closed,morning,NNE,30,56,21.00,48.60,room_environment_data_sensor1_session1.csv
2026-09-20T13:02:26,1,1,indoor,recovery,closed,closed,morning,NNE,30,56,21.00,48.50,room_environment_data_sensor1_session1.csv
2026-09-20T13:02:56,1,1,indoor,recovery,closed,closed,morning,NNE,30,56,21.00,48.50,room_environment_data_sensor1_session1.csv
2026-09-20T13:03:26,1,1,indoor,recovery,closed,closed,morning,NNE,30,56,21.00,48.70,room_environment_data_sensor1_session1.csv
2026-09-20T13:03:56,1,1,indoor,recovery,closed,closed,morning,NNE,30,56,21.00,48.70,room_environment_data_sensor1_session1.csv
2026-09-20T13:04:26,1,1,indoor,recovery,closed,closed,morning,NNE,30,56,21.00,48.70,room_environment_data_sensor1_session1.csv
2026-09-20T13:04:56,1,1,indoor,recovery,closed,closed,morning,NNE,30,56,21.00,48.70,room_environment_data_sensor1_session1.csv
2026-09-20T13:05:26,1,1,indoor,recovery,closed,closed,morning,NNE,30,56,21.00,48.80,room_environment_data_sensor1_session1.csv
2026-09-20T13:05:56,1,1,indoor,recovery,closed,closed,morning,NNE,30,56,21.00,48.80,room_environment_data_sensor1_session1.csv
2026-09-20T13:06:26,1,1,indoor,recovery,closed,closed,morning,NNE,30,56,21.10,48.90,room_environment_data_sensor1_session1.csv
2026-09-20T13:06:56,1,1,indoor,recovery,closed,closed,morning,NNE,30,56,21.10,48.80,room_environment_data_sensor1_session1.csv
2026-09-20T13:07:26,1,1,indoor,recovery,closed,closed,morning,NNE,30,56,21.10,48.90,room_environment_data_sensor1_session1.csv
2026-09-20T13:07:56,1,1,indoor,recovery,closed,closed,morning,NNE,30,56,21.10,48.80,room_environment_data_sensor1_session1.csv
2026-09-20T13:08:26,1,1,indoor,recovery,closed,closed,morning,NNE,30,56,21.10,48.90,room_environment_data_sensor1_session1.csv
2026-09-20T13:08:56,1,1,indoor,recovery,closed,closed,morning,NNE,30,56,21.10,48.90,room_environment_data_sensor1_session1.csv
2026-09-20T13:09:26,1,1,indoor,recovery,closed,closed,morning,NNE,30,56,21.10,48.80,room_environment_data_sensor1_session1.csv
2026-09-20T13:09:56,1,1,indoor,recovery,closed,closed,morning,NNE,30,56,21.10,48.90,room_environment_data_sensor1_session1.csv
2026-09-20T13:10:26,1,1,indoor,recovery,closed,closed,morning,NNE,30,56,21.10,48.90,room_environment_data_sensor1_session1.csv
2026-09-20T13:10:56,1,1,indoor,recovery,closed,closed,morning,NNE,30,56,21.10,48.90,room_environment_data_sensor1_session1.csv
2026-09-20T13:11:26,1,1,indoor,recovery,closed,closed,morning,NNE,30,56,21.10,48.90,room_environment_data_sensor1_session1.csv
2026-09-20T13:11:56,1,1,indoor,recovery,closed,closed,morning,NNE,30,56,21.10,48.90,room_environment_data_sensor1_session1.csv
2026-09-20T13:12:26,1,1,indoor,recovery,closed,closed,morning,NNE,30,56,21.10,48.90,room_environment_data_sensor1_session1.csv
2026-09-20T13:12:56,1,1,indoor,recovery,closed,closed,morning,NNE,30,56,21.10,49.00,room_environment_data_sensor1_session1.csv
2026-09-20T13:13:26,1,1,indoor,recovery,closed,closed,morning,NNE,30,56,21.10,49.00,room_environment_data_sensor1_session1.csv
2026-09-20T13:13:56,1,1,indoor,recovery,closed,closed,morning,NNE,30,56,21.10,49.00,room_environment_data_sensor1_session1.csv
2026-09-20T13:14:26,1,1,indoor,recovery,closed,closed,morning,NNE,30,56,21.20,48.90,room_environment_data_sensor1_session1.csv
2026-09-20T13:14:56,1,1,indoor,recovery,closed,closed,morning,NNE,30,56,21.20,49.00,room_environment_data_sensor1_session1.csv
2026-09-20T13:15:26,1,1,indoor,recovery,closed,closed,morning,NNE,30,56,21.20,49.00,room_environment_data_sensor1_session1.csv
2026-09-20T13:15:56,1,1,indoor,recovery,closed,closed,morning,NNE,30,56,21.20,49.00,room_environment_data_sensor1_session1.csv
2026-09-20T13:16:26,1,1,indoor,recovery,closed,closed,morning,NNE,30,56,21.20,49.00,room_environment_data_sensor1_session1.csv
2026-09-20T13:16:56,1,1,indoor,recovery,closed,closed,morning,NNE,30,56,21.20,49.00,room_environment_data_sensor1_session1.csv
2026-09-20T13:17:26,1,1,indoor,recovery,closed,closed,morning,NNE,30,56,21.20,49.00,room_environment_data_sensor1_session1.csv
2026-09-20T13:17:56,1,1,indoor,recovery,closed,closed,morning,NNE,30,56,21.20,49.10,room_environment_data_sensor1_session1.csv
2026-09-20T13:18:26,1,1,indoor,recovery,closed,closed,morning,NNE,30,56,21.20,49.00,room_environment_data_sensor1_session1.csv
2026-09-20T13:18:56,1,1,indoor,recovery,closed,closed,morning,NNE,30,56,21.20,49.10,room_environment_data_sensor1_session1.csv
2026-09-20T13:19:26,1,1,indoor,recovery,closed,closed,morning,NNE,30,56,21.20,49.10,room_environment_data_sensor1_session1.csv
2026-09-20T13:19:56,1,1,indoor,recovery,closed,closed,morning,NNE,30,56,21.20,49.10,room_environment_data_sensor1_session1.csv
2026-09-20T10:20:08,1,2,outdoor,baseline,closed,closed,morning,NNE,30,56,25.00,24.70,room_environment_data_sensor2_session1.csv
2026-09-20T10:20:38,1,2,outdoor,baseline,closed,closed,morning,NNE,30,56,25.20,24.70,room_environment_data_sensor2_session1.csv
2026-09-20T10:21:08,1,2,outdoor,baseline,closed,closed,morning,NNE,30,56,25.20,24.20,room_environment_data_sensor2_session1.csv
2026-09-20T10:21:38,1,2,outdoor,baseline,closed,closed,morning,NNE,30,56,25.30,24.00,room_environment_data_sensor2_session1.csv
2026-09-20T10:22:08,1,2,outdoor,baseline,closed,closed,morning,NNE,30,56,25.40,23.60,room_environment_data_sensor2_session1.csv
2026-09-20T10:22:38,1,2,outdoor,baseline,closed,closed,morning,NNE,30,56,25.40,24.10,room_environment_data_sensor2_session1.csv
2026-09-20T10:23:08,1,2,outdoor,baseline,closed,closed,morning,NNE,30,56,25.40,24.50,room_environment_data_sensor2_session1.csv
2026-09-20T10:23:38,1,2,outdoor,baseline,closed,closed,morning,NNE,30,56,25.40,24.10,room_environment_data_sensor2_session1.csv
2026-09-20T10:24:08,1,2,outdoor,baseline,closed,closed,morning,NNE,30,56,25.30,24.10,room_environment_data_sensor2_session1.csv
2026-09-20T10:24:38,1,2,outdoor,baseline,closed,closed,morning,NNE,30,56,25.30,25.00,room_environment_data_sensor2_session1.csv
2026-09-20T10:25:08,1,2,outdoor,baseline,closed,closed,morning,NNE,30,56,25.30,24.00,room_environment_data_sensor2_session1.csv
2026-09-20T10:25:38,1,2,outdoor,baseline,closed,closed,morning,NNE,30,56,25.30,23.40,room_environment_data_sensor2_session1.csv
2026-09-20T10:26:09,1,2,outdoor,baseline,closed,closed,morning,NNE,30,56,25.30,23.80,room_environment_data_sensor2_session1.csv
2026-09-20T10:26:39,1,2,outdoor,baseline,closed,closed,morning,NNE,30,56,25.30,23.30,room_environment_data_sensor2_session1.csv
2026-09-20T10:27:09,1,2,outdoor,baseline,closed,closed,morning,NNE,30,56,25.30,23.20,room_environment_data_sensor2_session1.csv
2026-09-20T10:27:39,1,2,outdoor,baseline,closed,closed,morning,NNE,30,56,25.40,23.30,room_environment_data_sensor2_session1.csv
2026-09-20T10:28:09,1,2,outdoor,baseline,closed,closed,morning,NNE,30,56,25.50,23.40,room_environment_data_sensor2_session1.csv
2026-09-20T10:28:39,1,2,outdoor,baseline,closed,closed,morning,NNE,30,56,25.60,23.20,room_environment_data_sensor2_session1.csv
2026-09-20T10:29:09,1,2,outdoor,baseline,closed,closed,morning,NNE,30,56,25.60,23.50,room_environment_data_sensor2_session1.csv
2026-09-20T10:29:39,1,2,outdoor,baseline,closed,closed,morning,NNE,30,56,25.50,22.80,room_environment_data_sensor2_session1.csv
2026-09-20T10:30:09,1,2,outdoor,baseline,closed,closed,morning,NNE,30,56,25.40,23.00,room_environment_data_sensor2_session1.csv
2026-09-20T10:30:39,1,2,outdoor,baseline,closed,closed,morning,NNE,30,56,25.30,23.00,room_environment_data_sensor2_session1.csv
2026-09-20T10:31:09,1,2,outdoor,baseline,closed,closed,morning,NNE,30,56,25.30,23.00,room_environment_data_sensor2_session1.csv
2026-09-20T10:31:39,1,2,outdoor,baseline,closed,closed,morning,NNE,30,56,25.40,23.30,room_environment_data_sensor2_session1.csv
2026-09-20T10:32:09,1,2,outdoor,baseline,closed,closed,morning,NNE,30,56,25.20,23.00,room_environment_data_sensor2_session1.csv
2026-09-20T10:32:39,1,2,outdoor,baseline,closed,closed,morning,NNE,30,56,25.10,22.70,room_environment_data_sensor2_session1.csv
2026-09-20T10:33:09,1,2,outdoor,baseline,closed,closed,morning,NNE,30,56,25.10,22.80,room_environment_data_sensor2_session1.csv
2026-09-20T10:33:39,1,2,outdoor,baseline,closed,closed,morning,NNE,30,56,25.30,23.50,room_environment_data_sensor2_session1.csv
2026-09-20T10:34:09,1,2,outdoor,baseline,closed,closed,morning,NNE,30,56,25.40,24.00,room_environment_data_sensor2_session1.csv
2026-09-20T10:34:40,1,2,outdoor,baseline,closed,closed,morning,NNE,30,56,25.20,23.20,room_environment_data_sensor2_session1.csv
2026-09-20T10:35:10,1,2,outdoor,baseline,closed,closed,morning,NNE,30,56,25.30,23.30,room_environment_data_sensor2_session1.csv
2026-09-20T10:35:40,1,2,outdoor,baseline,closed,closed,morning,NNE,30,56,25.50,23.50,room_environment_data_sensor2_session1.csv
2026-09-20T10:36:10,1,2,outdoor,baseline,closed,closed,morning,NNE,30,56,25.70,24.50,room_environment_data_sensor2_session1.csv
2026-09-20T10:36:40,1,2,outdoor,baseline,closed,closed,morning,NNE,30,56,25.70,23.80,room_environment_data_sensor2_session1.csv
2026-09-20T10:37:10,1,2,outdoor,baseline,closed,closed,morning,NNE,30,56,25.70,23.20,room_environment_data_sensor2_session1.csv
2026-09-20T10:37:40,1,2,outdoor,baseline,closed,closed,morning,NNE,30,56,25.70,23.50,room_environment_data_sensor2_session1.csv
2026-09-20T10:38:10,1,2,outdoor,baseline,closed,closed,morning,NNE,30,56,25.70,24.10,room_environment_data_sensor2_session1.csv
2026-09-20T10:38:40,1,2,outdoor,baseline,closed,closed,morning,NNE,30,56,25.50,23.20,room_environment_data_sensor2_session1.csv
2026-09-20T10:39:10,1,2,outdoor,baseline,closed,closed,morning,NNE,30,56,25.50,23.00,room_environment_data_sensor2_session1.csv
2026-09-20T10:39:40,1,2,outdoor,baseline,closed,closed,morning,NNE,30,56,25.40,23.10,room_environment_data_sensor2_session1.csv
2026-09-20T10:40:10,1,2,outdoor,baseline,closed,closed,morning,NNE,30,56,25.50,23.40,room_environment_data_sensor2_session1.csv
2026-09-20T10:40:40,1,2,outdoor,baseline,closed,closed,morning,NNE,30,56,25.60,24.40,room_environment_data_sensor2_session1.csv
2026-09-20T10:41:10,1,2,outdoor,baseline,closed,closed,morning,NNE,30,56,25.60,23.30,room_environment_data_sensor2_session1.csv
2026-09-20T10:41:40,1,2,outdoor,baseline,closed,closed,morning,NNE,30,56,25.50,23.40,room_environment_data_sensor2_session1.csv
2026-09-20T10:42:10,1,2,outdoor,baseline,closed,closed,morning,NNE,30,56,25.50,23.50,room_environment_data_sensor2_session1.csv
2026-09-20T10:42:40,1,2,outdoor,baseline,closed,closed,morning,NNE,30,56,25.60,23.60,room_environment_data_sensor2_session1.csv
2026-09-20T10:43:11,1,2,outdoor,baseline,closed,closed,morning,NNE,30,56,25.40,23.20,room_environment_data_sensor2_session1.csv
2026-09-20T10:43:41,1,2,outdoor,baseline,closed,closed,morning,NNE,30,56,25.30,23.40,room_environment_data_sensor2_session1.csv
2026-09-20T10:44:11,1,2,outdoor,baseline,closed,closed,morning,NNE,30,56,25.20,22.80,room_environment_data_sensor2_session1.csv
2026-09-20T10:44:41,1,2,outdoor,baseline,closed,closed,morning,NNE,30,56,25.10,23.20,room_environment_data_sensor2_session1.csv
2026-09-20T10:45:11,1,2,outdoor,baseline,closed,closed,morning,NNE,30,56,25.10,23.20,room_environment_data_sensor2_session1.csv
2026-09-20T10:45:41,1,2,outdoor,baseline,closed,closed,morning,NNE,30,56,25.20,23.30,room_environment_data_sensor2_session1.csv
2026-09-20T10:46:11,1,2,outdoor,baseline,closed,closed,morning,NNE,30,56,25.30,23.20,room_environment_data_sensor2_session1.csv
2026-09-20T10:46:41,1,2,outdoor,baseline,closed,closed,morning,NNE,30,56,25.30,23.00,room_environment_data_sensor2_session1.csv
2026-09-20T10:47:11,1,2,outdoor,baseline,closed,closed,morning,NNE,30,56,25.40,23.30,room_environment_data_sensor2_session1.csv
2026-09-20T10:47:41,1,2,outdoor,baseline,closed,closed,morning,NNE,30,56,25.40,23.40,room_environment_data_sensor2_session1.csv
2026-09-20T10:48:11,1,2,outdoor,baseline,closed,closed,morning,NNE,30,56,25.20,22.40,room_environment_data_sensor2_session1.csv
2026-09-20T10:48:41,1,2,outdoor,baseline,closed,closed,morning,NNE,30,56,25.10,23.20,room_environment_data_sensor2_session1.csv
2026-09-20T10:49:11,1,2,outdoor,baseline,closed,closed,morning,NNE,30,56,25.30,23.70,room_environment_data_sensor2_session1.csv
2026-09-20T10:49:41,1,2,outdoor,baseline,closed,closed,morning,NNE,30,56,25.20,23.10,room_environment_data_sensor2_session1.csv
2026-09-20T10:50:11,1,2,outdoor,baseline,closed,closed,morning,NNE,30,56,25.20,23.40,room_environment_data_sensor2_session1.csv
2026-09-20T10:50:41,1,2,outdoor,baseline,closed,closed,morning,NNE,30,56,25.40,23.60,room_environment_data_sensor2_session1.csv
2026-09-20T10:51:11,1,2,outdoor,baseline,closed,closed,morning,NNE,30,56,25.50,23.20,room_environment_data_sensor2_session1.csv
2026-09-20T10:51:42,1,2,outdoor,baseline,closed,closed,morning,NNE,30,56,25.50,23.30,room_environment_data_sensor2_session1.csv
2026-09-20T10:52:12,1,2,outdoor,baseline,closed,closed,morning,NNE,30,56,25.50,22.80,room_environment_data_sensor2_session1.csv
2026-09-20T10:52:42,1,2,outdoor,baseline,closed,closed,morning,NNE,30,56,25.50,23.10,room_environment_data_sensor2_session1.csv
2026-09-20T10:53:12,1,2,outdoor,baseline,closed,closed,morning,NNE,30,56,25.50,23.10,room_environment_data_sensor2_session1.csv
2026-09-20T10:53:42,1,2,outdoor,baseline,closed,closed,morning,NNE,30,56,25.60,23.80,room_environment_data_sensor2_session1.csv
2026-09-20T10:54:12,1,2,outdoor,baseline,closed,closed,morning,NNE,30,56,25.40,23.80,room_environment_data_sensor2_session1.csv
2026-09-20T10:54:42,1,2,outdoor,baseline,closed,closed,morning,NNE,30,56,25.60,24.30,room_environment_data_sensor2_session1.csv
2026-09-20T10:55:12,1,2,outdoor,baseline,closed,closed,morning,NNE,30,56,25.50,23.30,room_environment_data_sensor2_session1.csv
2026-09-20T10:55:42,1,2,outdoor,baseline,closed,closed,morning,NNE,30,56,25.30,23.00,room_environment_data_sensor2_session1.csv
2026-09-20T10:56:12,1,2,outdoor,baseline,closed,closed,morning,NNE,30,56,25.20,22.70,room_environment_data_sensor2_session1.csv
2026-09-20T10:56:42,1,2,outdoor,baseline,closed,closed,morning,NNE,30,56,25.20,22.60,room_environment_data_sensor2_session1.csv
2026-09-20T10:57:12,1,2,outdoor,baseline,closed,closed,morning,NNE,30,56,25.20,22.60,room_environment_data_sensor2_session1.csv
2026-09-20T10:57:42,1,2,outdoor,baseline,closed,closed,morning,NNE,30,56,25.30,23.20,room_environment_data_sensor2_session1.csv
2026-09-20T10:58:12,1,2,outdoor,baseline,closed,closed,morning,NNE,30,56,25.30,23.20,room_environment_data_sensor2_session1.csv
2026-09-20T10:58:42,1,2,outdoor,baseline,closed,closed,morning,NNE,30,56,25.40,23.80,room_environment_data_sensor2_session1.csv
2026-09-20T10:59:12,1,2,outdoor,baseline,closed,closed,morning,NNE,30,56,25.40,23.40,room_environment_data_sensor2_session1.csv
2026-09-20T10:59:42,1,2,outdoor,baseline,closed,closed,morning,NNE,30,56,25.40,23.30,room_environment_data_sensor2_session1.csv
2026-09-20T11:00:13,1,2,outdoor,baseline,closed,closed,morning,NNE,30,56,25.40,23.90,room_environment_data_sensor2_session1.csv
2026-09-20T11:00:43,1,2,outdoor,baseline,closed,closed,morning,NNE,30,56,25.50,23.10,room_environment_data_sensor2_session1.csv
2026-09-20T11:01:13,1,2,outdoor,baseline,closed,closed,morning,NNE,30,56,25.40,22.70,room_environment_data_sensor2_session1.csv
2026-09-20T11:01:43,1,2,outdoor,baseline,closed,closed,morning,NNE,30,56,25.40,22.70,room_environment_data_sensor2_session1.csv
2026-09-20T11:02:13,1,2,outdoor,baseline,closed,closed,morning,NNE,30,56,25.30,23.20,room_environment_data_sensor2_session1.csv
2026-09-20T11:02:43,1,2,outdoor,baseline,closed,closed,morning,NNE,30,56,25.30,23.10,room_environment_data_sensor2_session1.csv
2026-09-20T11:03:13,1,2,outdoor,baseline,closed,closed,morning,NNE,30,56,25.40,23.20,room_environment_data_sensor2_session1.csv
2026-09-20T11:03:43,1,2,outdoor,baseline,closed,closed,morning,NNE,30,56,25.50,24.40,room_environment_data_sensor2_session1.csv
2026-09-20T11:04:13,1,2,outdoor,baseline,closed,closed,morning,NNE,30,56,25.30,23.00,room_environment_data_sensor2_session1.csv
2026-09-20T11:04:43,1,2,outdoor,baseline,closed,closed,morning,NNE,30,56,25.30,24.20,room_environment_data_sensor2_session1.csv
2026-09-20T11:05:13,1,2,outdoor,baseline,closed,closed,morning,NNE,30,56,25.30,23.10,room_environment_data_sensor2_session1.csv
2026-09-20T11:05:43,1,2,outdoor,baseline,closed,closed,morning,NNE,30,56,25.40,23.40,room_environment_data_sensor2_session1.csv
2026-09-20T11:06:13,1,2,outdoor,baseline,closed,closed,morning,NNE,30,56,25.40,23.20,room_environment_data_sensor2_session1.csv
2026-09-20T11:06:43,1,2,outdoor,baseline,closed,closed,morning,NNE,30,56,25.50,23.30,room_environment_data_sensor2_session1.csv
2026-09-20T11:07:13,1,2,outdoor,baseline,closed,closed,morning,NNE,30,56,25.30,23.30,room_environment_data_sensor2_session1.csv
2026-09-20T11:07:43,1,2,outdoor,baseline,closed,closed,morning,NNE,30,56,25.30,23.30,room_environment_data_sensor2_session1.csv
2026-09-20T11:08:13,1,2,outdoor,baseline,closed,closed,morning,NNE,30,56,25.30,24.10,room_environment_data_sensor2_session1.csv
2026-09-20T11:08:44,1,2,outdoor,baseline,closed,closed,morning,NNE,30,56,25.50,23.40,room_environment_data_sensor2_session1.csv
2026-09-20T11:09:14,1,2,outdoor,baseline,closed,closed,morning,NNE,30,56,25.50,23.20,room_environment_data_sensor2_session1.csv
2026-09-20T11:09:44,1,2,outdoor,baseline,closed,closed,morning,NNE,30,56,25.60,23.30,room_environment_data_sensor2_session1.csv
2026-09-20T11:10:14,1,2,outdoor,baseline,closed,closed,morning,NNE,30,56,25.60,22.90,room_environment_data_sensor2_session1.csv
2026-09-20T11:10:44,1,2,outdoor,baseline,closed,closed,morning,NNE,30,56,25.80,23.00,room_environment_data_sensor2_session1.csv
2026-09-20T11:11:14,1,2,outdoor,baseline,closed,closed,morning,NNE,30,56,25.80,22.90,room_environment_data_sensor2_session1.csv
2026-09-20T11:11:44,1,2,outdoor,baseline,closed,closed,morning,NNE,30,56,25.80,23.30,room_environment_data_sensor2_session1.csv
2026-09-20T11:12:14,1,2,outdoor,baseline,closed,closed,morning,NNE,30,56,25.70,23.40,room_environment_data_sensor2_session1.csv
2026-09-20T11:12:44,1,2,outdoor,baseline,closed,closed,morning,NNE,30,56,25.70,23.10,room_environment_data_sensor2_session1.csv
2026-09-20T11:13:14,1,2,outdoor,baseline,closed,closed,morning,NNE,30,56,25.90,24.50,room_environment_data_sensor2_session1.csv
2026-09-20T11:13:44,1,2,outdoor,baseline,closed,closed,morning,NNE,30,56,25.90,23.10,room_environment_data_sensor2_session1.csv
2026-09-20T11:14:14,1,2,outdoor,baseline,closed,closed,morning,NNE,30,56,25.80,23.00,room_environment_data_sensor2_session1.csv
2026-09-20T11:14:44,1,2,outdoor,baseline,closed,closed,morning,NNE,30,56,25.90,23.20,room_environment_data_sensor2_session1.csv
2026-09-20T11:15:14,1,2,outdoor,baseline,closed,closed,morning,NNE,30,56,25.60,23.00,room_environment_data_sensor2_session1.csv
2026-09-20T11:15:44,1,2,outdoor,baseline,closed,closed,morning,NNE,30,56,25.50,23.10,room_environment_data_sensor2_session1.csv
2026-09-20T11:16:14,1,2,outdoor,baseline,closed,closed,morning,NNE,30,56,25.40,23.30,room_environment_data_sensor2_session1.csv
2026-09-20T11:16:44,1,2,outdoor,baseline,closed,closed,morning,NNE,30,56,25.40,23.70,room_environment_data_sensor2_session1.csv
2026-09-20T11:17:15,1,2,outdoor,baseline,closed,closed,morning,NNE,30,56,25.40,23.60,room_environment_data_sensor2_session1.csv
2026-09-20T11:17:45,1,2,outdoor,baseline,closed,closed,morning,NNE,30,56,25.50,23.40,room_environment_data_sensor2_session1.csv
2026-09-20T11:18:15,1,2,outdoor,baseline,closed,closed,morning,NNE,30,56,25.60,23.50,room_environment_data_sensor2_session1.csv
2026-09-20T11:18:45,1,2,outdoor,baseline,closed,closed,morning,NNE,30,56,25.50,23.30,room_environment_data_sensor2_session1.csv
2026-09-20T11:19:15,1,2,outdoor,baseline,closed,closed,morning,NNE,30,56,25.50,23.50,room_environment_data_sensor2_session1.csv
2026-09-20T11:19:45,1,2,outdoor,baseline,closed,closed,morning,NNE,30,56,25.20,23.40,room_environment_data_sensor2_session1.csv
2026-09-20T11:20:15,1,2,outdoor,window_open,open,closed,morning,NNE,30,56,25.20,24.00,room_environment_data_sensor2_session1.csv
2026-09-20T11:20:45,1,2,outdoor,window_open,open,closed,morning,NNE,30,56,25.20,23.80,room_environment_data_sensor2_session1.csv
2026-09-20T11:21:15,1,2,outdoor,window_open,open,closed,morning,NNE,30,56,25.30,23.30,room_environment_data_sensor2_session1.csv
2026-09-20T11:21:45,1,2,outdoor,window_open,open,closed,morning,NNE,30,56,25.50,23.60,room_environment_data_sensor2_session1.csv
2026-09-20T11:22:15,1,2,outdoor,window_open,open,closed,morning,NNE,30,56,25.40,23.90,room_environment_data_sensor2_session1.csv
2026-09-20T11:22:45,1,2,outdoor,window_open,open,closed,morning,NNE,30,56,25.20,23.70,room_environment_data_sensor2_session1.csv
2026-09-20T11:23:15,1,2,outdoor,window_open,open,closed,morning,NNE,30,56,25.30,24.10,room_environment_data_sensor2_session1.csv
2026-09-20T11:23:45,1,2,outdoor,window_open,open,closed,morning,NNE,30,56,25.20,23.90,room_environment_data_sensor2_session1.csv
2026-09-20T11:24:15,1,2,outdoor,window_open,open,closed,morning,NNE,30,56,25.30,24.70,room_environment_data_sensor2_session1.csv
2026-09-20T11:24:45,1,2,outdoor,window_open,open,closed,morning,NNE,30,56,25.30,24.70,room_environment_data_sensor2_session1.csv
2026-09-20T11:25:15,1,2,outdoor,window_open,open,closed,morning,NNE,30,56,25.10,23.90,room_environment_data_sensor2_session1.csv
2026-09-20T11:25:46,1,2,outdoor,window_open,open,closed,morning,NNE,30,56,25.10,24.00,room_environment_data_sensor2_session1.csv
2026-09-20T11:26:16,1,2,outdoor,window_open,open,closed,morning,NNE,30,56,25.10,24.10,room_environment_data_sensor2_session1.csv
2026-09-20T11:26:46,1,2,outdoor,window_open,open,closed,morning,NNE,30,56,25.20,24.90,room_environment_data_sensor2_session1.csv
2026-09-20T11:27:16,1,2,outdoor,window_open,open,closed,morning,NNE,30,56,25.10,24.00,room_environment_data_sensor2_session1.csv
2026-09-20T11:27:46,1,2,outdoor,window_open,open,closed,morning,NNE,30,56,25.30,24.40,room_environment_data_sensor2_session1.csv
2026-09-20T11:28:16,1,2,outdoor,window_open,open,closed,morning,NNE,30,56,25.40,24.50,room_environment_data_sensor2_session1.csv
2026-09-20T11:28:46,1,2,outdoor,window_open,open,closed,morning,NNE,30,56,25.40,24.00,room_environment_data_sensor2_session1.csv
2026-09-20T11:29:16,1,2,outdoor,window_open,open,closed,morning,NNE,30,56,25.20,23.80,room_environment_data_sensor2_session1.csv
2026-09-20T11:29:46,1,2,outdoor,window_open,open,closed,morning,NNE,30,56,25.10,24.10,room_environment_data_sensor2_session1.csv
2026-09-20T11:30:16,1,2,outdoor,window_open,open,closed,morning,NNE,30,56,25.40,24.70,room_environment_data_sensor2_session1.csv
2026-09-20T11:30:46,1,2,outdoor,window_open,open,closed,morning,NNE,30,56,25.60,23.90,room_environment_data_sensor2_session1.csv
2026-09-20T11:31:16,1,2,outdoor,window_open,open,closed,morning,NNE,30,56,25.60,24.30,room_environment_data_sensor2_session1.csv
2026-09-20T11:31:46,1,2,outdoor,window_open,open,closed,morning,NNE,30,56,25.60,23.80,room_environment_data_sensor2_session1.csv
2026-09-20T11:32:16,1,2,outdoor,window_open,open,closed,morning,NNE,30,56,25.60,24.20,room_environment_data_sensor2_session1.csv
2026-09-20T11:32:46,1,2,outdoor,window_open,open,closed,morning,NNE,30,56,25.60,23.90,room_environment_data_sensor2_session1.csv
2026-09-20T11:33:16,1,2,outdoor,window_open,open,closed,morning,NNE,30,56,25.60,24.00,room_environment_data_sensor2_session1.csv
2026-09-20T11:33:46,1,2,outdoor,window_open,open,closed,morning,NNE,30,56,25.50,24.00,room_environment_data_sensor2_session1.csv
2026-09-20T11:34:17,1,2,outdoor,window_open,open,closed,morning,NNE,30,56,25.50,24.20,room_environment_data_sensor2_session1.csv
2026-09-20T11:34:47,1,2,outdoor,window_open,open,closed,morning,NNE,30,56,25.60,24.20,room_environment_data_sensor2_session1.csv
2026-09-20T11:35:17,1,2,outdoor,window_open,open,closed,morning,NNE,30,56,25.60,24.30,room_environment_data_sensor2_session1.csv
2026-09-20T11:35:47,1,2,outdoor,window_open,open,closed,morning,NNE,30,56,25.50,23.90,room_environment_data_sensor2_session1.csv
2026-09-20T11:36:17,1,2,outdoor,window_open,open,closed,morning,NNE,30,56,25.70,24.40,room_environment_data_sensor2_session1.csv
2026-09-20T11:36:47,1,2,outdoor,window_open,open,closed,morning,NNE,30,56,25.90,25.70,room_environment_data_sensor2_session1.csv
2026-09-20T11:37:17,1,2,outdoor,window_open,open,closed,morning,NNE,30,56,25.90,23.40,room_environment_data_sensor2_session1.csv
2026-09-20T11:37:47,1,2,outdoor,window_open,open,closed,morning,NNE,30,56,25.90,23.20,room_environment_data_sensor2_session1.csv
2026-09-20T11:38:17,1,2,outdoor,window_open,open,closed,morning,NNE,30,56,25.90,23.20,room_environment_data_sensor2_session1.csv
2026-09-20T11:38:47,1,2,outdoor,window_open,open,closed,morning,NNE,30,56,25.90,23.30,room_environment_data_sensor2_session1.csv
2026-09-20T11:39:17,1,2,outdoor,window_open,open,closed,morning,NNE,30,56,25.70,23.40,room_environment_data_sensor2_session1.csv
2026-09-20T11:39:47,1,2,outdoor,window_open,open,closed,morning,NNE,30,56,25.70,23.90,room_environment_data_sensor2_session1.csv
2026-09-20T11:40:17,1,2,outdoor,window_open,open,closed,morning,NNE,30,56,25.90,23.60,room_environment_data_sensor2_session1.csv
2026-09-20T11:40:47,1,2,outdoor,window_open,open,closed,morning,NNE,30,56,25.90,23.60,room_environment_data_sensor2_session1.csv
2026-09-20T11:41:17,1,2,outdoor,window_open,open,closed,morning,NNE,30,56,25.90,23.50,room_environment_data_sensor2_session1.csv
2026-09-20T11:41:47,1,2,outdoor,window_open,open,closed,morning,NNE,30,56,26.00,23.40,room_environment_data_sensor2_session1.csv
2026-09-20T11:42:17,1,2,outdoor,window_open,open,closed,morning,NNE,30,56,25.80,23.10,room_environment_data_sensor2_session1.csv
2026-09-20T11:42:48,1,2,outdoor,window_open,open,closed,morning,NNE,30,56,25.80,23.30,room_environment_data_sensor2_session1.csv
2026-09-20T11:43:18,1,2,outdoor,window_open,open,closed,morning,NNE,30,56,26.00,23.20,room_environment_data_sensor2_session1.csv
2026-09-20T11:43:48,1,2,outdoor,window_open,open,closed,morning,NNE,30,56,25.80,23.20,room_environment_data_sensor2_session1.csv
2026-09-20T11:44:18,1,2,outdoor,window_open,open,closed,morning,NNE,30,56,25.50,22.90,room_environment_data_sensor2_session1.csv
2026-09-20T11:44:48,1,2,outdoor,window_open,open,closed,morning,NNE,30,56,25.60,23.20,room_environment_data_sensor2_session1.csv
2026-09-20T11:45:18,1,2,outdoor,window_open,open,closed,morning,NNE,30,56,25.80,23.20,room_environment_data_sensor2_session1.csv
2026-09-20T11:45:48,1,2,outdoor,window_open,open,closed,morning,NNE,30,56,26.00,23.70,room_environment_data_sensor2_session1.csv
2026-09-20T11:46:18,1,2,outdoor,window_open,open,closed,morning,NNE,30,56,25.70,23.00,room_environment_data_sensor2_session1.csv
2026-09-20T11:46:48,1,2,outdoor,window_open,open,closed,morning,NNE,30,56,25.90,23.20,room_environment_data_sensor2_session1.csv
2026-09-20T11:47:18,1,2,outdoor,window_open,open,closed,morning,NNE,30,56,26.20,23.20,room_environment_data_sensor2_session1.csv
2026-09-20T11:47:48,1,2,outdoor,window_open,open,closed,morning,NNE,30,56,26.20,23.40,room_environment_data_sensor2_session1.csv
2026-09-20T11:48:18,1,2,outdoor,window_open,open,closed,morning,NNE,30,56,26.30,23.00,room_environment_data_sensor2_session1.csv
2026-09-20T11:48:48,1,2,outdoor,window_open,open,closed,morning,NNE,30,56,26.20,22.90,room_environment_data_sensor2_session1.csv
2026-09-20T11:49:18,1,2,outdoor,window_open,open,closed,morning,NNE,30,56,26.20,23.00,room_environment_data_sensor2_session1.csv
2026-09-20T11:49:48,1,2,outdoor,window_open,open,closed,morning,NNE,30,56,26.10,22.90,room_environment_data_sensor2_session1.csv
2026-09-20T11:50:18,1,2,outdoor,window_open,open,closed,morning,NNE,30,56,26.10,23.80,room_environment_data_sensor2_session1.csv
2026-09-20T11:50:48,1,2,outdoor,window_open,open,closed,morning,NNE,30,56,25.70,23.20,room_environment_data_sensor2_session1.csv
2026-09-20T11:51:19,1,2,outdoor,window_open,open,closed,morning,NNE,30,56,25.80,23.60,room_environment_data_sensor2_session1.csv
2026-09-20T11:51:49,1,2,outdoor,window_open,open,closed,morning,NNE,30,56,25.90,23.70,room_environment_data_sensor2_session1.csv
2026-09-20T11:52:19,1,2,outdoor,window_open,open,closed,morning,NNE,30,56,26.00,23.50,room_environment_data_sensor2_session1.csv
2026-09-20T11:52:49,1,2,outdoor,window_open,open,closed,morning,NNE,30,56,26.20,23.00,room_environment_data_sensor2_session1.csv
2026-09-20T11:53:19,1,2,outdoor,window_open,open,closed,morning,NNE,30,56,26.00,23.20,room_environment_data_sensor2_session1.csv
2026-09-20T11:53:49,1,2,outdoor,window_open,open,closed,morning,NNE,30,56,26.10,23.90,room_environment_data_sensor2_session1.csv
2026-09-20T11:54:19,1,2,outdoor,window_open,open,closed,morning,NNE,30,56,26.20,23.40,room_environment_data_sensor2_session1.csv
2026-09-20T11:54:49,1,2,outdoor,window_open,open,closed,morning,NNE,30,56,26.10,23.20,room_environment_data_sensor2_session1.csv
2026-09-20T11:55:19,1,2,outdoor,window_open,open,closed,morning,NNE,30,56,26.20,23.20,room_environment_data_sensor2_session1.csv
2026-09-20T11:55:49,1,2,outdoor,window_open,open,closed,morning,NNE,30,56,25.90,23.20,room_environment_data_sensor2_session1.csv
2026-09-20T11:56:19,1,2,outdoor,window_open,open,closed,morning,NNE,30,56,26.00,23.40,room_environment_data_sensor2_session1.csv
2026-09-20T11:56:49,1,2,outdoor,window_open,open,closed,morning,NNE,30,56,26.00,23.10,room_environment_data_sensor2_session1.csv
2026-09-20T11:57:19,1,2,outdoor,window_open,open,closed,morning,NNE,30,56,26.20,23.10,room_environment_data_sensor2_session1.csv
2026-09-20T11:57:49,1,2,outdoor,window_open,open,closed,morning,NNE,30,56,25.70,23.20,room_environment_data_sensor2_session1.csv
2026-09-20T11:58:19,1,2,outdoor,window_open,open,closed,morning,NNE,30,56,25.70,23.40,room_environment_data_sensor2_session1.csv
2026-09-20T11:58:49,1,2,outdoor,window_open,open,closed,morning,NNE,30,56,25.80,23.60,room_environment_data_sensor2_session1.csv
2026-09-20T11:59:19,1,2,outdoor,window_open,open,closed,morning,NNE,30,56,26.00,24.10,room_environment_data_sensor2_session1.csv
2026-09-20T11:59:50,1,2,outdoor,window_open,open,closed,morning,NNE,30,56,26.00,23.70,room_environment_data_sensor2_session1.csv
2026-09-20T12:00:20,1,2,outdoor,window_open,open,closed,morning,NNE,30,56,26.00,23.60,room_environment_data_sensor2_session1.csv
2026-09-20T12:00:50,1,2,outdoor,window_open,open,closed,morning,NNE,30,56,26.20,24.00,room_environment_data_sensor2_session1.csv
2026-09-20T12:01:20,1,2,outdoor,window_open,open,closed,morning,NNE,30,56,26.00,23.50,room_environment_data_sensor2_session1.csv
2026-09-20T12:01:50,1,2,outdoor,window_open,open,closed,morning,NNE,30,56,26.10,23.70,room_environment_data_sensor2_session1.csv
2026-09-20T12:02:20,1,2,outdoor,window_open,open,closed,morning,NNE,30,56,26.30,23.80,room_environment_data_sensor2_session1.csv
2026-09-20T12:02:50,1,2,outdoor,window_open,open,closed,morning,NNE,30,56,26.50,23.60,room_environment_data_sensor2_session1.csv
2026-09-20T12:03:20,1,2,outdoor,window_open,open,closed,morning,NNE,30,56,26.60,23.70,room_environment_data_sensor2_session1.csv
2026-09-20T12:03:50,1,2,outdoor,window_open,open,closed,morning,NNE,30,56,26.80,23.50,room_environment_data_sensor2_session1.csv
2026-09-20T12:04:20,1,2,outdoor,window_open,open,closed,morning,NNE,30,56,26.50,23.60,room_environment_data_sensor2_session1.csv
2026-09-20T12:04:50,1,2,outdoor,window_open,open,closed,morning,NNE,30,56,26.40,23.30,room_environment_data_sensor2_session1.csv
2026-09-20T12:05:20,1,2,outdoor,window_open,open,closed,morning,NNE,30,56,26.50,23.50,room_environment_data_sensor2_session1.csv
2026-09-20T12:05:50,1,2,outdoor,window_open,open,closed,morning,NNE,30,56,26.40,23.60,room_environment_data_sensor2_session1.csv
2026-09-20T12:06:20,1,2,outdoor,window_open,open,closed,morning,NNE,30,56,26.20,23.70,room_environment_data_sensor2_session1.csv
2026-09-20T12:06:50,1,2,outdoor,window_open,open,closed,morning,NNE,30,56,26.10,23.30,room_environment_data_sensor2_session1.csv
2026-09-20T12:07:20,1,2,outdoor,window_open,open,closed,morning,NNE,30,56,25.90,23.70,room_environment_data_sensor2_session1.csv
2026-09-20T12:07:50,1,2,outdoor,window_open,open,closed,morning,NNE,30,56,26.20,24.10,room_environment_data_sensor2_session1.csv
2026-09-20T12:08:21,1,2,outdoor,window_open,open,closed,morning,NNE,30,56,26.40,23.60,room_environment_data_sensor2_session1.csv
2026-09-20T12:08:51,1,2,outdoor,window_open,open,closed,morning,NNE,30,56,26.30,23.60,room_environment_data_sensor2_session1.csv
2026-09-20T12:09:21,1,2,outdoor,window_open,open,closed,morning,NNE,30,56,26.50,23.40,room_environment_data_sensor2_session1.csv
2026-09-20T12:09:51,1,2,outdoor,window_open,open,closed,morning,NNE,30,56,26.90,23.70,room_environment_data_sensor2_session1.csv
2026-09-20T12:10:21,1,2,outdoor,window_open,open,closed,morning,NNE,30,56,27.20,22.90,room_environment_data_sensor2_session1.csv
2026-09-20T12:10:51,1,2,outdoor,window_open,open,closed,morning,NNE,30,56,27.40,22.70,room_environment_data_sensor2_session1.csv
2026-09-20T12:11:21,1,2,outdoor,window_open,open,closed,morning,NNE,30,56,28.10,22.70,room_environment_data_sensor2_session1.csv
2026-09-20T12:11:51,1,2,outdoor,window_open,open,closed,morning,NNE,30,56,28.80,21.30,room_environment_data_sensor2_session1.csv
2026-09-20T12:12:21,1,2,outdoor,window_open,open,closed,morning,NNE,30,56,29.70,21.30,room_environment_data_sensor2_session1.csv
2026-09-20T12:12:51,1,2,outdoor,window_open,open,closed,morning,NNE,30,56,30.70,20.30,room_environment_data_sensor2_session1.csv
2026-09-20T12:13:21,1,2,outdoor,window_open,open,closed,morning,NNE,30,56,31.20,19.20,room_environment_data_sensor2_session1.csv
2026-09-20T12:13:51,1,2,outdoor,window_open,open,closed,morning,NNE,30,56,31.20,19.30,room_environment_data_sensor2_session1.csv
2026-09-20T12:14:21,1,2,outdoor,window_open,open,closed,morning,NNE,30,56,30.90,19.50,room_environment_data_sensor2_session1.csv
2026-09-20T12:14:51,1,2,outdoor,window_open,open,closed,morning,NNE,30,56,29.40,20.50,room_environment_data_sensor2_session1.csv
2026-09-20T12:15:21,1,2,outdoor,window_open,open,closed,morning,NNE,30,56,27.90,21.30,room_environment_data_sensor2_session1.csv
2026-09-20T12:15:51,1,2,outdoor,window_open,open,closed,morning,NNE,30,56,27.50,22.20,room_environment_data_sensor2_session1.csv
2026-09-20T12:16:22,1,2,outdoor,window_open,open,closed,morning,NNE,30,56,27.40,22.50,room_environment_data_sensor2_session1.csv
2026-09-20T12:16:52,1,2,outdoor,window_open,open,closed,morning,NNE,30,56,27.60,23.20,room_environment_data_sensor2_session1.csv
2026-09-20T12:17:22,1,2,outdoor,window_open,open,closed,morning,NNE,30,56,27.00,22.20,room_environment_data_sensor2_session1.csv
2026-09-20T12:17:52,1,2,outdoor,window_open,open,closed,morning,NNE,30,56,27.20,22.70,room_environment_data_sensor2_session1.csv
2026-09-20T12:18:22,1,2,outdoor,window_open,open,closed,morning,NNE,30,56,27.10,22.70,room_environment_data_sensor2_session1.csv
2026-09-20T12:18:52,1,2,outdoor,window_open,open,closed,morning,NNE,30,56,27.00,22.90,room_environment_data_sensor2_session1.csv
2026-09-20T12:19:22,1,2,outdoor,window_open,open,closed,morning,NNE,30,56,27.20,23.00,room_environment_data_sensor2_session1.csv
2026-09-20T12:19:52,1,2,outdoor,window_open,open,closed,morning,NNE,30,56,27.40,22.70,room_environment_data_sensor2_session1.csv
2026-09-20T12:20:22,1,2,outdoor,recovery,closed,closed,morning,NNE,30,56,27.30,22.60,room_environment_data_sensor2_session1.csv
2026-09-20T12:20:52,1,2,outdoor,recovery,closed,closed,morning,NNE,30,56,27.50,23.10,room_environment_data_sensor2_session1.csv
2026-09-20T12:21:22,1,2,outdoor,recovery,closed,closed,morning,NNE,30,56,27.80,23.10,room_environment_data_sensor2_session1.csv
2026-09-20T12:21:52,1,2,outdoor,recovery,closed,closed,morning,NNE,30,56,28.10,22.40,room_environment_data_sensor2_session1.csv
2026-09-20T12:22:22,1,2,outdoor,recovery,closed,closed,morning,NNE,30,56,28.20,21.80,room_environment_data_sensor2_session1.csv
2026-09-20T12:22:52,1,2,outdoor,recovery,closed,closed,morning,NNE,30,56,27.70,22.00,room_environment_data_sensor2_session1.csv
2026-09-20T12:23:22,1,2,outdoor,recovery,closed,closed,morning,NNE,30,56,27.80,23.20,room_environment_data_sensor2_session1.csv
2026-09-20T12:23:52,1,2,outdoor,recovery,closed,closed,morning,NNE,30,56,27.90,21.90,room_environment_data_sensor2_session1.csv
2026-09-20T12:24:22,1,2,outdoor,recovery,closed,closed,morning,NNE,30,56,27.80,21.70,room_environment_data_sensor2_session1.csv
2026-09-20T12:24:53,1,2,outdoor,recovery,closed,closed,morning,NNE,30,56,27.80,21.80,room_environment_data_sensor2_session1.csv
2026-09-20T12:25:23,1,2,outdoor,recovery,closed,closed,morning,NNE,30,56,27.80,21.50,room_environment_data_sensor2_session1.csv
2026-09-20T12:25:53,1,2,outdoor,recovery,closed,closed,morning,NNE,30,56,27.70,21.40,room_environment_data_sensor2_session1.csv
2026-09-20T12:26:23,1,2,outdoor,recovery,closed,closed,morning,NNE,30,56,27.60,21.50,room_environment_data_sensor2_session1.csv
2026-09-20T12:26:53,1,2,outdoor,recovery,closed,closed,morning,NNE,30,56,28.00,21.60,room_environment_data_sensor2_session1.csv
2026-09-20T12:27:23,1,2,outdoor,recovery,closed,closed,morning,NNE,30,56,28.40,21.80,room_environment_data_sensor2_session1.csv
2026-09-20T12:27:53,1,2,outdoor,recovery,closed,closed,morning,NNE,30,56,28.50,21.50,room_environment_data_sensor2_session1.csv
2026-09-20T12:28:23,1,2,outdoor,recovery,closed,closed,morning,NNE,30,56,28.80,20.70,room_environment_data_sensor2_session1.csv
2026-09-20T12:28:53,1,2,outdoor,recovery,closed,closed,morning,NNE,30,56,28.30,21.10,room_environment_data_sensor2_session1.csv
2026-09-20T12:29:23,1,2,outdoor,recovery,closed,closed,morning,NNE,30,56,28.20,20.70,room_environment_data_sensor2_session1.csv
2026-09-20T12:29:53,1,2,outdoor,recovery,closed,closed,morning,NNE,30,56,28.00,21.00,room_environment_data_sensor2_session1.csv
2026-09-20T12:30:23,1,2,outdoor,recovery,closed,closed,morning,NNE,30,56,28.00,21.10,room_environment_data_sensor2_session1.csv
2026-09-20T12:30:53,1,2,outdoor,recovery,closed,closed,morning,NNE,30,56,28.30,20.90,room_environment_data_sensor2_session1.csv
2026-09-20T12:31:23,1,2,outdoor,recovery,closed,closed,morning,NNE,30,56,28.20,20.80,room_environment_data_sensor2_session1.csv
2026-09-20T12:31:53,1,2,outdoor,recovery,closed,closed,morning,NNE,30,56,28.10,20.60,room_environment_data_sensor2_session1.csv
2026-09-20T12:32:23,1,2,outdoor,recovery,closed,closed,morning,NNE,30,56,28.10,20.90,room_environment_data_sensor2_session1.csv
2026-09-20T12:32:53,1,2,outdoor,recovery,closed,closed,morning,NNE,30,56,27.90,21.00,room_environment_data_sensor2_session1.csv
2026-09-20T12:33:24,1,2,outdoor,recovery,closed,closed,morning,NNE,30,56,28.00,20.80,room_environment_data_sensor2_session1.csv
2026-09-20T12:33:54,1,2,outdoor,recovery,closed,closed,morning,NNE,30,56,27.60,20.40,room_environment_data_sensor2_session1.csv
2026-09-20T12:34:24,1,2,outdoor,recovery,closed,closed,morning,NNE,30,56,27.50,21.00,room_environment_data_sensor2_session1.csv
2026-09-20T12:34:54,1,2,outdoor,recovery,closed,closed,morning,NNE,30,56,27.60,20.60,room_environment_data_sensor2_session1.csv
2026-09-20T12:35:24,1,2,outdoor,recovery,closed,closed,morning,NNE,30,56,27.30,19.90,room_environment_data_sensor2_session1.csv
2026-09-20T12:35:54,1,2,outdoor,recovery,closed,closed,morning,NNE,30,56,27.10,20.30,room_environment_data_sensor2_session1.csv
2026-09-20T12:36:24,1,2,outdoor,recovery,closed,closed,morning,NNE,30,56,27.10,20.10,room_environment_data_sensor2_session1.csv
2026-09-20T12:36:54,1,2,outdoor,recovery,closed,closed,morning,NNE,30,56,27.50,20.20,room_environment_data_sensor2_session1.csv
2026-09-20T12:37:24,1,2,outdoor,recovery,closed,closed,morning,NNE,30,56,27.50,20.40,room_environment_data_sensor2_session1.csv
2026-09-20T12:37:54,1,2,outdoor,recovery,closed,closed,morning,NNE,30,56,27.80,20.50,room_environment_data_sensor2_session1.csv
2026-09-20T12:38:24,1,2,outdoor,recovery,closed,closed,morning,NNE,30,56,28.00,20.40,room_environment_data_sensor2_session1.csv
2026-09-20T12:38:54,1,2,outdoor,recovery,closed,closed,morning,NNE,30,56,28.20,19.50,room_environment_data_sensor2_session1.csv
2026-09-20T12:39:24,1,2,outdoor,recovery,closed,closed,morning,NNE,30,56,28.20,19.30,room_environment_data_sensor2_session1.csv
2026-09-20T12:39:54,1,2,outdoor,recovery,closed,closed,morning,NNE,30,56,28.30,19.70,room_environment_data_sensor2_session1.csv
2026-09-20T12:40:24,1,2,outdoor,recovery,closed,closed,morning,NNE,30,56,28.40,19.10,room_environment_data_sensor2_session1.csv
2026-09-20T12:40:54,1,2,outdoor,recovery,closed,closed,morning,NNE,30,56,28.60,19.80,room_environment_data_sensor2_session1.csv
2026-09-20T12:41:25,1,2,outdoor,recovery,closed,closed,morning,NNE,30,56,28.80,20.40,room_environment_data_sensor2_session1.csv
2026-09-20T12:41:55,1,2,outdoor,recovery,closed,closed,morning,NNE,30,56,28.80,19.50,room_environment_data_sensor2_session1.csv
2026-09-20T12:42:25,1,2,outdoor,recovery,closed,closed,morning,NNE,30,56,28.90,20.20,room_environment_data_sensor2_session1.csv
2026-09-20T12:42:55,1,2,outdoor,recovery,closed,closed,morning,NNE,30,56,28.90,19.50,room_environment_data_sensor2_session1.csv
2026-09-20T12:43:25,1,2,outdoor,recovery,closed,closed,morning,NNE,30,56,28.60,19.10,room_environment_data_sensor2_session1.csv
2026-09-20T12:43:55,1,2,outdoor,recovery,closed,closed,morning,NNE,30,56,28.90,19.60,room_environment_data_sensor2_session1.csv
2026-09-20T12:44:25,1,2,outdoor,recovery,closed,closed,morning,NNE,30,56,29.10,19.50,room_environment_data_sensor2_session1.csv
2026-09-20T12:44:55,1,2,outdoor,recovery,closed,closed,morning,NNE,30,56,29.30,19.00,room_environment_data_sensor2_session1.csv
2026-09-20T12:45:25,1,2,outdoor,recovery,closed,closed,morning,NNE,30,56,29.50,18.40,room_environment_data_sensor2_session1.csv
2026-09-20T12:45:55,1,2,outdoor,recovery,closed,closed,morning,NNE,30,56,29.10,18.80,room_environment_data_sensor2_session1.csv
2026-09-20T12:46:25,1,2,outdoor,recovery,closed,closed,morning,NNE,30,56,28.90,18.90,room_environment_data_sensor2_session1.csv
2026-09-20T12:46:55,1,2,outdoor,recovery,closed,closed,morning,NNE,30,56,29.00,19.00,room_environment_data_sensor2_session1.csv
2026-09-20T12:47:25,1,2,outdoor,recovery,closed,closed,morning,NNE,30,56,28.90,19.20,room_environment_data_sensor2_session1.csv
2026-09-20T12:47:55,1,2,outdoor,recovery,closed,closed,morning,NNE,30,56,28.90,18.70,room_environment_data_sensor2_session1.csv
2026-09-20T12:48:25,1,2,outdoor,recovery,closed,closed,morning,NNE,30,56,28.60,18.40,room_environment_data_sensor2_session1.csv
2026-09-20T12:48:55,1,2,outdoor,recovery,closed,closed,morning,NNE,30,56,28.20,18.90,room_environment_data_sensor2_session1.csv
2026-09-20T12:49:25,1,2,outdoor,recovery,closed,closed,morning,NNE,30,56,28.70,19.30,room_environment_data_sensor2_session1.csv
2026-09-20T12:49:56,1,2,outdoor,recovery,closed,closed,morning,NNE,30,56,29.30,19.90,room_environment_data_sensor2_session1.csv
2026-09-20T12:50:26,1,2,outdoor,recovery,closed,closed,morning,NNE,30,56,29.60,18.60,room_environment_data_sensor2_session1.csv
2026-09-20T12:50:56,1,2,outdoor,recovery,closed,closed,morning,NNE,30,56,29.90,18.50,room_environment_data_sensor2_session1.csv
2026-09-20T12:51:26,1,2,outdoor,recovery,closed,closed,morning,NNE,30,56,30.30,18.90,room_environment_data_sensor2_session1.csv
2026-09-20T12:51:56,1,2,outdoor,recovery,closed,closed,morning,NNE,30,56,29.80,18.20,room_environment_data_sensor2_session1.csv
2026-09-20T12:52:26,1,2,outdoor,recovery,closed,closed,morning,NNE,30,56,30.00,18.90,room_environment_data_sensor2_session1.csv
2026-09-20T12:52:56,1,2,outdoor,recovery,closed,closed,morning,NNE,30,56,29.80,18.20,room_environment_data_sensor2_session1.csv
2026-09-20T12:53:26,1,2,outdoor,recovery,closed,closed,morning,NNE,30,56,29.90,17.80,room_environment_data_sensor2_session1.csv
2026-09-20T12:53:56,1,2,outdoor,recovery,closed,closed,morning,NNE,30,56,30.30,18.20,room_environment_data_sensor2_session1.csv
2026-09-20T12:54:26,1,2,outdoor,recovery,closed,closed,morning,NNE,30,56,30.10,17.40,room_environment_data_sensor2_session1.csv
2026-09-20T12:54:56,1,2,outdoor,recovery,closed,closed,morning,NNE,30,56,30.40,18.10,room_environment_data_sensor2_session1.csv
2026-09-20T12:55:26,1,2,outdoor,recovery,closed,closed,morning,NNE,30,56,30.70,17.70,room_environment_data_sensor2_session1.csv
2026-09-20T12:55:56,1,2,outdoor,recovery,closed,closed,morning,NNE,30,56,30.70,17.50,room_environment_data_sensor2_session1.csv
2026-09-20T12:56:26,1,2,outdoor,recovery,closed,closed,morning,NNE,30,56,31.40,17.60,room_environment_data_sensor2_session1.csv
2026-09-20T12:56:56,1,2,outdoor,recovery,closed,closed,morning,NNE,30,56,31.60,16.80,room_environment_data_sensor2_session1.csv
2026-09-20T12:57:26,1,2,outdoor,recovery,closed,closed,morning,NNE,30,56,31.30,17.10,room_environment_data_sensor2_session1.csv
2026-09-20T12:57:57,1,2,outdoor,recovery,closed,closed,morning,NNE,30,56,31.90,17.60,room_environment_data_sensor2_session1.csv
2026-09-20T12:58:27,1,2,outdoor,recovery,closed,closed,morning,NNE,30,56,31.80,16.90,room_environment_data_sensor2_session1.csv
2026-09-20T12:58:57,1,2,outdoor,recovery,closed,closed,morning,NNE,30,56,30.80,16.70,room_environment_data_sensor2_session1.csv
2026-09-20T12:59:27,1,2,outdoor,recovery,closed,closed,morning,NNE,30,56,31.00,17.00,room_environment_data_sensor2_session1.csv
2026-09-20T12:59:57,1,2,outdoor,recovery,closed,closed,morning,NNE,30,56,32.50,16.80,room_environment_data_sensor2_session1.csv
2026-09-20T13:00:27,1,2,outdoor,recovery,closed,closed,morning,NNE,30,56,33.50,16.10,room_environment_data_sensor2_session1.csv
2026-09-20T13:00:57,1,2,outdoor,recovery,closed,closed,morning,NNE,30,56,32.60,16.20,room_environment_data_sensor2_session1.csv
2026-09-20T13:01:27,1,2,outdoor,recovery,closed,closed,morning,NNE,30,56,33.50,16.20,room_environment_data_sensor2_session1.csv
2026-09-20T13:01:57,1,2,outdoor,recovery,closed,closed,morning,NNE,30,56,34.40,15.80,room_environment_data_sensor2_session1.csv
2026-09-20T13:02:27,1,2,outdoor,recovery,closed,closed,morning,NNE,30,56,34.70,15.20,room_environment_data_sensor2_session1.csv
2026-09-20T13:02:57,1,2,outdoor,recovery,closed,closed,morning,NNE,30,56,35.20,14.90,room_environment_data_sensor2_session1.csv
2026-09-20T13:03:27,1,2,outdoor,recovery,closed,closed,morning,NNE,30,56,34.50,15.70,room_environment_data_sensor2_session1.csv
2026-09-20T13:03:57,1,2,outdoor,recovery,closed,closed,morning,NNE,30,56,32.90,16.10,room_environment_data_sensor2_session1.csv
2026-09-20T13:04:27,1,2,outdoor,recovery,closed,closed,morning,NNE,30,56,31.60,16.50,room_environment_data_sensor2_session1.csv
2026-09-20T13:04:57,1,2,outdoor,recovery,closed,closed,morning,NNE,30,56,31.00,17.10,room_environment_data_sensor2_session1.csv
2026-09-20T13:05:27,1,2,outdoor,recovery,closed,closed,morning,NNE,30,56,30.60,17.50,room_environment_data_sensor2_session1.csv
2026-09-20T13:05:58,1,2,outdoor,recovery,closed,closed,morning,NNE,30,56,30.80,17.60,room_environment_data_sensor2_session1.csv
2026-09-20T13:06:28,1,2,outdoor,recovery,closed,closed,morning,NNE,30,56,30.80,17.60,room_environment_data_sensor2_session1.csv
2026-09-20T13:06:58,1,2,outdoor,recovery,closed,closed,morning,NNE,30,56,30.60,18.00,room_environment_data_sensor2_session1.csv
2026-09-20T13:07:28,1,2,outdoor,recovery,closed,closed,morning,NNE,30,56,29.90,18.20,room_environment_data_sensor2_session1.csv
2026-09-20T13:07:58,1,2,outdoor,recovery,closed,closed,morning,NNE,30,56,29.90,18.40,room_environment_data_sensor2_session1.csv
2026-09-20T13:08:28,1,2,outdoor,recovery,closed,closed,morning,NNE,30,56,30.00,18.60,room_environment_data_sensor2_session1.csv
2026-09-20T13:08:58,1,2,outdoor,recovery,closed,closed,morning,NNE,30,56,29.70,19.10,room_environment_data_sensor2_session1.csv
2026-09-20T13:09:28,1,2,outdoor,recovery,closed,closed,morning,NNE,30,56,29.30,19.30,room_environment_data_sensor2_session1.csv
2026-09-20T13:09:58,1,2,outdoor,recovery,closed,closed,morning,NNE,30,56,29.40,19.80,room_environment_data_sensor2_session1.csv
2026-09-20T13:10:28,1,2,outdoor,recovery,closed,closed,morning,NNE,30,56,29.70,19.10,room_environment_data_sensor2_session1.csv
2026-09-20T13:10:58,1,2,outdoor,recovery,closed,closed,morning,NNE,30,56,29.70,19.40,room_environment_data_sensor2_session1.csv
2026-09-20T13:11:28,1,2,outdoor,recovery,closed,closed,morning,NNE,30,56,30.20,19.80,room_environment_data_sensor2_session1.csv
2026-09-20T13:11:58,1,2,outdoor,recovery,closed,closed,morning,NNE,30,56,30.00,19.00,room_environment_data_sensor2_session1.csv
2026-09-20T13:12:28,1,2,outdoor,recovery,closed,closed,morning,NNE,30,56,29.70,19.00,room_environment_data_sensor2_session1.csv
2026-09-20T13:12:58,1,2,outdoor,recovery,closed,closed,morning,NNE,30,56,29.30,19.20,room_environment_data_sensor2_session1.csv
2026-09-20T13:13:28,1,2,outdoor,recovery,closed,closed,morning,NNE,30,56,29.10,19.80,room_environment_data_sensor2_session1.csv
2026-09-20T13:13:59,1,2,outdoor,recovery,closed,closed,morning,NNE,30,56,29.20,19.30,room_environment_data_sensor2_session1.csv
2026-09-20T13:14:29,1,2,outdoor,recovery,closed,closed,morning,NNE,30,56,28.40,19.60,room_environment_data_sensor2_session1.csv
2026-09-20T13:14:59,1,2,outdoor,recovery,closed,closed,morning,NNE,30,56,28.80,19.60,room_environment_data_sensor2_session1.csv
2026-09-20T13:15:29,1,2,outdoor,recovery,closed,closed,morning,NNE,30,56,29.10,19.60,room_environment_data_sensor2_session1.csv
2026-09-20T13:15:59,1,2,outdoor,recovery,closed,closed,morning,NNE,30,56,28.70,20.00,room_environment_data_sensor2_session1.csv
2026-09-20T13:16:29,1,2,outdoor,recovery,closed,closed,morning,NNE,30,56,28.90,20.30,room_environment_data_sensor2_session1.csv
2026-09-20T13:16:59,1,2,outdoor,recovery,closed,closed,morning,NNE,30,56,28.70,19.80,room_environment_data_sensor2_session1.csv
2026-09-20T13:17:29,1,2,outdoor,recovery,closed,closed,morning,NNE,30,56,28.90,19.90,room_environment_data_sensor2_session1.csv
2026-09-20T13:17:59,1,2,outdoor,recovery,closed,closed,morning,NNE,30,56,28.80,19.80,room_environment_data_sensor2_session1.csv
2026-09-20T13:18:29,1,2,outdoor,recovery,closed,closed,morning,NNE,30,56,29.10,20.00,room_environment_data_sensor2_session1.csv
2026-09-20T13:18:59,1,2,outdoor,recovery,closed,closed,morning,NNE,30,56,29.40,20.10,room_environment_data_sensor2_session1.csv
2026-09-20T13:19:29,1,2,outdoor,recovery,closed,closed,morning,NNE,30,56,29.70,19.90,room_environment_data_sensor2_session1.csv
2026-09-20T13:19:59,1,2,outdoor,recovery,closed,closed,morning,NNE,30,56,29.50,19.70,room_environment_data_sensor2_session1.csv
2026-09-20T15:00:17,2,1,indoor,baseline,closed,closed,afternoon,NNE,19,39,23.40,53.50,room_environment_data_sensor1_session2.csv
2026-09-20T15:00:47,2,1,indoor,baseline,closed,closed,afternoon,NNE,19,39,23.40,53.60,room_environment_data_sensor1_session2.csv
2026-09-20T15:01:17,2,1,indoor,baseline,closed,closed,afternoon,NNE,19,39,23.40,53.70,room_environment_data_sensor1_session2.csv
2026-09-20T15:01:47,2,1,indoor,baseline,closed,closed,afternoon,NNE,19,39,23.40,53.70,room_environment_data_sensor1_session2.csv
2026-09-20T15:02:17,2,1,indoor,baseline,closed,closed,afternoon,NNE,19,39,23.40,53.70,room_environment_data_sensor1_session2.csv
2026-09-20T15:02:47,2,1,indoor,baseline,closed,closed,afternoon,NNE,19,39,23.40,53.80,room_environment_data_sensor1_session2.csv
2026-09-20T15:03:17,2,1,indoor,baseline,closed,closed,afternoon,NNE,19,39,23.40,53.80,room_environment_data_sensor1_session2.csv
2026-09-20T15:03:47,2,1,indoor,baseline,closed,closed,afternoon,NNE,19,39,23.40,53.90,room_environment_data_sensor1_session2.csv
2026-09-20T15:04:17,2,1,indoor,baseline,closed,closed,afternoon,NNE,19,39,23.40,53.80,room_environment_data_sensor1_session2.csv
2026-09-20T15:04:47,2,1,indoor,baseline,closed,closed,afternoon,NNE,19,39,23.40,53.80,room_environment_data_sensor1_session2.csv
2026-09-20T15:05:17,2,1,indoor,baseline,closed,closed,afternoon,NNE,19,39,23.40,53.80,room_environment_data_sensor1_session2.csv
2026-09-20T15:05:47,2,1,indoor,baseline,closed,closed,afternoon,NNE,19,39,23.40,53.80,room_environment_data_sensor1_session2.csv
2026-09-20T15:06:17,2,1,indoor,baseline,closed,closed,afternoon,NNE,19,39,23.40,53.90,room_environment_data_sensor1_session2.csv
2026-09-20T15:06:47,2,1,indoor,baseline,closed,closed,afternoon,NNE,19,39,23.40,53.80,room_environment_data_sensor1_session2.csv
2026-09-20T15:07:17,2,1,indoor,baseline,closed,closed,afternoon,NNE,19,39,23.40,53.70,room_environment_data_sensor1_session2.csv
2026-09-20T15:07:47,2,1,indoor,baseline,closed,closed,afternoon,NNE,19,39,23.40,53.70,room_environment_data_sensor1_session2.csv
2026-09-20T15:08:17,2,1,indoor,baseline,closed,closed,afternoon,NNE,19,39,23.40,53.70,room_environment_data_sensor1_session2.csv
2026-09-20T15:08:47,2,1,indoor,baseline,closed,closed,afternoon,NNE,19,39,23.40,53.80,room_environment_data_sensor1_session2.csv
2026-09-20T15:09:17,2,1,indoor,baseline,closed,closed,afternoon,NNE,19,39,23.40,53.60,room_environment_data_sensor1_session2.csv
2026-09-20T15:09:47,2,1,indoor,baseline,closed,closed,afternoon,NNE,19,39,23.40,53.70,room_environment_data_sensor1_session2.csv
2026-09-20T15:10:17,2,1,indoor,baseline,closed,closed,afternoon,NNE,19,39,23.40,53.70,room_environment_data_sensor1_session2.csv
2026-09-20T15:10:47,2,1,indoor,baseline,closed,closed,afternoon,NNE,19,39,23.40,53.70,room_environment_data_sensor1_session2.csv
2026-09-20T15:11:17,2,1,indoor,baseline,closed,closed,afternoon,NNE,19,39,23.40,53.70,room_environment_data_sensor1_session2.csv
2026-09-20T15:11:47,2,1,indoor,baseline,closed,closed,afternoon,NNE,19,39,23.40,53.80,room_environment_data_sensor1_session2.csv
2026-09-20T15:12:17,2,1,indoor,baseline,closed,closed,afternoon,NNE,19,39,23.50,53.80,room_environment_data_sensor1_session2.csv
2026-09-20T15:12:47,2,1,indoor,baseline,closed,closed,afternoon,NNE,19,39,23.50,53.80,room_environment_data_sensor1_session2.csv
2026-09-20T15:13:17,2,1,indoor,baseline,closed,closed,afternoon,NNE,19,39,23.50,53.80,room_environment_data_sensor1_session2.csv
2026-09-20T15:13:47,2,1,indoor,baseline,closed,closed,afternoon,NNE,19,39,23.50,53.80,room_environment_data_sensor1_session2.csv
2026-09-20T15:14:17,2,1,indoor,baseline,closed,closed,afternoon,NNE,19,39,23.50,53.70,room_environment_data_sensor1_session2.csv
2026-09-20T15:14:47,2,1,indoor,baseline,closed,closed,afternoon,NNE,19,39,23.50,53.70,room_environment_data_sensor1_session2.csv
2026-09-20T15:15:17,2,1,indoor,baseline,closed,closed,afternoon,NNE,19,39,23.50,53.70,room_environment_data_sensor1_session2.csv
2026-09-20T15:15:47,2,1,indoor,baseline,closed,closed,afternoon,NNE,19,39,23.50,53.70,room_environment_data_sensor1_session2.csv
2026-09-20T15:16:17,2,1,indoor,baseline,closed,closed,afternoon,NNE,19,39,23.50,53.70,room_environment_data_sensor1_session2.csv
2026-09-20T15:16:47,2,1,indoor,baseline,closed,closed,afternoon,NNE,19,39,23.50,53.70,room_environment_data_sensor1_session2.csv
2026-09-20T15:17:17,2,1,indoor,baseline,closed,closed,afternoon,NNE,19,39,23.50,53.90,room_environment_data_sensor1_session2.csv
2026-09-20T15:17:47,2,1,indoor,baseline,closed,closed,afternoon,NNE,19,39,23.50,54.00,room_environment_data_sensor1_session2.csv
2026-09-20T15:18:17,2,1,indoor,baseline,closed,closed,afternoon,NNE,19,39,23.60,53.90,room_environment_data_sensor1_session2.csv
2026-09-20T15:18:47,2,1,indoor,baseline,closed,closed,afternoon,NNE,19,39,23.60,53.90,room_environment_data_sensor1_session2.csv
2026-09-20T15:19:17,2,1,indoor,baseline,closed,closed,afternoon,NNE,19,39,23.60,54.00,room_environment_data_sensor1_session2.csv
2026-09-20T15:19:47,2,1,indoor,baseline,closed,closed,afternoon,NNE,19,39,23.60,54.00,room_environment_data_sensor1_session2.csv
2026-09-20T15:20:17,2,1,indoor,baseline,closed,closed,afternoon,NNE,19,39,23.60,54.00,room_environment_data_sensor1_session2.csv
2026-09-20T15:20:47,2,1,indoor,baseline,closed,closed,afternoon,NNE,19,39,23.60,54.20,room_environment_data_sensor1_session2.csv
2026-09-20T15:21:17,2,1,indoor,baseline,closed,closed,afternoon,NNE,19,39,23.60,54.20,room_environment_data_sensor1_session2.csv
2026-09-20T15:21:47,2,1,indoor,baseline,closed,closed,afternoon,NNE,19,39,23.60,54.30,room_environment_data_sensor1_session2.csv
2026-09-20T15:22:17,2,1,indoor,baseline,closed,closed,afternoon,NNE,19,39,23.70,54.30,room_environment_data_sensor1_session2.csv
2026-09-20T15:22:47,2,1,indoor,baseline,closed,closed,afternoon,NNE,19,39,23.70,54.30,room_environment_data_sensor1_session2.csv
2026-09-20T15:23:17,2,1,indoor,baseline,closed,closed,afternoon,NNE,19,39,23.70,54.30,room_environment_data_sensor1_session2.csv
2026-09-20T15:23:47,2,1,indoor,baseline,closed,closed,afternoon,NNE,19,39,23.70,54.40,room_environment_data_sensor1_session2.csv
2026-09-20T15:24:17,2,1,indoor,baseline,closed,closed,afternoon,NNE,19,39,23.70,54.40,room_environment_data_sensor1_session2.csv
2026-09-20T15:24:47,2,1,indoor,baseline,closed,closed,afternoon,NNE,19,39,23.80,54.40,room_environment_data_sensor1_session2.csv
2026-09-20T15:25:17,2,1,indoor,baseline,closed,closed,afternoon,NNE,19,39,23.80,54.50,room_environment_data_sensor1_session2.csv
2026-09-20T15:25:47,2,1,indoor,baseline,closed,closed,afternoon,NNE,19,39,23.80,54.60,room_environment_data_sensor1_session2.csv
2026-09-20T15:26:17,2,1,indoor,baseline,closed,closed,afternoon,NNE,19,39,23.80,54.70,room_environment_data_sensor1_session2.csv
2026-09-20T15:26:47,2,1,indoor,baseline,closed,closed,afternoon,NNE,19,39,23.80,54.70,room_environment_data_sensor1_session2.csv
2026-09-20T15:27:17,2,1,indoor,baseline,closed,closed,afternoon,NNE,19,39,23.80,54.80,room_environment_data_sensor1_session2.csv
2026-09-20T15:27:47,2,1,indoor,baseline,closed,closed,afternoon,NNE,19,39,23.80,54.80,room_environment_data_sensor1_session2.csv
2026-09-20T15:28:17,2,1,indoor,baseline,closed,closed,afternoon,NNE,19,39,23.80,54.70,room_environment_data_sensor1_session2.csv
2026-09-20T15:28:47,2,1,indoor,baseline,closed,closed,afternoon,NNE,19,39,23.80,54.80,room_environment_data_sensor1_session2.csv
2026-09-20T15:29:17,2,1,indoor,baseline,closed,closed,afternoon,NNE,19,39,23.80,54.70,room_environment_data_sensor1_session2.csv
2026-09-20T15:29:47,2,1,indoor,baseline,closed,closed,afternoon,NNE,19,39,23.80,54.70,room_environment_data_sensor1_session2.csv
2026-09-20T15:30:17,2,1,indoor,baseline,closed,closed,afternoon,NNE,19,39,23.80,54.90,room_environment_data_sensor1_session2.csv
2026-09-20T15:30:47,2,1,indoor,baseline,closed,closed,afternoon,NNE,19,39,23.90,55.00,room_environment_data_sensor1_session2.csv
2026-09-20T15:31:17,2,1,indoor,baseline,closed,closed,afternoon,NNE,19,39,23.90,54.90,room_environment_data_sensor1_session2.csv
2026-09-20T15:31:47,2,1,indoor,baseline,closed,closed,afternoon,NNE,19,39,23.90,55.00,room_environment_data_sensor1_session2.csv
2026-09-20T15:32:17,2,1,indoor,baseline,closed,closed,afternoon,NNE,19,39,23.90,55.10,room_environment_data_sensor1_session2.csv
2026-09-20T15:32:47,2,1,indoor,baseline,closed,closed,afternoon,NNE,19,39,23.90,55.10,room_environment_data_sensor1_session2.csv
2026-09-20T15:33:17,2,1,indoor,baseline,closed,closed,afternoon,NNE,19,39,23.90,55.20,room_environment_data_sensor1_session2.csv
2026-09-20T15:33:47,2,1,indoor,baseline,closed,closed,afternoon,NNE,19,39,23.90,55.40,room_environment_data_sensor1_session2.csv
2026-09-20T15:34:17,2,1,indoor,baseline,closed,closed,afternoon,NNE,19,39,23.90,55.50,room_environment_data_sensor1_session2.csv
2026-09-20T15:34:47,2,1,indoor,baseline,closed,closed,afternoon,NNE,19,39,23.90,55.50,room_environment_data_sensor1_session2.csv
2026-09-20T15:35:17,2,1,indoor,baseline,closed,closed,afternoon,NNE,19,39,23.90,55.50,room_environment_data_sensor1_session2.csv
2026-09-20T15:35:47,2,1,indoor,baseline,closed,closed,afternoon,NNE,19,39,23.90,55.50,room_environment_data_sensor1_session2.csv
2026-09-20T15:36:17,2,1,indoor,baseline,closed,closed,afternoon,NNE,19,39,23.90,55.50,room_environment_data_sensor1_session2.csv
2026-09-20T15:36:47,2,1,indoor,baseline,closed,closed,afternoon,NNE,19,39,23.90,55.60,room_environment_data_sensor1_session2.csv
2026-09-20T15:37:17,2,1,indoor,baseline,closed,closed,afternoon,NNE,19,39,23.90,55.50,room_environment_data_sensor1_session2.csv
2026-09-20T15:37:47,2,1,indoor,baseline,closed,closed,afternoon,NNE,19,39,23.90,55.60,room_environment_data_sensor1_session2.csv
2026-09-20T15:38:17,2,1,indoor,baseline,closed,closed,afternoon,NNE,19,39,23.90,55.60,room_environment_data_sensor1_session2.csv
2026-09-20T15:38:47,2,1,indoor,baseline,closed,closed,afternoon,NNE,19,39,23.90,55.70,room_environment_data_sensor1_session2.csv
2026-09-20T15:39:17,2,1,indoor,baseline,closed,closed,afternoon,NNE,19,39,24.00,55.70,room_environment_data_sensor1_session2.csv
2026-09-20T15:39:47,2,1,indoor,baseline,closed,closed,afternoon,NNE,19,39,24.00,55.70,room_environment_data_sensor1_session2.csv
2026-09-20T15:40:17,2,1,indoor,baseline,closed,closed,afternoon,NNE,19,39,24.00,55.70,room_environment_data_sensor1_session2.csv
2026-09-20T15:40:47,2,1,indoor,baseline,closed,closed,afternoon,NNE,19,39,24.00,55.70,room_environment_data_sensor1_session2.csv
2026-09-20T15:41:17,2,1,indoor,baseline,closed,closed,afternoon,NNE,19,39,24.00,55.70,room_environment_data_sensor1_session2.csv
2026-09-20T15:41:47,2,1,indoor,baseline,closed,closed,afternoon,NNE,19,39,24.0,55.80,room_environment_data_sensor1_session2.csv
2026-09-20T15:42:17,2,1,indoor,baseline,closed,closed,afternoon,NNE,19,39,24.00,55.80,room_environment_data_sensor1_session2.csv
2026-09-20T15:42:47,2,1,indoor,baseline,closed,closed,afternoon,NNE,19,39,24.00,55.80,room_environment_data_sensor1_session2.csv
2026-09-20T15:43:17,2,1,indoor,baseline,closed,closed,afternoon,NNE,19,39,24.00,55.90,room_environment_data_sensor1_session2.csv
2026-09-20T15:43:47,2,1,indoor,baseline,closed,closed,afternoon,NNE,19,39,24.00,55.90,room_environment_data_sensor1_session2.csv
2026-09-20T15:44:17,2,1,indoor,baseline,closed,closed,afternoon,NNE,19,39,24.00,55.60,room_environment_data_sensor1_session2.csv
2026-09-20T15:44:47,2,1,indoor,baseline,closed,closed,afternoon,NNE,19,39,24.00,55.50,room_environment_data_sensor1_session2.csv
2026-09-20T15:45:17,2,1,indoor,baseline,closed,closed,afternoon,NNE,19,39,24.00,55.40,room_environment_data_sensor1_session2.csv
2026-09-20T15:45:47,2,1,indoor,baseline,closed,closed,afternoon,NNE,19,39,24.00,55.40,room_environment_data_sensor1_session2.csv
2026-09-20T15:46:17,2,1,indoor,baseline,closed,closed,afternoon,NNE,19,39,24.00,55.40,room_environment_data_sensor1_session2.csv
2026-09-20T15:46:47,2,1,indoor,baseline,closed,closed,afternoon,NNE,19,39,24.00,55.40,room_environment_data_sensor1_session2.csv
2026-09-20T15:47:17,2,1,indoor,baseline,closed,closed,afternoon,NNE,19,39,24.10,55.50,room_environment_data_sensor1_session2.csv
2026-09-20T15:47:47,2,1,indoor,baseline,closed,closed,afternoon,NNE,19,39,24.10,55.60,room_environment_data_sensor1_session2.csv
2026-09-20T15:48:17,2,1,indoor,baseline,closed,closed,afternoon,NNE,19,39,24.10,55.70,room_environment_data_sensor1_session2.csv
2026-09-20T15:48:47,2,1,indoor,baseline,closed,closed,afternoon,NNE,19,39,24.10,55.90,room_environment_data_sensor1_session2.csv
2026-09-20T15:49:17,2,1,indoor,baseline,closed,closed,afternoon,NNE,19,39,24.10,55.90,room_environment_data_sensor1_session2.csv
2026-09-20T15:49:47,2,1,indoor,baseline,closed,closed,afternoon,NNE,19,39,24.10,55.90,room_environment_data_sensor1_session2.csv
2026-09-20T15:50:17,2,1,indoor,baseline,closed,closed,afternoon,NNE,19,39,24.10,55.70,room_environment_data_sensor1_session2.csv
2026-09-20T15:50:47,2,1,indoor,baseline,closed,closed,afternoon,NNE,19,39,24.10,55.70,room_environment_data_sensor1_session2.csv
2026-09-20T15:51:17,2,1,indoor,baseline,closed,closed,afternoon,NNE,19,39,24.10,55.90,room_environment_data_sensor1_session2.csv
2026-09-20T15:51:47,2,1,indoor,baseline,closed,closed,afternoon,NNE,19,39,24.10,56.00,room_environment_data_sensor1_session2.csv
2026-09-20T15:52:17,2,1,indoor,baseline,closed,closed,afternoon,NNE,19,39,24.20,56.00,room_environment_data_sensor1_session2.csv
2026-09-20T15:52:47,2,1,indoor,baseline,closed,closed,afternoon,NNE,19,39,24.20,56.10,room_environment_data_sensor1_session2.csv
2026-09-20T15:53:17,2,1,indoor,baseline,closed,closed,afternoon,NNE,19,39,24.20,56.10,room_environment_data_sensor1_session2.csv
2026-09-20T15:53:47,2,1,indoor,baseline,closed,closed,afternoon,NNE,19,39,24.20,56.10,room_environment_data_sensor1_session2.csv
2026-09-20T15:54:17,2,1,indoor,baseline,closed,closed,afternoon,NNE,19,39,24.20,56.30,room_environment_data_sensor1_session2.csv
2026-09-20T15:54:47,2,1,indoor,baseline,closed,closed,afternoon,NNE,19,39,24.20,56.20,room_environment_data_sensor1_session2.csv
2026-09-20T15:55:17,2,1,indoor,baseline,closed,closed,afternoon,NNE,19,39,24.20,56.30,room_environment_data_sensor1_session2.csv
2026-09-20T15:55:48,2,1,indoor,baseline,closed,closed,afternoon,NNE,19,39,24.20,56.30,room_environment_data_sensor1_session2.csv
2026-09-20T15:56:18,2,1,indoor,baseline,closed,closed,afternoon,NNE,19,39,24.20,56.30,room_environment_data_sensor1_session2.csv
2026-09-20T15:56:48,2,1,indoor,baseline,closed,closed,afternoon,NNE,19,39,24.20,56.40,room_environment_data_sensor1_session2.csv
2026-09-20T15:57:18,2,1,indoor,baseline,closed,closed,afternoon,NNE,19,39,24.20,56.40,room_environment_data_sensor1_session2.csv
2026-09-20T15:57:48,2,1,indoor,baseline,closed,closed,afternoon,NNE,19,39,24.20,56.40,room_environment_data_sensor1_session2.csv
2026-09-20T15:58:18,2,1,indoor,baseline,closed,closed,afternoon,NNE,19,39,24.20,56.40,room_environment_data_sensor1_session2.csv
2026-09-20T15:58:48,2,1,indoor,baseline,closed,closed,afternoon,NNE,19,39,24.20,56.50,room_environment_data_sensor1_session2.csv
2026-09-20T15:59:18,2,1,indoor,baseline,closed,closed,afternoon,NNE,19,39,24.20,56.40,room_environment_data_sensor1_session2.csv
2026-09-20T15:59:48,2,1,indoor,baseline,closed,closed,afternoon,NNE,19,39,24.20,56.40,room_environment_data_sensor1_session2.csv
2026-09-20T16:00:18,2,1,indoor,window_open,open,closed,afternoon,NNE,19,39,24.20,56.40,room_environment_data_sensor1_session2.csv
2026-09-20T16:00:48,2,1,indoor,window_open,open,closed,afternoon,NNE,19,39,24.20,56.40,room_environment_data_sensor1_session2.csv
2026-09-20T16:01:18,2,1,indoor,window_open,open,closed,afternoon,NNE,19,39,24.20,56.50,room_environment_data_sensor1_session2.csv
2026-09-20T16:01:48,2,1,indoor,window_open,open,closed,afternoon,NNE,19,39,24.20,56.40,room_environment_data_sensor1_session2.csv
2026-09-20T16:02:18,2,1,indoor,window_open,open,closed,afternoon,NNE,19,39,24.20,56.60,room_environment_data_sensor1_session2.csv
2026-09-20T16:02:48,2,1,indoor,window_open,open,closed,afternoon,NNE,19,39,24.30,56.60,room_environment_data_sensor1_session2.csv
2026-09-20T16:03:18,2,1,indoor,window_open,open,closed,afternoon,NNE,19,39,24.30,56.70,room_environment_data_sensor1_session2.csv
2026-09-20T16:03:48,2,1,indoor,window_open,open,closed,afternoon,NNE,19,39,24.30,56.70,room_environment_data_sensor1_session2.csv
2026-09-20T16:04:18,2,1,indoor,window_open,open,closed,afternoon,NNE,19,39,24.30,56.60,room_environment_data_sensor1_session2.csv
2026-09-20T16:04:48,2,1,indoor,window_open,open,closed,afternoon,NNE,19,39,24.30,56.40,room_environment_data_sensor1_session2.csv
2026-09-20T16:05:18,2,1,indoor,window_open,open,closed,afternoon,NNE,19,39,24.30,56.30,room_environment_data_sensor1_session2.csv
2026-09-20T16:05:48,2,1,indoor,window_open,open,closed,afternoon,NNE,19,39,24.30,56.40,room_environment_data_sensor1_session2.csv
2026-09-20T16:06:18,2,1,indoor,window_open,open,closed,afternoon,NNE,19,39,24.30,56.20,room_environment_data_sensor1_session2.csv
2026-09-20T16:06:48,2,1,indoor,window_open,open,closed,afternoon,NNE,19,39,24.40,56.00,room_environment_data_sensor1_session2.csv
2026-09-20T16:07:18,2,1,indoor,window_open,open,closed,afternoon,NNE,19,39,24.30,55.80,room_environment_data_sensor1_session2.csv
2026-09-20T16:07:48,2,1,indoor,window_open,open,closed,afternoon,NNE,19,39,24.40,55.30,room_environment_data_sensor1_session2.csv
2026-09-20T16:08:18,2,1,indoor,window_open,open,closed,afternoon,NNE,19,39,24.40,54.90,room_environment_data_sensor1_session2.csv
2026-09-20T16:08:48,2,1,indoor,window_open,open,closed,afternoon,NNE,19,39,24.40,54.70,room_environment_data_sensor1_session2.csv
2026-09-20T16:09:18,2,1,indoor,window_open,open,closed,afternoon,NNE,19,39,24.40,54.30,room_environment_data_sensor1_session2.csv
2026-09-20T16:09:48,2,1,indoor,window_open,open,closed,afternoon,NNE,19,39,24.40,53.90,room_environment_data_sensor1_session2.csv
2026-09-20T16:10:23,2,1,indoor,window_open,open,closed,afternoon,NNE,19,39,24.50,53.50,room_environment_data_sensor1_session2.csv
2026-09-20T16:10:48,2,1,indoor,window_open,open,closed,afternoon,NNE,19,39,24.50,53.30,room_environment_data_sensor1_session2.csv
2026-09-20T16:11:18,2,1,indoor,window_open,open,closed,afternoon,NNE,19,39,24.50,53.00,room_environment_data_sensor1_session2.csv
2026-09-20T16:11:48,2,1,indoor,window_open,open,closed,afternoon,NNE,19,39,24.50,53.00,room_environment_data_sensor1_session2.csv
2026-09-20T16:12:18,2,1,indoor,window_open,open,closed,afternoon,NNE,19,39,24.50,52.50,room_environment_data_sensor1_session2.csv
2026-09-20T16:12:48,2,1,indoor,window_open,open,closed,afternoon,NNE,19,39,24.50,52.70,room_environment_data_sensor1_session2.csv
2026-09-20T16:13:18,2,1,indoor,window_open,open,closed,afternoon,NNE,19,39,24.50,51.80,room_environment_data_sensor1_session2.csv
2026-09-20T16:13:48,2,1,indoor,window_open,open,closed,afternoon,NNE,19,39,24.60,51.70,room_environment_data_sensor1_session2.csv
2026-09-20T16:14:18,2,1,indoor,window_open,open,closed,afternoon,NNE,19,39,24.60,51.70,room_environment_data_sensor1_session2.csv
2026-09-20T16:14:48,2,1,indoor,window_open,open,closed,afternoon,NNE,19,39,24.60,51.50,room_environment_data_sensor1_session2.csv
2026-09-20T16:15:18,2,1,indoor,window_open,open,closed,afternoon,NNE,19,39,24.60,51.50,room_environment_data_sensor1_session2.csv
2026-09-20T16:15:48,2,1,indoor,window_open,open,closed,afternoon,NNE,19,39,24.60,51.10,room_environment_data_sensor1_session2.csv
2026-09-20T16:16:18,2,1,indoor,window_open,open,closed,afternoon,NNE,19,39,24.60,51.00,room_environment_data_sensor1_session2.csv
2026-09-20T16:16:48,2,1,indoor,window_open,open,closed,afternoon,NNE,19,39,24.60,51.10,room_environment_data_sensor1_session2.csv
2026-09-20T16:17:18,2,1,indoor,window_open,open,closed,afternoon,NNE,19,39,24.60,50.80,room_environment_data_sensor1_session2.csv
2026-09-20T16:17:48,2,1,indoor,window_open,open,closed,afternoon,NNE,19,39,24.60,50.80,room_environment_data_sensor1_session2.csv
2026-09-20T16:18:18,2,1,indoor,window_open,open,closed,afternoon,NNE,19,39,24.60,50.70,room_environment_data_sensor1_session2.csv
2026-09-20T16:18:48,2,1,indoor,window_open,open,closed,afternoon,NNE,19,39,24.60,50.70,room_environment_data_sensor1_session2.csv
2026-09-20T16:19:18,2,1,indoor,window_open,open,closed,afternoon,NNE,19,39,24.60,50.60,room_environment_data_sensor1_session2.csv
2026-09-20T16:19:48,2,1,indoor,window_open,open,closed,afternoon,NNE,19,39,24.60,50.60,room_environment_data_sensor1_session2.csv
2026-09-20T16:20:18,2,1,indoor,window_open,open,closed,afternoon,NNE,19,39,24.60,50.60,room_environment_data_sensor1_session2.csv
2026-09-20T16:20:48,2,1,indoor,window_open,open,closed,afternoon,NNE,19,39,24.60,50.30,room_environment_data_sensor1_session2.csv
2026-09-20T16:21:18,2,1,indoor,window_open,open,closed,afternoon,NNE,19,39,24.60,50.30,room_environment_data_sensor1_session2.csv
2026-09-20T16:21:48,2,1,indoor,window_open,open,closed,afternoon,NNE,19,39,24.60,50.40,room_environment_data_sensor1_session2.csv
2026-09-20T16:22:18,2,1,indoor,window_open,open,closed,afternoon,NNE,19,39,24.60,50.10,room_environment_data_sensor1_session2.csv
2026-09-20T16:22:48,2,1,indoor,window_open,open,closed,afternoon,NNE,19,39,24.60,50.20,room_environment_data_sensor1_session2.csv
2026-09-20T16:23:18,2,1,indoor,window_open,open,closed,afternoon,NNE,19,39,24.60,50.20,room_environment_data_sensor1_session2.csv
2026-09-20T16:23:48,2,1,indoor,window_open,open,closed,afternoon,NNE,19,39,24.60,50.10,room_environment_data_sensor1_session2.csv
2026-09-20T16:24:18,2,1,indoor,window_open,open,closed,afternoon,NNE,19,39,24.70,50.00,room_environment_data_sensor1_session2.csv
2026-09-20T16:24:48,2,1,indoor,window_open,open,closed,afternoon,NNE,19,39,24.70,50.10,room_environment_data_sensor1_session2.csv
2026-09-20T16:25:18,2,1,indoor,window_open,open,closed,afternoon,NNE,19,39,24.70,49.90,room_environment_data_sensor1_session2.csv
2026-09-20T16:25:48,2,1,indoor,window_open,open,closed,afternoon,NNE,19,39,24.70,49.70,room_environment_data_sensor1_session2.csv
2026-09-20T16:26:18,2,1,indoor,window_open,open,closed,afternoon,NNE,19,39,24.70,49.60,room_environment_data_sensor1_session2.csv
2026-09-20T16:26:48,2,1,indoor,window_open,open,closed,afternoon,NNE,19,39,24.70,49.60,room_environment_data_sensor1_session2.csv
2026-09-20T16:27:18,2,1,indoor,window_open,open,closed,afternoon,NNE,19,39,24.70,49.40,room_environment_data_sensor1_session2.csv
2026-09-20T16:27:48,2,1,indoor,window_open,open,closed,afternoon,NNE,19,39,24.80,49.30,room_environment_data_sensor1_session2.csv
2026-09-20T16:28:18,2,1,indoor,window_open,open,closed,afternoon,NNE,19,39,24.80,49.60,room_environment_data_sensor1_session2.csv
2026-09-20T16:28:48,2,1,indoor,window_open,open,closed,afternoon,NNE,19,39,24.80,49.30,room_environment_data_sensor1_session2.csv
2026-09-20T16:29:18,2,1,indoor,window_open,open,closed,afternoon,NNE,19,39,24.80,49.00,room_environment_data_sensor1_session2.csv
2026-09-20T16:29:48,2,1,indoor,window_open,open,closed,afternoon,NNE,19,39,24.80,48.80,room_environment_data_sensor1_session2.csv
2026-09-20T16:30:18,2,1,indoor,window_open,open,closed,afternoon,NNE,19,39,24.80,48.90,room_environment_data_sensor1_session2.csv
2026-09-20T16:30:48,2,1,indoor,window_open,open,closed,afternoon,NNE,19,39,24.80,48.60,room_environment_data_sensor1_session2.csv
2026-09-20T16:31:18,2,1,indoor,window_open,open,closed,afternoon,NNE,19,39,24.90,48.60,room_environment_data_sensor1_session2.csv
2026-09-20T16:31:48,2,1,indoor,window_open,open,closed,afternoon,NNE,19,39,24.80,48.60,room_environment_data_sensor1_session2.csv
2026-09-20T16:32:18,2,1,indoor,window_open,open,closed,afternoon,NNE,19,39,24.90,48.60,room_environment_data_sensor1_session2.csv
2026-09-20T16:32:48,2,1,indoor,window_open,open,closed,afternoon,NNE,19,39,24.90,48.70,room_environment_data_sensor1_session2.csv
2026-09-20T16:33:18,2,1,indoor,window_open,open,closed,afternoon,NNE,19,39,24.80,48.60,room_environment_data_sensor1_session2.csv
2026-09-20T16:33:48,2,1,indoor,window_open,open,closed,afternoon,NNE,19,39,24.80,48.60,room_environment_data_sensor1_session2.csv
2026-09-20T16:34:18,2,1,indoor,window_open,open,closed,afternoon,NNE,19,39,24.90,48.30,room_environment_data_sensor1_session2.csv
2026-09-20T16:34:48,2,1,indoor,window_open,open,closed,afternoon,NNE,19,39,24.90,48.30,room_environment_data_sensor1_session2.csv
2026-09-20T16:35:18,2,1,indoor,window_open,open,closed,afternoon,NNE,19,39,24.90,48.20,room_environment_data_sensor1_session2.csv
2026-09-20T16:35:48,2,1,indoor,window_open,open,closed,afternoon,NNE,19,39,25.10,47.50,room_environment_data_sensor1_session2.csv
2026-09-20T16:36:18,2,1,indoor,window_open,open,closed,afternoon,NNE,19,39,25.00,47.30,room_environment_data_sensor1_session2.csv
2026-09-20T16:36:48,2,1,indoor,window_open,open,closed,afternoon,NNE,19,39,25.10,47.00,room_environment_data_sensor1_session2.csv
2026-09-20T16:37:18,2,1,indoor,window_open,open,closed,afternoon,NNE,19,39,25.10,47.30,room_environment_data_sensor1_session2.csv
2026-09-20T16:37:48,2,1,indoor,window_open,open,closed,afternoon,NNE,19,39,25.10,47.30,room_environment_data_sensor1_session2.csv
2026-09-20T16:38:18,2,1,indoor,window_open,open,closed,afternoon,NNE,19,39,25.10,47.20,room_environment_data_sensor1_session2.csv
2026-09-20T16:38:48,2,1,indoor,window_open,open,closed,afternoon,NNE,19,39,25.10,47.30,room_environment_data_sensor1_session2.csv
2026-09-20T16:39:18,2,1,indoor,window_open,open,closed,afternoon,NNE,19,39,25.00,47.50,room_environment_data_sensor1_session2.csv
2026-09-20T16:39:48,2,1,indoor,window_open,open,closed,afternoon,NNE,19,39,25.10,47.70,room_environment_data_sensor1_session2.csv
2026-09-20T16:40:18,2,1,indoor,window_open,open,closed,afternoon,NNE,19,39,25.10,47.60,room_environment_data_sensor1_session2.csv
2026-09-20T16:40:48,2,1,indoor,window_open,open,closed,afternoon,NNE,19,39,25.00,47.60,room_environment_data_sensor1_session2.csv
2026-09-20T16:41:18,2,1,indoor,window_open,open,closed,afternoon,NNE,19,39,25.10,47.70,room_environment_data_sensor1_session2.csv
2026-09-20T16:41:48,2,1,indoor,window_open,open,closed,afternoon,NNE,19,39,25.10,47.60,room_environment_data_sensor1_session2.csv
2026-09-20T16:42:18,2,1,indoor,window_open,open,closed,afternoon,NNE,19,39,25.10,47.60,room_environment_data_sensor1_session2.csv
2026-09-20T16:42:48,2,1,indoor,window_open,open,closed,afternoon,NNE,19,39,25.10,47.60,room_environment_data_sensor1_session2.csv
2026-09-20T16:43:18,2,1,indoor,window_open,open,closed,afternoon,NNE,19,39,25.10,47.70,room_environment_data_sensor1_session2.csv
2026-09-20T16:43:48,2,1,indoor,window_open,open,closed,afternoon,NNE,19,39,25.10,47.10,room_environment_data_sensor1_session2.csv
2026-09-20T16:44:18,2,1,indoor,window_open,open,closed,afternoon,NNE,19,39,25.10,47.70,room_environment_data_sensor1_session2.csv
2026-09-20T16:44:48,2,1,indoor,window_open,open,closed,afternoon,NNE,19,39,25.10,47.90,room_environment_data_sensor1_session2.csv
2026-09-20T16:45:18,2,1,indoor,window_open,open,closed,afternoon,NNE,19,39,25.10,47.70,room_environment_data_sensor1_session2.csv
2026-09-20T16:45:48,2,1,indoor,window_open,open,closed,afternoon,NNE,19,39,25.00,49.40,room_environment_data_sensor1_session2.csv
2026-09-20T16:46:18,2,1,indoor,window_open,open,closed,afternoon,NNE,19,39,25.00,50.50,room_environment_data_sensor1_session2.csv
2026-09-20T16:46:48,2,1,indoor,window_open,open,closed,afternoon,NNE,19,39,25.00,50.60,room_environment_data_sensor1_session2.csv
2026-09-20T16:47:18,2,1,indoor,window_open,open,closed,afternoon,NNE,19,39,24.90,50.50,room_environment_data_sensor1_session2.csv
2026-09-20T16:47:48,2,1,indoor,window_open,open,closed,afternoon,NNE,19,39,24.80,50.20,room_environment_data_sensor1_session2.csv
2026-09-20T16:48:18,2,1,indoor,window_open,open,closed,afternoon,NNE,19,39,24.80,49.80,room_environment_data_sensor1_session2.csv
2026-09-20T16:48:48,2,1,indoor,window_open,open,closed,afternoon,NNE,19,39,24.80,49.30,room_environment_data_sensor1_session2.csv
2026-09-20T16:49:18,2,1,indoor,window_open,open,closed,afternoon,NNE,19,39,24.90,48.90,room_environment_data_sensor1_session2.csv
2026-09-20T16:49:48,2,1,indoor,window_open,open,closed,afternoon,NNE,19,39,24.80,48.80,room_environment_data_sensor1_session2.csv
2026-09-20T16:50:18,2,1,indoor,window_open,open,closed,afternoon,NNE,19,39,24.90,47.90,room_environment_data_sensor1_session2.csv
2026-09-20T16:50:48,2,1,indoor,window_open,open,closed,afternoon,NNE,19,39,24.90,48.00,room_environment_data_sensor1_session2.csv
2026-09-20T16:51:18,2,1,indoor,window_open,open,closed,afternoon,NNE,19,39,24.90,48.60,room_environment_data_sensor1_session2.csv
2026-09-20T16:51:48,2,1,indoor,window_open,open,closed,afternoon,NNE,19,39,24.90,48.70,room_environment_data_sensor1_session2.csv
2026-09-20T16:52:18,2,1,indoor,window_open,open,closed,afternoon,NNE,19,39,24.80,48.50,room_environment_data_sensor1_session2.csv
2026-09-20T16:52:48,2,1,indoor,window_open,open,closed,afternoon,NNE,19,39,24.80,49.60,room_environment_data_sensor1_session2.csv
2026-09-20T16:53:18,2,1,indoor,window_open,open,closed,afternoon,NNE,19,39,24.80,49.40,room_environment_data_sensor1_session2.csv
2026-09-20T16:53:48,2,1,indoor,window_open,open,closed,afternoon,NNE,19,39,24.80,49.50,room_environment_data_sensor1_session2.csv
2026-09-20T16:54:18,2,1,indoor,window_open,open,closed,afternoon,NNE,19,39,24.80,49.80,room_environment_data_sensor1_session2.csv
2026-09-20T16:54:48,2,1,indoor,window_open,open,closed,afternoon,NNE,19,39,24.80,50.00,room_environment_data_sensor1_session2.csv
2026-09-20T16:55:18,2,1,indoor,window_open,open,closed,afternoon,NNE,19,39,24.80,50.20,room_environment_data_sensor1_session2.csv
2026-09-20T16:55:48,2,1,indoor,window_open,open,closed,afternoon,NNE,19,39,24.70,50.50,room_environment_data_sensor1_session2.csv
2026-09-20T16:56:18,2,1,indoor,window_open,open,closed,afternoon,NNE,19,39,24.80,49.90,room_environment_data_sensor1_session2.csv
2026-09-20T16:56:48,2,1,indoor,window_open,open,closed,afternoon,NNE,19,39,24.80,49.10,room_environment_data_sensor1_session2.csv
2026-09-20T16:57:18,2,1,indoor,window_open,open,closed,afternoon,NNE,19,39,24.80,49.30,room_environment_data_sensor1_session2.csv
2026-09-20T16:57:48,2,1,indoor,window_open,open,closed,afternoon,NNE,19,39,24.80,49.00,room_environment_data_sensor1_session2.csv
2026-09-20T16:58:18,2,1,indoor,window_open,open,closed,afternoon,NNE,19,39,24.80,49.10,room_environment_data_sensor1_session2.csv
2026-09-20T16:58:48,2,1,indoor,window_open,open,closed,afternoon,NNE,19,39,24.80,49.30,room_environment_data_sensor1_session2.csv
2026-09-20T16:59:18,2,1,indoor,window_open,open,closed,afternoon,NNE,19,39,24.70,49.10,room_environment_data_sensor1_session2.csv
2026-09-20T16:59:48,2,1,indoor,window_open,open,closed,afternoon,NNE,19,39,24.70,49.10,room_environment_data_sensor1_session2.csv
2026-09-20T17:00:18,2,1,indoor,recovery,closed,closed,afternoon,NNE,19,39,24.70,49.40,room_environment_data_sensor1_session2.csv
2026-09-20T17:00:48,2,1,indoor,recovery,closed,closed,afternoon,NNE,19,39,24.70,50.20,room_environment_data_sensor1_session2.csv
2026-09-20T17:01:18,2,1,indoor,recovery,closed,closed,afternoon,NNE,19,39,24.60,49.90,room_environment_data_sensor1_session2.csv
2026-09-20T17:01:48,2,1,indoor,recovery,closed,closed,afternoon,NNE,19,39,24.60,50.40,room_environment_data_sensor1_session2.csv
2026-09-20T17:02:18,2,1,indoor,recovery,closed,closed,afternoon,NNE,19,39,24.60,50.60,room_environment_data_sensor1_session2.csv
2026-09-20T17:02:48,2,1,indoor,recovery,closed,closed,afternoon,NNE,19,39,24.60,50.80,room_environment_data_sensor1_session2.csv
2026-09-20T17:03:18,2,1,indoor,recovery,closed,closed,afternoon,NNE,19,39,24.60,50.90,room_environment_data_sensor1_session2.csv
2026-09-20T17:03:48,2,1,indoor,recovery,closed,closed,afternoon,NNE,19,39,24.60,51.10,room_environment_data_sensor1_session2.csv
2026-09-20T17:04:18,2,1,indoor,recovery,closed,closed,afternoon,NNE,19,39,24.60,51.20,room_environment_data_sensor1_session2.csv
2026-09-20T17:04:48,2,1,indoor,recovery,closed,closed,afternoon,NNE,19,39,24.60,51.10,room_environment_data_sensor1_session2.csv
2026-09-20T17:05:18,2,1,indoor,recovery,closed,closed,afternoon,NNE,19,39,24.60,50.90,room_environment_data_sensor1_session2.csv
2026-09-20T17:05:48,2,1,indoor,recovery,closed,closed,afternoon,NNE,19,39,24.60,50.80,room_environment_data_sensor1_session2.csv
2026-09-20T17:06:18,2,1,indoor,recovery,closed,closed,afternoon,NNE,19,39,24.70,50.90,room_environment_data_sensor1_session2.csv
2026-09-20T17:06:48,2,1,indoor,recovery,closed,closed,afternoon,NNE,19,39,24.70,51.40,room_environment_data_sensor1_session2.csv
2026-09-20T17:07:18,2,1,indoor,recovery,closed,closed,afternoon,NNE,19,39,24.70,51.30,room_environment_data_sensor1_session2.csv
2026-09-20T17:07:48,2,1,indoor,recovery,closed,closed,afternoon,NNE,19,39,24.70,51.10,room_environment_data_sensor1_session2.csv
2026-09-20T17:08:18,2,1,indoor,recovery,closed,closed,afternoon,NNE,19,39,24.70,51.10,room_environment_data_sensor1_session2.csv
2026-09-20T17:08:48,2,1,indoor,recovery,closed,closed,afternoon,NNE,19,39,24.70,51.10,room_environment_data_sensor1_session2.csv
2026-09-20T17:09:18,2,1,indoor,recovery,closed,closed,afternoon,NNE,19,39,24.70,51.10,room_environment_data_sensor1_session2.csv
2026-09-20T17:09:48,2,1,indoor,recovery,closed,closed,afternoon,NNE,19,39,24.70,51.10,room_environment_data_sensor1_session2.csv
2026-09-20T17:10:18,2,1,indoor,recovery,closed,closed,afternoon,NNE,19,39,24.70,51.10,room_environment_data_sensor1_session2.csv
2026-09-20T17:10:48,2,1,indoor,recovery,closed,closed,afternoon,NNE,19,39,24.70,51.10,room_environment_data_sensor1_session2.csv
2026-09-20T17:11:18,2,1,indoor,recovery,closed,closed,afternoon,NNE,19,39,24.70,51.00,room_environment_data_sensor1_session2.csv
2026-09-20T17:11:48,2,1,indoor,recovery,closed,closed,afternoon,NNE,19,39,24.70,51.00,room_environment_data_sensor1_session2.csv
2026-09-20T17:12:18,2,1,indoor,recovery,closed,closed,afternoon,NNE,19,39,24.70,51.00,room_environment_data_sensor1_session2.csv
2026-09-20T17:12:48,2,1,indoor,recovery,closed,closed,afternoon,NNE,19,39,24.70,51.00,room_environment_data_sensor1_session2.csv
2026-09-20T17:13:18,2,1,indoor,recovery,closed,closed,afternoon,NNE,19,39,24.70,50.80,room_environment_data_sensor1_session2.csv
2026-09-20T17:13:48,2,1,indoor,recovery,closed,closed,afternoon,NNE,19,39,24.70,50.80,room_environment_data_sensor1_session2.csv
2026-09-20T17:14:18,2,1,indoor,recovery,closed,closed,afternoon,NNE,19,39,24.70,50.80,room_environment_data_sensor1_session2.csv
2026-09-20T17:14:48,2,1,indoor,recovery,closed,closed,afternoon,NNE,19,39,24.70,50.80,room_environment_data_sensor1_session2.csv
2026-09-20T17:15:18,2,1,indoor,recovery,closed,closed,afternoon,NNE,19,39,24.70,50.60,room_environment_data_sensor1_session2.csv
2026-09-20T17:15:48,2,1,indoor,recovery,closed,closed,afternoon,NNE,19,39,24.70,50.60,room_environment_data_sensor1_session2.csv
2026-09-20T17:16:18,2,1,indoor,recovery,closed,closed,afternoon,NNE,19,39,24.80,50.70,room_environment_data_sensor1_session2.csv
2026-09-20T17:16:48,2,1,indoor,recovery,closed,closed,afternoon,NNE,19,39,24.70,51.00,room_environment_data_sensor1_session2.csv
2026-09-20T17:17:18,2,1,indoor,recovery,closed,closed,afternoon,NNE,19,39,24.80,51.00,room_environment_data_sensor1_session2.csv
2026-09-20T17:17:48,2,1,indoor,recovery,closed,closed,afternoon,NNE,19,39,24.70,51.20,room_environment_data_sensor1_session2.csv
2026-09-20T17:18:18,2,1,indoor,recovery,closed,closed,afternoon,NNE,19,39,24.80,51.20,room_environment_data_sensor1_session2.csv
2026-09-20T17:18:48,2,1,indoor,recovery,closed,closed,afternoon,NNE,19,39,24.70,51.00,room_environment_data_sensor1_session2.csv
2026-09-20T17:19:18,2,1,indoor,recovery,closed,closed,afternoon,NNE,19,39,24.80,51.20,room_environment_data_sensor1_session2.csv
2026-09-20T17:19:48,2,1,indoor,recovery,closed,closed,afternoon,NNE,19,39,24.80,51.20,room_environment_data_sensor1_session2.csv
2026-09-20T17:20:18,2,1,indoor,recovery,closed,closed,afternoon,NNE,19,39,24.80,51.20,room_environment_data_sensor1_session2.csv
2026-09-20T17:20:48,2,1,indoor,recovery,closed,closed,afternoon,NNE,19,39,24.80,51.20,room_environment_data_sensor1_session2.csv
2026-09-20T17:21:18,2,1,indoor,recovery,closed,closed,afternoon,NNE,19,39,24.80,51.20,room_environment_data_sensor1_session2.csv
2026-09-20T17:21:48,2,1,indoor,recovery,closed,closed,afternoon,NNE,19,39,24.80,51.20,room_environment_data_sensor1_session2.csv
2026-09-20T17:22:18,2,1,indoor,recovery,closed,closed,afternoon,NNE,19,39,24.80,51.30,room_environment_data_sensor1_session2.csv
2026-09-20T17:22:48,2,1,indoor,recovery,closed,closed,afternoon,NNE,19,39,24.80,51.40,room_environment_data_sensor1_session2.csv
2026-09-20T17:23:18,2,1,indoor,recovery,closed,closed,afternoon,NNE,19,39,24.80,51.40,room_environment_data_sensor1_session2.csv
2026-09-20T17:23:48,2,1,indoor,recovery,closed,closed,afternoon,NNE,19,39,24.80,51.50,room_environment_data_sensor1_session2.csv
2026-09-20T17:24:18,2,1,indoor,recovery,closed,closed,afternoon,NNE,19,39,24.80,51.70,room_environment_data_sensor1_session2.csv
2026-09-20T17:24:48,2,1,indoor,recovery,closed,closed,afternoon,NNE,19,39,24.80,51.80,room_environment_data_sensor1_session2.csv
2026-09-20T17:25:18,2,1,indoor,recovery,closed,closed,afternoon,NNE,19,39,24.80,51.90,room_environment_data_sensor1_session2.csv
2026-09-20T17:25:48,2,1,indoor,recovery,closed,closed,afternoon,NNE,19,39,24.80,52.00,room_environment_data_sensor1_session2.csv
2026-09-20T17:26:18,2,1,indoor,recovery,closed,closed,afternoon,NNE,19,39,24.80,51.80,room_environment_data_sensor1_session2.csv
2026-09-20T17:26:48,2,1,indoor,recovery,closed,closed,afternoon,NNE,19,39,24.80,51.90,room_environment_data_sensor1_session2.csv
2026-09-20T17:27:18,2,1,indoor,recovery,closed,closed,afternoon,NNE,19,39,24.80,51.90,room_environment_data_sensor1_session2.csv
2026-09-20T17:27:48,2,1,indoor,recovery,closed,closed,afternoon,NNE,19,39,24.80,52.00,room_environment_data_sensor1_session2.csv
2026-09-20T17:28:18,2,1,indoor,recovery,closed,closed,afternoon,NNE,19,39,24.80,52.00,room_environment_data_sensor1_session2.csv
2026-09-20T17:28:48,2,1,indoor,recovery,closed,closed,afternoon,NNE,19,39,24.80,52.10,room_environment_data_sensor1_session2.csv
2026-09-20T17:29:18,2,1,indoor,recovery,closed,closed,afternoon,NNE,19,39,24.80,52.10,room_environment_data_sensor1_session2.csv
2026-09-20T17:29:48,2,1,indoor,recovery,closed,closed,afternoon,NNE,19,39,24.80,52.10,room_environment_data_sensor1_session2.csv
2026-09-20T17:30:18,2,1,indoor,recovery,closed,closed,afternoon,NNE,19,39,24.80,52.10,room_environment_data_sensor1_session2.csv
2026-09-20T17:30:48,2,1,indoor,recovery,closed,closed,afternoon,NNE,19,39,24.80,52.10,room_environment_data_sensor1_session2.csv
2026-09-20T17:31:18,2,1,indoor,recovery,closed,closed,afternoon,NNE,19,39,24.80,52.10,room_environment_data_sensor1_session2.csv
2026-09-20T17:31:48,2,1,indoor,recovery,closed,closed,afternoon,NNE,19,39,24.80,52.20,room_environment_data_sensor1_session2.csv
2026-09-20T17:32:18,2,1,indoor,recovery,closed,closed,afternoon,NNE,19,39,24.80,52.30,room_environment_data_sensor1_session2.csv
2026-09-20T17:32:48,2,1,indoor,recovery,closed,closed,afternoon,NNE,19,39,24.80,52.20,room_environment_data_sensor1_session2.csv
2026-09-20T17:33:18,2,1,indoor,recovery,closed,closed,afternoon,NNE,19,39,24.80,52.30,room_environment_data_sensor1_session2.csv
2026-09-20T17:33:48,2,1,indoor,recovery,closed,closed,afternoon,NNE,19,39,24.80,52.30,room_environment_data_sensor1_session2.csv
2026-09-20T17:34:18,2,1,indoor,recovery,closed,closed,afternoon,NNE,19,39,24.80,52.30,room_environment_data_sensor1_session2.csv
2026-09-20T17:34:48,2,1,indoor,recovery,closed,closed,afternoon,NNE,19,39,24.80,52.30,room_environment_data_sensor1_session2.csv
2026-09-20T17:35:18,2,1,indoor,recovery,closed,closed,afternoon,NNE,19,39,24.80,52.40,room_environment_data_sensor1_session2.csv
2026-09-20T17:35:48,2,1,indoor,recovery,closed,closed,afternoon,NNE,19,39,24.80,52.40,room_environment_data_sensor1_session2.csv
2026-09-20T17:36:18,2,1,indoor,recovery,closed,closed,afternoon,NNE,19,39,24.80,52.40,room_environment_data_sensor1_session2.csv
2026-09-20T17:36:48,2,1,indoor,recovery,closed,closed,afternoon,NNE,19,39,24.80,52.40,room_environment_data_sensor1_session2.csv
2026-09-20T17:37:18,2,1,indoor,recovery,closed,closed,afternoon,NNE,19,39,24.80,52.40,room_environment_data_sensor1_session2.csv
2026-09-20T17:37:48,2,1,indoor,recovery,closed,closed,afternoon,NNE,19,39,24.80,52.40,room_environment_data_sensor1_session2.csv
2026-09-20T17:38:18,2,1,indoor,recovery,closed,closed,afternoon,NNE,19,39,24.70,52.50,room_environment_data_sensor1_session2.csv
2026-09-20T17:38:48,2,1,indoor,recovery,closed,closed,afternoon,NNE,19,39,24.80,52.50,room_environment_data_sensor1_session2.csv
2026-09-20T17:39:18,2,1,indoor,recovery,closed,closed,afternoon,NNE,19,39,24.70,52.50,room_environment_data_sensor1_session2.csv
2026-09-20T17:39:48,2,1,indoor,recovery,closed,closed,afternoon,NNE,19,39,24.70,52.50,room_environment_data_sensor1_session2.csv
2026-09-20T17:40:18,2,1,indoor,recovery,closed,closed,afternoon,NNE,19,39,24.80,52.40,room_environment_data_sensor1_session2.csv
2026-09-20T17:40:48,2,1,indoor,recovery,closed,closed,afternoon,NNE,19,39,24.70,52.50,room_environment_data_sensor1_session2.csv
2026-09-20T17:41:18,2,1,indoor,recovery,closed,closed,afternoon,NNE,19,39,24.70,52.50,room_environment_data_sensor1_session2.csv
2026-09-20T17:41:48,2,1,indoor,recovery,closed,closed,afternoon,NNE,19,39,24.80,52.50,room_environment_data_sensor1_session2.csv
2026-09-20T17:42:18,2,1,indoor,recovery,closed,closed,afternoon,NNE,19,39,24.70,52.60,room_environment_data_sensor1_session2.csv
2026-09-20T17:42:48,2,1,indoor,recovery,closed,closed,afternoon,NNE,19,39,24.70,52.60,room_environment_data_sensor1_session2.csv
2026-09-20T17:43:18,2,1,indoor,recovery,closed,closed,afternoon,NNE,19,39,24.70,52.60,room_environment_data_sensor1_session2.csv
2026-09-20T17:43:48,2,1,indoor,recovery,closed,closed,afternoon,NNE,19,39,24.70,52.60,room_environment_data_sensor1_session2.csv
2026-09-20T17:44:18,2,1,indoor,recovery,closed,closed,afternoon,NNE,19,39,24.70,52.60,room_environment_data_sensor1_session2.csv
2026-09-20T17:44:48,2,1,indoor,recovery,closed,closed,afternoon,NNE,19,39,24.70,52.60,room_environment_data_sensor1_session2.csv
2026-09-20T17:45:18,2,1,indoor,recovery,closed,closed,afternoon,NNE,19,39,24.70,52.60,room_environment_data_sensor1_session2.csv
2026-09-20T17:45:48,2,1,indoor,recovery,closed,closed,afternoon,NNE,19,39,24.70,52.60,room_environment_data_sensor1_session2.csv
2026-09-20T17:46:18,2,1,indoor,recovery,closed,closed,afternoon,NNE,19,39,24.70,52.70,room_environment_data_sensor1_session2.csv
2026-09-20T17:46:48,2,1,indoor,recovery,closed,closed,afternoon,NNE,19,39,24.70,52.70,room_environment_data_sensor1_session2.csv
2026-09-20T17:47:18,2,1,indoor,recovery,closed,closed,afternoon,NNE,19,39,24.70,52.70,room_environment_data_sensor1_session2.csv
2026-09-20T17:47:48,2,1,indoor,recovery,closed,closed,afternoon,NNE,19,39,24.70,52.70,room_environment_data_sensor1_session2.csv
2026-09-20T17:48:18,2,1,indoor,recovery,closed,closed,afternoon,NNE,19,39,24.70,52.70,room_environment_data_sensor1_session2.csv
2026-09-20T17:48:48,2,1,indoor,recovery,closed,closed,afternoon,NNE,19,39,24.70,52.70,room_environment_data_sensor1_session2.csv
2026-09-20T17:49:18,2,1,indoor,recovery,closed,closed,afternoon,NNE,19,39,24.70,52.70,room_environment_data_sensor1_session2.csv
2026-09-20T17:49:48,2,1,indoor,recovery,closed,closed,afternoon,NNE,19,39,24.70,52.70,room_environment_data_sensor1_session2.csv
2026-09-20T17:50:18,2,1,indoor,recovery,closed,closed,afternoon,NNE,19,39,24.70,52.70,room_environment_data_sensor1_session2.csv
2026-09-20T17:50:48,2,1,indoor,recovery,closed,closed,afternoon,NNE,19,39,24.70,52.80,room_environment_data_sensor1_session2.csv
2026-09-20T17:51:18,2,1,indoor,recovery,closed,closed,afternoon,NNE,19,39,24.70,52.80,room_environment_data_sensor1_session2.csv
2026-09-20T17:51:48,2,1,indoor,recovery,closed,closed,afternoon,NNE,19,39,24.70,52.80,room_environment_data_sensor1_session2.csv
2026-09-20T17:52:19,2,1,indoor,recovery,closed,closed,afternoon,NNE,19,39,24.70,52.90,room_environment_data_sensor1_session2.csv
2026-09-20T17:52:49,2,1,indoor,recovery,closed,closed,afternoon,NNE,19,39,24.70,53.00,room_environment_data_sensor1_session2.csv
2026-09-20T17:53:19,2,1,indoor,recovery,closed,closed,afternoon,NNE,19,39,24.70,53.00,room_environment_data_sensor1_session2.csv
2026-09-20T17:53:49,2,1,indoor,recovery,closed,closed,afternoon,NNE,19,39,24.70,53.00,room_environment_data_sensor1_session2.csv
2026-09-20T17:54:19,2,1,indoor,recovery,closed,closed,afternoon,NNE,19,39,24.70,52.90,room_environment_data_sensor1_session2.csv
2026-09-20T17:54:49,2,1,indoor,recovery,closed,closed,afternoon,NNE,19,39,24.70,53.00,room_environment_data_sensor1_session2.csv
2026-09-20T17:55:19,2,1,indoor,recovery,closed,closed,afternoon,NNE,19,39,24.70,52.90,room_environment_data_sensor1_session2.csv
2026-09-20T17:55:49,2,1,indoor,recovery,closed,closed,afternoon,NNE,19,39,24.70,52.90,room_environment_data_sensor1_session2.csv
2026-09-20T17:56:19,2,1,indoor,recovery,closed,closed,afternoon,NNE,19,39,24.70,53.00,room_environment_data_sensor1_session2.csv
2026-09-20T17:56:49,2,1,indoor,recovery,closed,closed,afternoon,NNE,19,39,24.70,52.90,room_environment_data_sensor1_session2.csv
2026-09-20T17:57:19,2,1,indoor,recovery,closed,closed,afternoon,NNE,19,39,24.70,53.00,room_environment_data_sensor1_session2.csv
2026-09-20T17:57:49,2,1,indoor,recovery,closed,closed,afternoon,NNE,19,39,24.70,53.00,room_environment_data_sensor1_session2.csv
2026-09-20T17:58:19,2,1,indoor,recovery,closed,closed,afternoon,NNE,19,39,24.70,53.00,room_environment_data_sensor1_session2.csv
2026-09-20T17:58:49,2,1,indoor,recovery,closed,closed,afternoon,NNE,19,39,24.70,53.00,room_environment_data_sensor1_session2.csv
2026-09-20T17:59:19,2,1,indoor,recovery,closed,closed,afternoon,NNE,19,39,24.70,53.00,room_environment_data_sensor1_session2.csv
2026-09-20T17:59:49,2,1,indoor,recovery,closed,closed,afternoon,NNE,19,39,24.70,53.00,room_environment_data_sensor1_session2.csv
2026-09-20T15:00:20,2,2,outdoor,baseline,closed,closed,afternoon,NNE,19,39,29.00,23.60,room_environment_data_sensor2_session2.csv
2026-09-20T15:00:50,2,2,outdoor,baseline,closed,closed,afternoon,NNE,19,39,29.00,23.40,room_environment_data_sensor2_session2.csv
2026-09-20T15:01:20,2,2,outdoor,baseline,closed,closed,afternoon,NNE,19,39,29.20,23.70,room_environment_data_sensor2_session2.csv
2026-09-20T15:01:50,2,2,outdoor,baseline,closed,closed,afternoon,NNE,19,39,29.20,23.30,room_environment_data_sensor2_session2.csv
2026-09-20T15:02:20,2,2,outdoor,baseline,closed,closed,afternoon,NNE,19,39,29.00,23.40,room_environment_data_sensor2_session2.csv
2026-09-20T15:02:50,2,2,outdoor,baseline,closed,closed,afternoon,NNE,19,39,29.10,23.60,room_environment_data_sensor2_session2.csv
2026-09-20T15:03:20,2,2,outdoor,baseline,closed,closed,afternoon,NNE,19,39,29.30,24.10,room_environment_data_sensor2_session2.csv
2026-09-20T15:03:50,2,2,outdoor,baseline,closed,closed,afternoon,NNE,19,39,29.20,24.30,room_environment_data_sensor2_session2.csv
2026-09-20T15:04:20,2,2,outdoor,baseline,closed,closed,afternoon,NNE,19,39,28.90,23.50,room_environment_data_sensor2_session2.csv
2026-09-20T15:04:50,2,2,outdoor,baseline,closed,closed,afternoon,NNE,19,39,28.80,23.50,room_environment_data_sensor2_session2.csv
2026-09-20T15:05:20,2,2,outdoor,baseline,closed,closed,afternoon,NNE,19,39,28.90,24.20,room_environment_data_sensor2_session2.csv
2026-09-20T15:05:51,2,2,outdoor,baseline,closed,closed,afternoon,NNE,19,39,28.80,24.00,room_environment_data_sensor2_session2.csv
2026-09-20T15:06:21,2,2,outdoor,baseline,closed,closed,afternoon,NNE,19,39,28.70,23.90,room_environment_data_sensor2_session2.csv
2026-09-20T15:06:51,2,2,outdoor,baseline,closed,closed,afternoon,NNE,19,39,28.50,24.10,room_environment_data_sensor2_session2.csv
2026-09-20T15:07:21,2,2,outdoor,baseline,closed,closed,afternoon,NNE,19,39,28.50,24.80,room_environment_data_sensor2_session2.csv
2026-09-20T15:07:51,2,2,outdoor,baseline,closed,closed,afternoon,NNE,19,39,28.20,24.70,room_environment_data_sensor2_session2.csv
2026-09-20T15:08:21,2,2,outdoor,baseline,closed,closed,afternoon,NNE,19,39,28.30,24.40,room_environment_data_sensor2_session2.csv
2026-09-20T15:08:51,2,2,outdoor,baseline,closed,closed,afternoon,NNE,19,39,28.10,24.30,room_environment_data_sensor2_session2.csv
2026-09-20T15:09:21,2,2,outdoor,baseline,closed,closed,afternoon,NNE,19,39,28.10,24.50,room_environment_data_sensor2_session2.csv
2026-09-20T15:09:51,2,2,outdoor,baseline,closed,closed,afternoon,NNE,19,39,28.30,24.90,room_environment_data_sensor2_session2.csv
2026-09-20T15:10:21,2,2,outdoor,baseline,closed,closed,afternoon,NNE,19,39,28.30,23.80,room_environment_data_sensor2_session2.csv
2026-09-20T15:10:51,2,2,outdoor,baseline,closed,closed,afternoon,NNE,19,39,28.60,24.20,room_environment_data_sensor2_session2.csv
2026-09-20T15:11:21,2,2,outdoor,baseline,closed,closed,afternoon,NNE,19,39,28.70,23.50,room_environment_data_sensor2_session2.csv
2026-09-20T15:11:51,2,2,outdoor,baseline,closed,closed,afternoon,NNE,19,39,29.00,23.70,room_environment_data_sensor2_session2.csv
2026-09-20T15:12:21,2,2,outdoor,baseline,closed,closed,afternoon,NNE,19,39,28.70,23.50,room_environment_data_sensor2_session2.csv
2026-09-20T15:12:51,2,2,outdoor,baseline,closed,closed,afternoon,NNE,19,39,28.90,23.70,room_environment_data_sensor2_session2.csv
2026-09-20T15:13:21,2,2,outdoor,baseline,closed,closed,afternoon,NNE,19,39,28.80,23.60,room_environment_data_sensor2_session2.csv
2026-09-20T15:13:51,2,2,outdoor,baseline,closed,closed,afternoon,NNE,19,39,28.90,23.60,room_environment_data_sensor2_session2.csv
2026-09-20T15:14:22,2,2,outdoor,baseline,closed,closed,afternoon,NNE,19,39,28.60,23.10,room_environment_data_sensor2_session2.csv
2026-09-20T15:14:52,2,2,outdoor,baseline,closed,closed,afternoon,NNE,19,39,28.50,23.70,room_environment_data_sensor2_session2.csv
2026-09-20T15:15:22,2,2,outdoor,baseline,closed,closed,afternoon,NNE,19,39,28.60,23.60,room_environment_data_sensor2_session2.csv
2026-09-20T15:15:52,2,2,outdoor,baseline,closed,closed,afternoon,NNE,19,39,28.70,23.90,room_environment_data_sensor2_session2.csv
2026-09-20T15:16:22,2,2,outdoor,baseline,closed,closed,afternoon,NNE,19,39,28.40,24.00,room_environment_data_sensor2_session2.csv
2026-09-20T15:16:52,2,2,outdoor,baseline,closed,closed,afternoon,NNE,19,39,28.30,24.30,room_environment_data_sensor2_session2.csv
2026-09-20T15:17:22,2,2,outdoor,baseline,closed,closed,afternoon,NNE,19,39,28.00,24.40,room_environment_data_sensor2_session2.csv
2026-09-20T15:17:52,2,2,outdoor,baseline,closed,closed,afternoon,NNE,19,39,28.10,24.70,room_environment_data_sensor2_session2.csv
2026-09-20T15:18:22,2,2,outdoor,baseline,closed,closed,afternoon,NNE,19,39,28.10,25.00,room_environment_data_sensor2_session2.csv
2026-09-20T15:18:52,2,2,outdoor,baseline,closed,closed,afternoon,NNE,19,39,28.20,25.00,room_environment_data_sensor2_session2.csv
2026-09-20T15:19:22,2,2,outdoor,baseline,closed,closed,afternoon,NNE,19,39,28.20,24.90,room_environment_data_sensor2_session2.csv
2026-09-20T15:19:52,2,2,outdoor,baseline,closed,closed,afternoon,NNE,19,39,28.30,25.40,room_environment_data_sensor2_session2.csv
2026-09-20T15:20:22,2,2,outdoor,baseline,closed,closed,afternoon,NNE,19,39,28.30,25.20,room_environment_data_sensor2_session2.csv
2026-09-20T15:20:52,2,2,outdoor,baseline,closed,closed,afternoon,NNE,19,39,28.30,24.60,room_environment_data_sensor2_session2.csv
2026-09-20T15:21:22,2,2,outdoor,baseline,closed,closed,afternoon,NNE,19,39,28.30,24.50,room_environment_data_sensor2_session2.csv
2026-09-20T15:21:52,2,2,outdoor,baseline,closed,closed,afternoon,NNE,19,39,28.10,24.60,room_environment_data_sensor2_session2.csv
2026-09-20T15:22:23,2,2,outdoor,baseline,closed,closed,afternoon,NNE,19,39,28.20,24.70,room_environment_data_sensor2_session2.csv
2026-09-20T15:22:53,2,2,outdoor,baseline,closed,closed,afternoon,NNE,19,39,28.10,24.30,room_environment_data_sensor2_session2.csv
2026-09-20T15:23:23,2,2,outdoor,baseline,closed,closed,afternoon,NNE,19,39,28.30,24.40,room_environment_data_sensor2_session2.csv
2026-09-20T15:23:53,2,2,outdoor,baseline,closed,closed,afternoon,NNE,19,39,28.30,24.20,room_environment_data_sensor2_session2.csv
2026-09-20T15:24:23,2,2,outdoor,baseline,closed,closed,afternoon,NNE,19,39,28.40,24.10,room_environment_data_sensor2_session2.csv
2026-09-20T15:24:53,2,2,outdoor,baseline,closed,closed,afternoon,NNE,19,39,28.60,24.20,room_environment_data_sensor2_session2.csv
2026-09-20T15:25:23,2,2,outdoor,baseline,closed,closed,afternoon,NNE,19,39,28.50,24.00,room_environment_data_sensor2_session2.csv
2026-09-20T15:25:53,2,2,outdoor,baseline,closed,closed,afternoon,NNE,19,39,28.70,24.00,room_environment_data_sensor2_session2.csv
2026-09-20T15:26:23,2,2,outdoor,baseline,closed,closed,afternoon,NNE,19,39,28.60,23.90,room_environment_data_sensor2_session2.csv
2026-09-20T15:26:53,2,2,outdoor,baseline,closed,closed,afternoon,NNE,19,39,28.60,24.10,room_environment_data_sensor2_session2.csv
2026-09-20T15:27:23,2,2,outdoor,baseline,closed,closed,afternoon,NNE,19,39,28.30,24.20,room_environment_data_sensor2_session2.csv
2026-09-20T15:27:53,2,2,outdoor,baseline,closed,closed,afternoon,NNE,19,39,28.20,24.40,room_environment_data_sensor2_session2.csv
2026-09-20T15:28:23,2,2,outdoor,baseline,closed,closed,afternoon,NNE,19,39,27.90,24.70,room_environment_data_sensor2_session2.csv
2026-09-20T15:28:53,2,2,outdoor,baseline,closed,closed,afternoon,NNE,19,39,27.80,25.00,room_environment_data_sensor2_session2.csv
2026-09-20T15:29:23,2,2,outdoor,baseline,closed,closed,afternoon,NNE,19,39,27.80,24.60,room_environment_data_sensor2_session2.csv
2026-09-20T15:29:53,2,2,outdoor,baseline,closed,closed,afternoon,NNE,19,39,27.80,24.80,room_environment_data_sensor2_session2.csv
2026-09-20T15:30:23,2,2,outdoor,baseline,closed,closed,afternoon,NNE,19,39,27.80,24.70,room_environment_data_sensor2_session2.csv
2026-09-20T15:30:54,2,2,outdoor,baseline,closed,closed,afternoon,NNE,19,39,27.80,24.70,room_environment_data_sensor2_session2.csv
2026-09-20T15:31:24,2,2,outdoor,baseline,closed,closed,afternoon,NNE,19,39,27.70,24.80,room_environment_data_sensor2_session2.csv
2026-09-20T15:31:54,2,2,outdoor,baseline,closed,closed,afternoon,NNE,19,39,27.60,25.00,room_environment_data_sensor2_session2.csv
2026-09-20T15:32:24,2,2,outdoor,baseline,closed,closed,afternoon,NNE,19,39,27.60,25.20,room_environment_data_sensor2_session2.csv
2026-09-20T15:32:54,2,2,outdoor,baseline,closed,closed,afternoon,NNE,19,39,27.70,25.30,room_environment_data_sensor2_session2.csv
2026-09-20T15:33:24,2,2,outdoor,baseline,closed,closed,afternoon,NNE,19,39,27.70,25.40,room_environment_data_sensor2_session2.csv
2026-09-20T15:33:54,2,2,outdoor,baseline,closed,closed,afternoon,NNE,19,39,27.60,25.30,room_environment_data_sensor2_session2.csv
2026-09-20T15:34:24,2,2,outdoor,baseline,closed,closed,afternoon,NNE,19,39,27.50,25.00,room_environment_data_sensor2_session2.csv
2026-09-20T15:34:54,2,2,outdoor,baseline,closed,closed,afternoon,NNE,19,39,27.40,25.20,room_environment_data_sensor2_session2.csv
2026-09-20T15:35:24,2,2,outdoor,baseline,closed,closed,afternoon,NNE,19,39,27.30,25.40,room_environment_data_sensor2_session2.csv
2026-09-20T15:35:54,2,2,outdoor,baseline,closed,closed,afternoon,NNE,19,39,27.30,25.40,room_environment_data_sensor2_session2.csv
2026-09-20T15:36:24,2,2,outdoor,baseline,closed,closed,afternoon,NNE,19,39,27.30,25.50,room_environment_data_sensor2_session2.csv
2026-09-20T15:36:54,2,2,outdoor,baseline,closed,closed,afternoon,NNE,19,39,27.30,25.60,room_environment_data_sensor2_session2.csv
2026-09-20T15:37:24,2,2,outdoor,baseline,closed,closed,afternoon,NNE,19,39,27.40,25.60,room_environment_data_sensor2_session2.csv
2026-09-20T15:37:54,2,2,outdoor,baseline,closed,closed,afternoon,NNE,19,39,27.40,25.50,room_environment_data_sensor2_session2.csv
2026-09-20T15:38:24,2,2,outdoor,baseline,closed,closed,afternoon,NNE,19,39,27.40,26.00,room_environment_data_sensor2_session2.csv
2026-09-20T15:38:54,2,2,outdoor,baseline,closed,closed,afternoon,NNE,19,39,27.40,26.10,room_environment_data_sensor2_session2.csv
2026-09-20T15:39:25,2,2,outdoor,baseline,closed,closed,afternoon,NNE,19,39,27.50,25.90,room_environment_data_sensor2_session2.csv
2026-09-20T15:39:55,2,2,outdoor,baseline,closed,closed,afternoon,NNE,19,39,27.50,25.60,room_environment_data_sensor2_session2.csv
2026-09-20T15:40:25,2,2,outdoor,baseline,closed,closed,afternoon,NNE,19,39,27.60,25.90,room_environment_data_sensor2_session2.csv
2026-09-20T15:40:55,2,2,outdoor,baseline,closed,closed,afternoon,NNE,19,39,27.50,25.60,room_environment_data_sensor2_session2.csv
2026-09-20T15:41:25,2,2,outdoor,baseline,closed,closed,afternoon,NNE,19,39,27.40,25.50,room_environment_data_sensor2_session2.csv
2026-09-20T15:41:55,2,2,outdoor,baseline,closed,closed,afternoon,NNE,19,39,27.30,25.80,room_environment_data_sensor2_session2.csv
2026-09-20T15:42:25,2,2,outdoor,baseline,closed,closed,afternoon,NNE,19,39,27.40,25.90,room_environment_data_sensor2_session2.csv
2026-09-20T15:42:55,2,2,outdoor,baseline,closed,closed,afternoon,NNE,19,39,27.40,25.90,room_environment_data_sensor2_session2.csv
2026-09-20T15:43:25,2,2,outdoor,baseline,closed,closed,afternoon,NNE,19,39,27.30,26.30,room_environment_data_sensor2_session2.csv
2026-09-20T15:43:55,2,2,outdoor,baseline,closed,closed,afternoon,NNE,19,39,27.20,26.00,room_environment_data_sensor2_session2.csv
2026-09-20T15:44:25,2,2,outdoor,baseline,closed,closed,afternoon,NNE,19,39,27.30,26.30,room_environment_data_sensor2_session2.csv
2026-09-20T15:44:55,2,2,outdoor,baseline,closed,closed,afternoon,NNE,19,39,27.30,26.30,room_environment_data_sensor2_session2.csv
2026-09-20T15:45:25,2,2,outdoor,baseline,closed,closed,afternoon,NNE,19,39,27.20,26.40,room_environment_data_sensor2_session2.csv
2026-09-20T15:45:55,2,2,outdoor,baseline,closed,closed,afternoon,NNE,19,39,27.20,26.00,room_environment_data_sensor2_session2.csv
2026-09-20T15:46:25,2,2,outdoor,baseline,closed,closed,afternoon,NNE,19,39,27.20,26.30,room_environment_data_sensor2_session2.csv
2026-09-20T15:46:55,2,2,outdoor,baseline,closed,closed,afternoon,NNE,19,39,27.40,26.10,room_environment_data_sensor2_session2.csv
2026-09-20T15:47:25,2,2,outdoor,baseline,closed,closed,afternoon,NNE,19,39,27.50,25.90,room_environment_data_sensor2_session2.csv
2026-09-20T15:47:56,2,2,outdoor,baseline,closed,closed,afternoon,NNE,19,39,27.70,26.00,room_environment_data_sensor2_session2.csv
2026-09-20T15:48:26,2,2,outdoor,baseline,closed,closed,afternoon,NNE,19,39,27.60,25.50,room_environment_data_sensor2_session2.csv
2026-09-20T15:48:56,2,2,outdoor,baseline,closed,closed,afternoon,NNE,19,39,27.70,25.30,room_environment_data_sensor2_session2.csv
2026-09-20T15:49:26,2,2,outdoor,baseline,closed,closed,afternoon,NNE,19,39,27.50,25.50,room_environment_data_sensor2_session2.csv
2026-09-20T15:49:56,2,2,outdoor,baseline,closed,closed,afternoon,NNE,19,39,27.50,25.90,room_environment_data_sensor2_session2.csv
2026-09-20T15:50:26,2,2,outdoor,baseline,closed,closed,afternoon,NNE,19,39,27.30,25.90,room_environment_data_sensor2_session2.csv
2026-09-20T15:50:56,2,2,outdoor,baseline,closed,closed,afternoon,NNE,19,39,27.20,26.00,room_environment_data_sensor2_session2.csv
2026-09-20T15:51:26,2,2,outdoor,baseline,closed,closed,afternoon,NNE,19,39,27.10,26.20,room_environment_data_sensor2_session2.csv
2026-09-20T15:51:56,2,2,outdoor,baseline,closed,closed,afternoon,NNE,19,39,27.20,26.50,room_environment_data_sensor2_session2.csv
2026-09-20T15:52:26,2,2,outdoor,baseline,closed,closed,afternoon,NNE,19,39,27.30,26.20,room_environment_data_sensor2_session2.csv
2026-09-20T15:52:56,2,2,outdoor,baseline,closed,closed,afternoon,NNE,19,39,27.40,26.10,room_environment_data_sensor2_session2.csv
2026-09-20T15:53:26,2,2,outdoor,baseline,closed,closed,afternoon,NNE,19,39,27.40,26.20,room_environment_data_sensor2_session2.csv
2026-09-20T15:53:56,2,2,outdoor,baseline,closed,closed,afternoon,NNE,19,39,27.50,26.10,room_environment_data_sensor2_session2.csv
2026-09-20T15:54:26,2,2,outdoor,baseline,closed,closed,afternoon,NNE,19,39,27.40,26.00,room_environment_data_sensor2_session2.csv
2026-09-20T15:54:56,2,2,outdoor,baseline,closed,closed,afternoon,NNE,19,39,27.40,26.40,room_environment_data_sensor2_session2.csv
2026-09-20T15:55:26,2,2,outdoor,baseline,closed,closed,afternoon,NNE,19,39,27.30,26.10,room_environment_data_sensor2_session2.csv
2026-09-20T15:55:56,2,2,outdoor,baseline,closed,closed,afternoon,NNE,19,39,27.30,26.20,room_environment_data_sensor2_session2.csv
2026-09-20T15:56:27,2,2,outdoor,baseline,closed,closed,afternoon,NNE,19,39,27.20,26.40,room_environment_data_sensor2_session2.csv
2026-09-20T15:56:57,2,2,outdoor,baseline,closed,closed,afternoon,NNE,19,39,27.10,26.60,room_environment_data_sensor2_session2.csv
2026-09-20T15:57:27,2,2,outdoor,baseline,closed,closed,afternoon,NNE,19,39,27.00,26.80,room_environment_data_sensor2_session2.csv
2026-09-20T15:57:57,2,2,outdoor,baseline,closed,closed,afternoon,NNE,19,39,27.00,27.00,room_environment_data_sensor2_session2.csv
2026-09-20T15:58:27,2,2,outdoor,baseline,closed,closed,afternoon,NNE,19,39,26.90,27.00,room_environment_data_sensor2_session2.csv
2026-09-20T15:58:57,2,2,outdoor,baseline,closed,closed,afternoon,NNE,19,39,26.80,27.20,room_environment_data_sensor2_session2.csv
2026-09-20T15:59:27,2,2,outdoor,baseline,closed,closed,afternoon,NNE,19,39,26.90,27.60,room_environment_data_sensor2_session2.csv
2026-09-20T15:59:57,2,2,outdoor,baseline,closed,closed,afternoon,NNE,19,39,26.90,27.30,room_environment_data_sensor2_session2.csv
2026-09-20T16:00:27,2,2,outdoor,window_open,open,closed,afternoon,NNE,19,39,26.90,27.00,room_environment_data_sensor2_session2.csv
2026-09-20T16:00:57,2,2,outdoor,window_open,open,closed,afternoon,NNE,19,39,26.90,27.20,room_environment_data_sensor2_session2.csv
2026-09-20T16:01:27,2,2,outdoor,window_open,open,closed,afternoon,NNE,19,39,26.90,27.40,room_environment_data_sensor2_session2.csv
2026-09-20T16:01:57,2,2,outdoor,window_open,open,closed,afternoon,NNE,19,39,26.90,27.60,room_environment_data_sensor2_session2.csv
2026-09-20T16:02:27,2,2,outdoor,window_open,open,closed,afternoon,NNE,19,39,27.00,27.60,room_environment_data_sensor2_session2.csv
2026-09-20T16:02:57,2,2,outdoor,window_open,open,closed,afternoon,NNE,19,39,27.00,27.10,room_environment_data_sensor2_session2.csv
2026-09-20T16:03:27,2,2,outdoor,window_open,open,closed,afternoon,NNE,19,39,27.10,26.70,room_environment_data_sensor2_session2.csv
2026-09-20T16:03:57,2,2,outdoor,window_open,open,closed,afternoon,NNE,19,39,27.10,26.60,room_environment_data_sensor2_session2.csv
2026-09-20T16:04:27,2,2,outdoor,window_open,open,closed,afternoon,NNE,19,39,27.10,26.30,room_environment_data_sensor2_session2.csv
2026-09-20T16:04:58,2,2,outdoor,window_open,open,closed,afternoon,NNE,19,39,27.20,26.30,room_environment_data_sensor2_session2.csv
2026-09-20T16:05:28,2,2,outdoor,window_open,open,closed,afternoon,NNE,19,39,27.30,25.90,room_environment_data_sensor2_session2.csv
2026-09-20T16:05:58,2,2,outdoor,window_open,open,closed,afternoon,NNE,19,39,27.40,25.80,room_environment_data_sensor2_session2.csv
2026-09-20T16:06:28,2,2,outdoor,window_open,open,closed,afternoon,NNE,19,39,27.60,25.70,room_environment_data_sensor2_session2.csv
2026-09-20T16:06:58,2,2,outdoor,window_open,open,closed,afternoon,NNE,19,39,27.70,25.60,room_environment_data_sensor2_session2.csv
2026-09-20T16:07:28,2,2,outdoor,window_open,open,closed,afternoon,NNE,19,39,27.70,25.30,room_environment_data_sensor2_session2.csv
2026-09-20T16:07:58,2,2,outdoor,window_open,open,closed,afternoon,NNE,19,39,27.80,25.30,room_environment_data_sensor2_session2.csv
2026-09-20T16:08:28,2,2,outdoor,window_open,open,closed,afternoon,NNE,19,39,28.00,25.60,room_environment_data_sensor2_session2.csv
2026-09-20T16:08:58,2,2,outdoor,window_open,open,closed,afternoon,NNE,19,39,27.80,25.30,room_environment_data_sensor2_session2.csv
2026-09-20T16:09:28,2,2,outdoor,window_open,open,closed,afternoon,NNE,19,39,27.80,25.50,room_environment_data_sensor2_session2.csv
2026-09-20T16:09:58,2,2,outdoor,window_open,open,closed,afternoon,NNE,19,39,28.00,25.40,room_environment_data_sensor2_session2.csv
2026-09-20T16:10:28,2,2,outdoor,window_open,open,closed,afternoon,NNE,19,39,28.20,25.40,room_environment_data_sensor2_session2.csv
2026-09-20T16:10:58,2,2,outdoor,window_open,open,closed,afternoon,NNE,19,39,28.30,25.80,room_environment_data_sensor2_session2.csv
2026-09-20T16:11:28,2,2,outdoor,window_open,open,closed,afternoon,NNE,19,39,28.40,25.50,room_environment_data_sensor2_session2.csv
2026-09-20T16:11:58,2,2,outdoor,window_open,open,closed,afternoon,NNE,19,39,28.50,25.10,room_environment_data_sensor2_session2.csv
2026-09-20T16:12:28,2,2,outdoor,window_open,open,closed,afternoon,NNE,19,39,28.50,25.00,room_environment_data_sensor2_session2.csv
2026-09-20T16:12:58,2,2,outdoor,window_open,open,closed,afternoon,NNE,19,39,28.50,25.20,room_environment_data_sensor2_session2.csv
2026-09-20T16:13:29,2,2,outdoor,window_open,open,closed,afternoon,NNE,19,39,28.30,24.70,room_environment_data_sensor2_session2.csv
2026-09-20T16:13:59,2,2,outdoor,window_open,open,closed,afternoon,NNE,19,39,28.30,24.70,room_environment_data_sensor2_session2.csv
2026-09-20T16:14:29,2,2,outdoor,window_open,open,closed,afternoon,NNE,19,39,28.20,24.90,room_environment_data_sensor2_session2.csv
2026-09-20T16:14:59,2,2,outdoor,window_open,open,closed,afternoon,NNE,19,39,28.20,24.80,room_environment_data_sensor2_session2.csv
2026-09-20T16:15:29,2,2,outdoor,window_open,open,closed,afternoon,NNE,19,39,28.20,24.60,room_environment_data_sensor2_session2.csv
2026-09-20T16:15:59,2,2,outdoor,window_open,open,closed,afternoon,NNE,19,39,28.20,24.70,room_environment_data_sensor2_session2.csv
2026-09-20T16:16:29,2,2,outdoor,window_open,open,closed,afternoon,NNE,19,39,27.90,24.80,room_environment_data_sensor2_session2.csv
2026-09-20T16:16:59,2,2,outdoor,window_open,open,closed,afternoon,NNE,19,39,27.70,25.00,room_environment_data_sensor2_session2.csv
2026-09-20T16:17:29,2,2,outdoor,window_open,open,closed,afternoon,NNE,19,39,27.70,25.30,room_environment_data_sensor2_session2.csv
2026-09-20T16:17:59,2,2,outdoor,window_open,open,closed,afternoon,NNE,19,39,27.60,25.50,room_environment_data_sensor2_session2.csv
2026-09-20T16:18:29,2,2,outdoor,window_open,open,closed,afternoon,NNE,19,39,27.60,25.40,room_environment_data_sensor2_session2.csv
2026-09-20T16:18:59,2,2,outdoor,window_open,open,closed,afternoon,NNE,19,39,27.50,25.30,room_environment_data_sensor2_session2.csv
2026-09-20T16:19:29,2,2,outdoor,window_open,open,closed,afternoon,NNE,19,39,27.60,25.40,room_environment_data_sensor2_session2.csv
2026-09-20T16:19:59,2,2,outdoor,window_open,open,closed,afternoon,NNE,19,39,27.60,25.70,room_environment_data_sensor2_session2.csv
2026-09-20T16:20:29,2,2,outdoor,window_open,open,closed,afternoon,NNE,19,39,27.60,25.70,room_environment_data_sensor2_session2.csv
2026-09-20T16:20:59,2,2,outdoor,window_open,open,closed,afternoon,NNE,19,39,27.60,25.90,room_environment_data_sensor2_session2.csv
2026-09-20T16:21:29,2,2,outdoor,window_open,open,closed,afternoon,NNE,19,39,27.40,25.90,room_environment_data_sensor2_session2.csv
2026-09-20T16:22:00,2,2,outdoor,window_open,open,closed,afternoon,NNE,19,39,27.50,25.70,room_environment_data_sensor2_session2.csv
2026-09-20T16:22:30,2,2,outdoor,window_open,open,closed,afternoon,NNE,19,39,27.40,25.60,room_environment_data_sensor2_session2.csv
2026-09-20T16:23:00,2,2,outdoor,window_open,open,closed,afternoon,NNE,19,39,27.40,25.70,room_environment_data_sensor2_session2.csv
2026-09-20T16:23:30,2,2,outdoor,window_open,open,closed,afternoon,NNE,19,39,27.40,26.00,room_environment_data_sensor2_session2.csv
2026-09-20T16:24:00,2,2,outdoor,window_open,open,closed,afternoon,NNE,19,39,27.50,25.60,room_environment_data_sensor2_session2.csv
2026-09-20T16:24:30,2,2,outdoor,window_open,open,closed,afternoon,NNE,19,39,27.50,25.50,room_environment_data_sensor2_session2.csv
2026-09-20T16:25:00,2,2,outdoor,window_open,open,closed,afternoon,NNE,19,39,27.60,25.40,room_environment_data_sensor2_session2.csv
2026-09-20T16:25:30,2,2,outdoor,window_open,open,closed,afternoon,NNE,19,39,27.70,25.20,room_environment_data_sensor2_session2.csv
2026-09-20T16:26:00,2,2,outdoor,window_open,open,closed,afternoon,NNE,19,39,27.80,25.70,room_environment_data_sensor2_session2.csv
2026-09-20T16:26:30,2,2,outdoor,window_open,open,closed,afternoon,NNE,19,39,27.80,25.50,room_environment_data_sensor2_session2.csv
2026-09-20T16:27:00,2,2,outdoor,window_open,open,closed,afternoon,NNE,19,39,27.80,25.00,room_environment_data_sensor2_session2.csv
2026-09-20T16:27:30,2,2,outdoor,window_open,open,closed,afternoon,NNE,19,39,27.80,24.90,room_environment_data_sensor2_session2.csv
2026-09-20T16:28:00,2,2,outdoor,window_open,open,closed,afternoon,NNE,19,39,27.90,25.20,room_environment_data_sensor2_session2.csv
2026-09-20T16:28:30,2,2,outdoor,window_open,open,closed,afternoon,NNE,19,39,28.00,25.10,room_environment_data_sensor2_session2.csv
2026-09-20T16:29:00,2,2,outdoor,window_open,open,closed,afternoon,NNE,19,39,28.00,25.00,room_environment_data_sensor2_session2.csv
2026-09-20T16:29:30,2,2,outdoor,window_open,open,closed,afternoon,NNE,19,39,27.90,25.00,room_environment_data_sensor2_session2.csv
2026-09-20T16:30:00,2,2,outdoor,window_open,open,closed,afternoon,NNE,19,39,28.00,25.30,room_environment_data_sensor2_session2.csv
2026-09-20T16:30:31,2,2,outdoor,window_open,open,closed,afternoon,NNE,19,39,27.80,24.70,room_environment_data_sensor2_session2.csv
2026-09-20T16:31:01,2,2,outdoor,window_open,open,closed,afternoon,NNE,19,39,28.00,25.00,room_environment_data_sensor2_session2.csv
2026-09-20T16:31:31,2,2,outdoor,window_open,open,closed,afternoon,NNE,19,39,27.90,24.90,room_environment_data_sensor2_session2.csv
2026-09-20T16:32:01,2,2,outdoor,window_open,open,closed,afternoon,NNE,19,39,27.90,25.10,room_environment_data_sensor2_session2.csv
2026-09-20T16:32:31,2,2,outdoor,window_open,open,closed,afternoon,NNE,19,39,27.80,25.30,room_environment_data_sensor2_session2.csv
2026-09-20T16:33:01,2,2,outdoor,window_open,open,closed,afternoon,NNE,19,39,27.60,25.20,room_environment_data_sensor2_session2.csv
2026-09-20T16:33:31,2,2,outdoor,window_open,open,closed,afternoon,NNE,19,39,27.50,25.50,room_environment_data_sensor2_session2.csv
2026-09-20T16:34:01,2,2,outdoor,window_open,open,closed,afternoon,NNE,19,39,27.50,25.60,room_environment_data_sensor2_session2.csv
2026-09-20T16:34:31,2,2,outdoor,window_open,open,closed,afternoon,NNE,19,39,27.50,25.50,room_environment_data_sensor2_session2.csv
2026-09-20T16:35:01,2,2,outdoor,window_open,open,closed,afternoon,NNE,19,39,27.60,25.50,room_environment_data_sensor2_session2.csv
2026-09-20T16:35:31,2,2,outdoor,window_open,open,closed,afternoon,NNE,19,39,27.60,25.60,room_environment_data_sensor2_session2.csv
2026-09-20T16:36:01,2,2,outdoor,window_open,open,closed,afternoon,NNE,19,39,27.70,25.30,room_environment_data_sensor2_session2.csv
2026-09-20T16:36:31,2,2,outdoor,window_open,open,closed,afternoon,NNE,19,39,27.60,25.60,room_environment_data_sensor2_session2.csv
2026-09-20T16:37:01,2,2,outdoor,window_open,open,closed,afternoon,NNE,19,39,27.60,25.40,room_environment_data_sensor2_session2.csv
2026-09-20T16:37:31,2,2,outdoor,window_open,open,closed,afternoon,NNE,19,39,27.50,25.30,room_environment_data_sensor2_session2.csv
2026-09-20T16:38:01,2,2,outdoor,window_open,open,closed,afternoon,NNE,19,39,27.50,25.40,room_environment_data_sensor2_session2.csv
2026-09-20T16:38:32,2,2,outdoor,window_open,open,closed,afternoon,NNE,19,39,27.60,25.10,room_environment_data_sensor2_session2.csv
2026-09-20T16:39:02,2,2,outdoor,window_open,open,closed,afternoon,NNE,19,39,27.60,25.90,room_environment_data_sensor2_session2.csv
2026-09-20T16:39:32,2,2,outdoor,window_open,open,closed,afternoon,NNE,19,39,27.60,25.40,room_environment_data_sensor2_session2.csv
2026-09-20T16:40:02,2,2,outdoor,window_open,open,closed,afternoon,NNE,19,39,27.60,25.60,room_environment_data_sensor2_session2.csv
2026-09-20T16:40:32,2,2,outdoor,window_open,open,closed,afternoon,NNE,19,39,27.50,25.60,room_environment_data_sensor2_session2.csv
2026-09-20T16:41:02,2,2,outdoor,window_open,open,closed,afternoon,NNE,19,39,27.50,25.30,room_environment_data_sensor2_session2.csv
2026-09-20T16:41:32,2,2,outdoor,window_open,open,closed,afternoon,NNE,19,39,27.50,25.40,room_environment_data_sensor2_session2.csv
2026-09-20T16:42:02,2,2,outdoor,window_open,open,closed,afternoon,NNE,19,39,27.60,25.60,room_environment_data_sensor2_session2.csv
2026-09-20T16:42:32,2,2,outdoor,window_open,open,closed,afternoon,NNE,19,39,27.60,25.40,room_environment_data_sensor2_session2.csv
2026-09-20T16:43:02,2,2,outdoor,window_open,open,closed,afternoon,NNE,19,39,27.60,25.50,room_environment_data_sensor2_session2.csv
2026-09-20T16:43:32,2,2,outdoor,window_open,open,closed,afternoon,NNE,19,39,27.50,25.20,room_environment_data_sensor2_session2.csv
2026-09-20T16:44:02,2,2,outdoor,window_open,open,closed,afternoon,NNE,19,39,27.50,25.70,room_environment_data_sensor2_session2.csv
2026-09-20T16:44:32,2,2,outdoor,window_open,open,closed,afternoon,NNE,19,39,27.60,25.70,room_environment_data_sensor2_session2.csv
2026-09-20T16:45:02,2,2,outdoor,window_open,open,closed,afternoon,NNE,19,39,27.50,25.50,room_environment_data_sensor2_session2.csv
2026-09-20T16:45:32,2,2,outdoor,window_open,open,closed,afternoon,NNE,19,39,27.50,25.60,room_environment_data_sensor2_session2.csv
2026-09-20T16:46:02,2,2,outdoor,window_open,open,closed,afternoon,NNE,19,39,27.50,26.20,room_environment_data_sensor2_session2.csv
2026-09-20T16:46:32,2,2,outdoor,window_open,open,closed,afternoon,NNE,19,39,27.40,25.80,room_environment_data_sensor2_session2.csv
2026-09-20T16:47:03,2,2,outdoor,window_open,open,closed,afternoon,NNE,19,39,27.40,26.30,room_environment_data_sensor2_session2.csv
2026-09-20T16:47:33,2,2,outdoor,window_open,open,closed,afternoon,NNE,19,39,27.30,25.90,room_environment_data_sensor2_session2.csv
2026-09-20T16:48:03,2,2,outdoor,window_open,open,closed,afternoon,NNE,19,39,27.30,26.00,room_environment_data_sensor2_session2.csv
2026-09-20T16:48:33,2,2,outdoor,window_open,open,closed,afternoon,NNE,19,39,27.30,26.20,room_environment_data_sensor2_session2.csv
2026-09-20T16:49:03,2,2,outdoor,window_open,open,closed,afternoon,NNE,19,39,27.20,26.10,room_environment_data_sensor2_session2.csv
2026-09-20T16:49:33,2,2,outdoor,window_open,open,closed,afternoon,NNE,19,39,27.20,26.20,room_environment_data_sensor2_session2.csv
2026-09-20T16:50:03,2,2,outdoor,window_open,open,closed,afternoon,NNE,19,39,27.20,27.00,room_environment_data_sensor2_session2.csv
2026-09-20T16:50:33,2,2,outdoor,window_open,open,closed,afternoon,NNE,19,39,27.10,26.50,room_environment_data_sensor2_session2.csv
2026-09-20T16:51:03,2,2,outdoor,window_open,open,closed,afternoon,NNE,19,39,27.10,26.20,room_environment_data_sensor2_session2.csv
2026-09-20T16:51:33,2,2,outdoor,window_open,open,closed,afternoon,NNE,19,39,27.20,26.80,room_environment_data_sensor2_session2.csv
2026-09-20T16:52:03,2,2,outdoor,window_open,open,closed,afternoon,NNE,19,39,27.10,26.70,room_environment_data_sensor2_session2.csv
2026-09-20T16:52:33,2,2,outdoor,window_open,open,closed,afternoon,NNE,19,39,27.10,26.50,room_environment_data_sensor2_session2.csv
2026-09-20T16:53:03,2,2,outdoor,window_open,open,closed,afternoon,NNE,19,39,27.10,26.20,room_environment_data_sensor2_session2.csv
2026-09-20T16:53:33,2,2,outdoor,window_open,open,closed,afternoon,NNE,19,39,27.10,26.30,room_environment_data_sensor2_session2.csv
2026-09-20T16:54:03,2,2,outdoor,window_open,open,closed,afternoon,NNE,19,39,27.10,26.30,room_environment_data_sensor2_session2.csv
2026-09-20T16:54:33,2,2,outdoor,window_open,open,closed,afternoon,NNE,19,39,27.10,26.40,room_environment_data_sensor2_session2.csv
2026-09-20T16:55:03,2,2,outdoor,window_open,open,closed,afternoon,NNE,19,39,27.10,26.80,room_environment_data_sensor2_session2.csv
2026-09-20T16:55:34,2,2,outdoor,window_open,open,closed,afternoon,NNE,19,39,27.10,27.20,room_environment_data_sensor2_session2.csv
2026-09-20T16:56:04,2,2,outdoor,window_open,open,closed,afternoon,NNE,19,39,27.00,27.00,room_environment_data_sensor2_session2.csv
2026-09-20T16:56:34,2,2,outdoor,window_open,open,closed,afternoon,NNE,19,39,27.00,26.90,room_environment_data_sensor2_session2.csv
2026-09-20T16:57:04,2,2,outdoor,window_open,open,closed,afternoon,NNE,19,39,26.90,27.00,room_environment_data_sensor2_session2.csv
2026-09-20T16:57:34,2,2,outdoor,window_open,open,closed,afternoon,NNE,19,39,26.90,27.00,room_environment_data_sensor2_session2.csv
2026-09-20T16:58:04,2,2,outdoor,window_open,open,closed,afternoon,NNE,19,39,26.90,26.70,room_environment_data_sensor2_session2.csv
2026-09-20T16:58:34,2,2,outdoor,window_open,open,closed,afternoon,NNE,19,39,26.90,27.20,room_environment_data_sensor2_session2.csv
2026-09-20T16:59:04,2,2,outdoor,window_open,open,closed,afternoon,NNE,19,39,26.90,26.80,room_environment_data_sensor2_session2.csv
2026-09-20T16:59:34,2,2,outdoor,window_open,open,closed,afternoon,NNE,19,39,26.90,26.60,room_environment_data_sensor2_session2.csv
2026-09-20T17:00:04,2,2,outdoor,recovery,closed,closed,afternoon,NNE,19,39,26.90,26.80,room_environment_data_sensor2_session2.csv
2026-09-20T17:00:34,2,2,outdoor,recovery,closed,closed,afternoon,NNE,19,39,26.80,26.70,room_environment_data_sensor2_session2.csv
2026-09-20T17:01:04,2,2,outdoor,recovery,closed,closed,afternoon,NNE,19,39,26.90,26.70,room_environment_data_sensor2_session2.csv
2026-09-20T17:01:34,2,2,outdoor,recovery,closed,closed,afternoon,NNE,19,39,26.90,26.80,room_environment_data_sensor2_session2.csv
2026-09-20T17:02:04,2,2,outdoor,recovery,closed,closed,afternoon,NNE,19,39,26.90,26.70,room_environment_data_sensor2_session2.csv
2026-09-20T17:02:34,2,2,outdoor,recovery,closed,closed,afternoon,NNE,19,39,26.90,26.80,room_environment_data_sensor2_session2.csv
2026-09-20T17:03:04,2,2,outdoor,recovery,closed,closed,afternoon,NNE,19,39,26.80,26.90,room_environment_data_sensor2_session2.csv
2026-09-20T17:03:34,2,2,outdoor,recovery,closed,closed,afternoon,NNE,19,39,26.80,26.70,room_environment_data_sensor2_session2.csv
2026-09-20T17:04:05,2,2,outdoor,recovery,closed,closed,afternoon,NNE,19,39,26.80,27.00,room_environment_data_sensor2_session2.csv
2026-09-20T17:04:35,2,2,outdoor,recovery,closed,closed,afternoon,NNE,19,39,26.80,27.30,room_environment_data_sensor2_session2.csv
2026-09-20T17:05:05,2,2,outdoor,recovery,closed,closed,afternoon,NNE,19,39,26.80,27.00,room_environment_data_sensor2_session2.csv
2026-09-20T17:05:35,2,2,outdoor,recovery,closed,closed,afternoon,NNE,19,39,26.80,27.50,room_environment_data_sensor2_session2.csv
2026-09-20T17:06:05,2,2,outdoor,recovery,closed,closed,afternoon,NNE,19,39,26.80,27.10,room_environment_data_sensor2_session2.csv
2026-09-20T17:06:35,2,2,outdoor,recovery,closed,closed,afternoon,NNE,19,39,26.70,27.70,room_environment_data_sensor2_session2.csv
2026-09-20T17:07:05,2,2,outdoor,recovery,closed,closed,afternoon,NNE,19,39,26.70,27.10,room_environment_data_sensor2_session2.csv
2026-09-20T17:07:35,2,2,outdoor,recovery,closed,closed,afternoon,NNE,19,39,26.70,26.90,room_environment_data_sensor2_session2.csv
2026-09-20T17:08:05,2,2,outdoor,recovery,closed,closed,afternoon,NNE,19,39,26.80,26.70,room_environment_data_sensor2_session2.csv
2026-09-20T17:08:35,2,2,outdoor,recovery,closed,closed,afternoon,NNE,19,39,26.80,27.30,room_environment_data_sensor2_session2.csv
2026-09-20T17:09:05,2,2,outdoor,recovery,closed,closed,afternoon,NNE,19,39,26.80,27.10,room_environment_data_sensor2_session2.csv
2026-09-20T17:09:35,2,2,outdoor,recovery,closed,closed,afternoon,NNE,19,39,26.80,27.60,room_environment_data_sensor2_session2.csv
2026-09-20T17:10:05,2,2,outdoor,recovery,closed,closed,afternoon,NNE,19,39,26.70,27.40,room_environment_data_sensor2_session2.csv
2026-09-20T17:10:35,2,2,outdoor,recovery,closed,closed,afternoon,NNE,19,39,26.70,27.30,room_environment_data_sensor2_session2.csv
2026-09-20T17:11:05,2,2,outdoor,recovery,closed,closed,afternoon,NNE,19,39,26.70,27.20,room_environment_data_sensor2_session2.csv
2026-09-20T17:11:35,2,2,outdoor,recovery,closed,closed,afternoon,NNE,19,39,26.70,27.30,room_environment_data_sensor2_session2.csv
2026-09-20T17:12:05,2,2,outdoor,recovery,closed,closed,afternoon,NNE,19,39,26.70,27.50,room_environment_data_sensor2_session2.csv
2026-09-20T17:12:36,2,2,outdoor,recovery,closed,closed,afternoon,NNE,19,39,26.70,27.30,room_environment_data_sensor2_session2.csv
2026-09-20T17:13:06,2,2,outdoor,recovery,closed,closed,afternoon,NNE,19,39,26.70,27.00,room_environment_data_sensor2_session2.csv
2026-09-20T17:13:36,2,2,outdoor,recovery,closed,closed,afternoon,NNE,19,39,26.70,27.10,room_environment_data_sensor2_session2.csv
2026-09-20T17:14:06,2,2,outdoor,recovery,closed,closed,afternoon,NNE,19,39,26.70,27.00,room_environment_data_sensor2_session2.csv
2026-09-20T17:14:36,2,2,outdoor,recovery,closed,closed,afternoon,NNE,19,39,26.70,27.30,room_environment_data_sensor2_session2.csv
2026-09-20T17:15:06,2,2,outdoor,recovery,closed,closed,afternoon,NNE,19,39,26.70,27.60,room_environment_data_sensor2_session2.csv
2026-09-20T17:15:36,2,2,outdoor,recovery,closed,closed,afternoon,NNE,19,39,26.70,27.00,room_environment_data_sensor2_session2.csv
2026-09-20T17:16:06,2,2,outdoor,recovery,closed,closed,afternoon,NNE,19,39,26.70,27.00,room_environment_data_sensor2_session2.csv
2026-09-20T17:16:36,2,2,outdoor,recovery,closed,closed,afternoon,NNE,19,39,26.70,27.20,room_environment_data_sensor2_session2.csv
2026-09-20T17:17:06,2,2,outdoor,recovery,closed,closed,afternoon,NNE,19,39,26.70,27.50,room_environment_data_sensor2_session2.csv
2026-09-20T17:17:36,2,2,outdoor,recovery,closed,closed,afternoon,NNE,19,39,26.60,27.30,room_environment_data_sensor2_session2.csv
2026-09-20T17:18:06,2,2,outdoor,recovery,closed,closed,afternoon,NNE,19,39,26.70,27.00,room_environment_data_sensor2_session2.csv
2026-09-20T17:18:36,2,2,outdoor,recovery,closed,closed,afternoon,NNE,19,39,26.60,27.70,room_environment_data_sensor2_session2.csv
2026-09-20T17:19:06,2,2,outdoor,recovery,closed,closed,afternoon,NNE,19,39,26.60,27.30,room_environment_data_sensor2_session2.csv
2026-09-20T17:19:36,2,2,outdoor,recovery,closed,closed,afternoon,NNE,19,39,26.60,27.30,room_environment_data_sensor2_session2.csv
2026-09-20T17:20:06,2,2,outdoor,recovery,closed,closed,afternoon,NNE,19,39,26.60,27.40,room_environment_data_sensor2_session2.csv
2026-09-20T17:20:36,2,2,outdoor,recovery,closed,closed,afternoon,NNE,19,39,26.60,27.30,room_environment_data_sensor2_session2.csv
2026-09-20T17:21:07,2,2,outdoor,recovery,closed,closed,afternoon,NNE,19,39,26.60,27.60,room_environment_data_sensor2_session2.csv
2026-09-20T17:21:37,2,2,outdoor,recovery,closed,closed,afternoon,NNE,19,39,26.60,27.50,room_environment_data_sensor2_session2.csv
2026-09-20T17:22:07,2,2,outdoor,recovery,closed,closed,afternoon,NNE,19,39,26.60,27.50,room_environment_data_sensor2_session2.csv
2026-09-20T17:22:37,2,2,outdoor,recovery,closed,closed,afternoon,NNE,19,39,26.60,27.60,room_environment_data_sensor2_session2.csv
2026-09-20T17:23:07,2,2,outdoor,recovery,closed,closed,afternoon,NNE,19,39,26.60,27.50,room_environment_data_sensor2_session2.csv
2026-09-20T17:23:37,2,2,outdoor,recovery,closed,closed,afternoon,NNE,19,39,26.60,27.50,room_environment_data_sensor2_session2.csv
2026-09-20T17:24:07,2,2,outdoor,recovery,closed,closed,afternoon,NNE,19,39,26.60,27.60,room_environment_data_sensor2_session2.csv
2026-09-20T17:24:37,2,2,outdoor,recovery,closed,closed,afternoon,NNE,19,39,26.50,27.70,room_environment_data_sensor2_session2.csv
2026-09-20T17:25:07,2,2,outdoor,recovery,closed,closed,afternoon,NNE,19,39,26.50,27.90,room_environment_data_sensor2_session2.csv
2026-09-20T17:25:37,2,2,outdoor,recovery,closed,closed,afternoon,NNE,19,39,26.50,27.60,room_environment_data_sensor2_session2.csv
2026-09-20T17:26:07,2,2,outdoor,recovery,closed,closed,afternoon,NNE,19,39,26.50,28.10,room_environment_data_sensor2_session2.csv
2026-09-20T17:26:37,2,2,outdoor,recovery,closed,closed,afternoon,NNE,19,39,26.50,28.00,room_environment_data_sensor2_session2.csv
2026-09-20T17:27:07,2,2,outdoor,recovery,closed,closed,afternoon,NNE,19,39,26.40,28.30,room_environment_data_sensor2_session2.csv
2026-09-20T17:27:37,2,2,outdoor,recovery,closed,closed,afternoon,NNE,19,39,26.40,28.20,room_environment_data_sensor2_session2.csv
2026-09-20T17:28:07,2,2,outdoor,recovery,closed,closed,afternoon,NNE,19,39,26.40,27.60,room_environment_data_sensor2_session2.csv
2026-09-20T17:28:37,2,2,outdoor,recovery,closed,closed,afternoon,NNE,19,39,26.40,27.80,room_environment_data_sensor2_session2.csv
2026-09-20T17:29:07,2,2,outdoor,recovery,closed,closed,afternoon,NNE,19,39,26.40,27.80,room_environment_data_sensor2_session2.csv
2026-09-20T17:29:38,2,2,outdoor,recovery,closed,closed,afternoon,NNE,19,39,26.40,27.70,room_environment_data_sensor2_session2.csv
2026-09-20T17:30:08,2,2,outdoor,recovery,closed,closed,afternoon,NNE,19,39,26.40,27.80,room_environment_data_sensor2_session2.csv
2026-09-20T17:30:38,2,2,outdoor,recovery,closed,closed,afternoon,NNE,19,39,26.40,28.50,room_environment_data_sensor2_session2.csv
2026-09-20T17:31:08,2,2,outdoor,recovery,closed,closed,afternoon,NNE,19,39,26.40,27.90,room_environment_data_sensor2_session2.csv
2026-09-20T17:31:38,2,2,outdoor,recovery,closed,closed,afternoon,NNE,19,39,26.40,28.10,room_environment_data_sensor2_session2.csv
2026-09-20T17:32:08,2,2,outdoor,recovery,closed,closed,afternoon,NNE,19,39,26.50,27.70,room_environment_data_sensor2_session2.csv
2026-09-20T17:32:38,2,2,outdoor,recovery,closed,closed,afternoon,NNE,19,39,26.50,28.10,room_environment_data_sensor2_session2.csv
2026-09-20T17:33:08,2,2,outdoor,recovery,closed,closed,afternoon,NNE,19,39,26.40,28.00,room_environment_data_sensor2_session2.csv
2026-09-20T17:33:38,2,2,outdoor,recovery,closed,closed,afternoon,NNE,19,39,26.40,28.00,room_environment_data_sensor2_session2.csv
2026-09-20T17:34:08,2,2,outdoor,recovery,closed,closed,afternoon,NNE,19,39,26.40,27.90,room_environment_data_sensor2_session2.csv
2026-09-20T17:34:38,2,2,outdoor,recovery,closed,closed,afternoon,NNE,19,39,26.40,28.00,room_environment_data_sensor2_session2.csv
2026-09-20T17:35:08,2,2,outdoor,recovery,closed,closed,afternoon,NNE,19,39,26.40,27.80,room_environment_data_sensor2_session2.csv
2026-09-20T17:35:38,2,2,outdoor,recovery,closed,closed,afternoon,NNE,19,39,26.40,28.00,room_environment_data_sensor2_session2.csv
2026-09-20T17:36:08,2,2,outdoor,recovery,closed,closed,afternoon,NNE,19,39,26.50,27.80,room_environment_data_sensor2_session2.csv
2026-09-20T17:36:38,2,2,outdoor,recovery,closed,closed,afternoon,NNE,19,39,26.50,27.80,room_environment_data_sensor2_session2.csv
2026-09-20T17:37:08,2,2,outdoor,recovery,closed,closed,afternoon,NNE,19,39,26.50,27.90,room_environment_data_sensor2_session2.csv
2026-09-20T17:37:38,2,2,outdoor,recovery,closed,closed,afternoon,NNE,19,39,26.40,28.40,room_environment_data_sensor2_session2.csv
2026-09-20T17:38:09,2,2,outdoor,recovery,closed,closed,afternoon,NNE,19,39,26.40,27.90,room_environment_data_sensor2_session2.csv
2026-09-20T17:38:39,2,2,outdoor,recovery,closed,closed,afternoon,NNE,19,39,26.50,28.20,room_environment_data_sensor2_session2.csv
2026-09-20T17:39:09,2,2,outdoor,recovery,closed,closed,afternoon,NNE,19,39,26.40,28.20,room_environment_data_sensor2_session2.csv
2026-09-20T17:39:39,2,2,outdoor,recovery,closed,closed,afternoon,NNE,19,39,26.40,28.40,room_environment_data_sensor2_session2.csv
2026-09-20T17:40:09,2,2,outdoor,recovery,closed,closed,afternoon,NNE,19,39,26.40,28.10,room_environment_data_sensor2_session2.csv
2026-09-20T17:40:39,2,2,outdoor,recovery,closed,closed,afternoon,NNE,19,39,26.30,28.10,room_environment_data_sensor2_session2.csv
2026-09-20T17:41:09,2,2,outdoor,recovery,closed,closed,afternoon,NNE,19,39,26.30,28.30,room_environment_data_sensor2_session2.csv
2026-09-20T17:41:39,2,2,outdoor,recovery,closed,closed,afternoon,NNE,19,39,26.40,28.10,room_environment_data_sensor2_session2.csv
2026-09-20T17:42:09,2,2,outdoor,recovery,closed,closed,afternoon,NNE,19,39,26.30,28.10,room_environment_data_sensor2_session2.csv
2026-09-20T17:42:39,2,2,outdoor,recovery,closed,closed,afternoon,NNE,19,39,26.40,28.10,room_environment_data_sensor2_session2.csv
2026-09-20T17:43:09,2,2,outdoor,recovery,closed,closed,afternoon,NNE,19,39,26.30,28.00,room_environment_data_sensor2_session2.csv
2026-09-20T17:43:39,2,2,outdoor,recovery,closed,closed,afternoon,NNE,19,39,26.40,28.40,room_environment_data_sensor2_session2.csv
2026-09-20T17:44:09,2,2,outdoor,recovery,closed,closed,afternoon,NNE,19,39,26.30,28.30,room_environment_data_sensor2_session2.csv
2026-09-20T17:44:39,2,2,outdoor,recovery,closed,closed,afternoon,NNE,19,39,26.30,28.20,room_environment_data_sensor2_session2.csv
2026-09-20T17:45:09,2,2,outdoor,recovery,closed,closed,afternoon,NNE,19,39,26.30,28.50,room_environment_data_sensor2_session2.csv
2026-09-20T17:45:39,2,2,outdoor,recovery,closed,closed,afternoon,NNE,19,39,26.30,28.40,room_environment_data_sensor2_session2.csv
2026-09-20T17:46:09,2,2,outdoor,recovery,closed,closed,afternoon,NNE,19,39,26.30,28.70,room_environment_data_sensor2_session2.csv
2026-09-20T17:46:40,2,2,outdoor,recovery,closed,closed,afternoon,NNE,19,39,26.30,28.40,room_environment_data_sensor2_session2.csv
2026-09-20T17:47:10,2,2,outdoor,recovery,closed,closed,afternoon,NNE,19,39,26.20,28.80,room_environment_data_sensor2_session2.csv
2026-09-20T17:47:40,2,2,outdoor,recovery,closed,closed,afternoon,NNE,19,39,26.20,28.60,room_environment_data_sensor2_session2.csv
2026-09-20T17:48:10,2,2,outdoor,recovery,closed,closed,afternoon,NNE,19,39,26.20,29.00,room_environment_data_sensor2_session2.csv
2026-09-20T17:48:40,2,2,outdoor,recovery,closed,closed,afternoon,NNE,19,39,26.20,28.50,room_environment_data_sensor2_session2.csv
2026-09-20T17:49:10,2,2,outdoor,recovery,closed,closed,afternoon,NNE,19,39,26.20,28.40,room_environment_data_sensor2_session2.csv
2026-09-20T17:49:40,2,2,outdoor,recovery,closed,closed,afternoon,NNE,19,39,26.20,28.50,room_environment_data_sensor2_session2.csv
2026-09-20T17:50:10,2,2,outdoor,recovery,closed,closed,afternoon,NNE,19,39,26.20,29.00,room_environment_data_sensor2_session2.csv
2026-09-20T17:50:40,2,2,outdoor,recovery,closed,closed,afternoon,NNE,19,39,26.10,28.70,room_environment_data_sensor2_session2.csv
2026-09-20T17:51:10,2,2,outdoor,recovery,closed,closed,afternoon,NNE,19,39,26.20,28.50,room_environment_data_sensor2_session2.csv
2026-09-20T17:51:40,2,2,outdoor,recovery,closed,closed,afternoon,NNE,19,39,26.20,28.50,room_environment_data_sensor2_session2.csv
2026-09-20T17:52:10,2,2,outdoor,recovery,closed,closed,afternoon,NNE,19,39,26.30,28.20,room_environment_data_sensor2_session2.csv
2026-09-20T17:52:40,2,2,outdoor,recovery,closed,closed,afternoon,NNE,19,39,26.30,28.20,room_environment_data_sensor2_session2.csv
2026-09-20T17:53:10,2,2,outdoor,recovery,closed,closed,afternoon,NNE,19,39,26.40,28.10,room_environment_data_sensor2_session2.csv
2026-09-20T17:53:40,2,2,outdoor,recovery,closed,closed,afternoon,NNE,19,39,26.40,28.60,room_environment_data_sensor2_session2.csv
2026-09-20T17:54:10,2,2,outdoor,recovery,closed,closed,afternoon,NNE,19,39,26.30,28.40,room_environment_data_sensor2_session2.csv
2026-09-20T17:54:40,2,2,outdoor,recovery,closed,closed,afternoon,NNE,19,39,26.30,28.10,room_environment_data_sensor2_session2.csv
2026-09-20T17:55:11,2,2,outdoor,recovery,closed,closed,afternoon,NNE,19,39,26.40,28.10,room_environment_data_sensor2_session2.csv
2026-09-20T17:55:41,2,2,outdoor,recovery,closed,closed,afternoon,NNE,19,39,26.30,28.40,room_environment_data_sensor2_session2.csv
2026-09-20T17:56:11,2,2,outdoor,recovery,closed,closed,afternoon,NNE,19,39,26.30,28.30,room_environment_data_sensor2_session2.csv
2026-09-20T17:56:41,2,2,outdoor,recovery,closed,closed,afternoon,NNE,19,39,26.40,28.20,room_environment_data_sensor2_session2.csv
2026-09-20T17:57:11,2,2,outdoor,recovery,closed,closed,afternoon,NNE,19,39,26.30,28.20,room_environment_data_sensor2_session2.csv
2026-09-20T17:57:41,2,2,outdoor,recovery,closed,closed,afternoon,NNE,19,39,26.30,28.20,room_environment_data_sensor2_session2.csv
2026-09-20T17:58:11,2,2,outdoor,recovery,closed,closed,afternoon,NNE,19,39,26.40,28.10,room_environment_data_sensor2_session2.csv
2026-09-20T17:58:41,2,2,outdoor,recovery,closed,closed,afternoon,NNE,19,39,26.40,28.20,room_environment_data_sensor2_session2.csv
2026-09-20T17:59:11,2,2,outdoor,recovery,closed,closed,afternoon,NNE,19,39,26.40,28.10,room_environment_data_sensor2_session2.csv
2026-09-20T17:59:41,2,2,outdoor,recovery,closed,closed,afternoon,NNE,19,39,26.40,28.50,room_environment_data_sensor2_session2.csv
2026-09-20T19:00:03,3,1,indoor,baseline,closed,closed,night,WSW,20,37,24.40,58.60,room_environment_data_sensor1_session3.csv
2026-09-20T19:00:33,3,1,indoor,baseline,closed,closed,night,WSW,20,37,24.40,58.70,room_environment_data_sensor1_session3.csv
2026-09-20T19:01:03,3,1,indoor,baseline,closed,closed,night,WSW,20,37,24.40,58.60,room_environment_data_sensor1_session3.csv
2026-09-20T19:01:33,3,1,indoor,baseline,closed,closed,night,WSW,20,37,24.40,58.70,room_environment_data_sensor1_session3.csv
2026-09-20T19:02:03,3,1,indoor,baseline,closed,closed,night,WSW,20,37,24.50,58.70,room_environment_data_sensor1_session3.csv
2026-09-20T19:02:33,3,1,indoor,baseline,closed,closed,night,WSW,20,37,24.50,58.70,room_environment_data_sensor1_session3.csv
2026-09-20T19:03:03,3,1,indoor,baseline,closed,closed,night,WSW,20,37,24.50,58.70,room_environment_data_sensor1_session3.csv
2026-09-20T19:03:33,3,1,indoor,baseline,closed,closed,night,WSW,20,37,24.50,58.70,room_environment_data_sensor1_session3.csv
2026-09-20T19:04:03,3,1,indoor,baseline,closed,closed,night,WSW,20,37,24.50,58.70,room_environment_data_sensor1_session3.csv
2026-09-20T19:04:33,3,1,indoor,baseline,closed,closed,night,WSW,20,37,24.50,58.70,room_environment_data_sensor1_session3.csv
2026-09-20T19:05:03,3,1,indoor,baseline,closed,closed,night,WSW,20,37,24.50,58.70,room_environment_data_sensor1_session3.csv
2026-09-20T19:05:33,3,1,indoor,baseline,closed,closed,night,WSW,20,37,24.50,58.60,room_environment_data_sensor1_session3.csv
2026-09-20T19:06:03,3,1,indoor,baseline,closed,closed,night,WSW,20,37,24.50,58.60,room_environment_data_sensor1_session3.csv
2026-09-20T19:06:33,3,1,indoor,baseline,closed,closed,night,WSW,20,37,24.50,58.60,room_environment_data_sensor1_session3.csv
2026-09-20T19:07:03,3,1,indoor,baseline,closed,closed,night,WSW,20,37,24.50,58.60,room_environment_data_sensor1_session3.csv
2026-09-20T19:07:33,3,1,indoor,baseline,closed,closed,night,WSW,20,37,24.50,58.60,room_environment_data_sensor1_session3.csv
2026-09-20T19:08:03,3,1,indoor,baseline,closed,closed,night,WSW,20,37,24.50,58.60,room_environment_data_sensor1_session3.csv
2026-09-20T19:08:33,3,1,indoor,baseline,closed,closed,night,WSW,20,37,24.50,58.50,room_environment_data_sensor1_session3.csv
2026-09-20T19:09:03,3,1,indoor,baseline,closed,closed,night,WSW,20,37,24.50,58.50,room_environment_data_sensor1_session3.csv
2026-09-20T19:09:33,3,1,indoor,baseline,closed,closed,night,WSW,20,37,24.50,58.50,room_environment_data_sensor1_session3.csv
2026-09-20T19:10:03,3,1,indoor,baseline,closed,closed,night,WSW,20,37,24.50,58.50,room_environment_data_sensor1_session3.csv
2026-09-20T19:10:33,3,1,indoor,baseline,closed,closed,night,WSW,20,37,24.50,58.50,room_environment_data_sensor1_session3.csv
2026-09-20T19:11:03,3,1,indoor,baseline,closed,closed,night,WSW,20,37,24.50,58.50,room_environment_data_sensor1_session3.csv
2026-09-20T19:11:33,3,1,indoor,baseline,closed,closed,night,WSW,20,37,24.50,58.40,room_environment_data_sensor1_session3.csv
2026-09-20T19:12:03,3,1,indoor,baseline,closed,closed,night,WSW,20,37,24.50,58.40,room_environment_data_sensor1_session3.csv
2026-09-20T19:12:33,3,1,indoor,baseline,closed,closed,night,WSW,20,37,24.50,58.40,room_environment_data_sensor1_session3.csv
2026-09-20T19:13:03,3,1,indoor,baseline,closed,closed,night,WSW,20,37,24.50,58.40,room_environment_data_sensor1_session3.csv
2026-09-20T19:13:33,3,1,indoor,baseline,closed,closed,night,WSW,20,37,24.50,58.30,room_environment_data_sensor1_session3.csv
2026-09-20T19:14:03,3,1,indoor,baseline,closed,closed,night,WSW,20,37,24.50,58.20,room_environment_data_sensor1_session3.csv
2026-09-20T19:14:33,3,1,indoor,baseline,closed,closed,night,WSW,20,37,24.50,58.20,room_environment_data_sensor1_session3.csv
2026-09-20T19:15:03,3,1,indoor,baseline,closed,closed,night,WSW,20,37,24.50,58.20,room_environment_data_sensor1_session3.csv
2026-09-20T19:15:33,3,1,indoor,baseline,closed,closed,night,WSW,20,37,24.50,58.20,room_environment_data_sensor1_session3.csv
2026-09-20T19:16:03,3,1,indoor,baseline,closed,closed,night,WSW,20,37,24.50,58.10,room_environment_data_sensor1_session3.csv
2026-09-20T19:16:33,3,1,indoor,baseline,closed,closed,night,WSW,20,37,24.50,58.10,room_environment_data_sensor1_session3.csv
2026-09-20T19:17:03,3,1,indoor,baseline,closed,closed,night,WSW,20,37,24.50,57.90,room_environment_data_sensor1_session3.csv
2026-09-20T19:17:33,3,1,indoor,baseline,closed,closed,night,WSW,20,37,24.50,58.00,room_environment_data_sensor1_session3.csv
2026-09-20T19:18:03,3,1,indoor,baseline,closed,closed,night,WSW,20,37,24.50,58.00,room_environment_data_sensor1_session3.csv
2026-09-20T19:18:33,3,1,indoor,baseline,closed,closed,night,WSW,20,37,24.50,57.90,room_environment_data_sensor1_session3.csv
2026-09-20T19:19:03,3,1,indoor,baseline,closed,closed,night,WSW,20,37,24.50,57.90,room_environment_data_sensor1_session3.csv
2026-09-20T19:19:33,3,1,indoor,baseline,closed,closed,night,WSW,20,37,24.50,57.70,room_environment_data_sensor1_session3.csv
2026-09-20T19:20:03,3,1,indoor,baseline,closed,closed,night,WSW,20,37,24.50,57.70,room_environment_data_sensor1_session3.csv
2026-09-20T19:20:33,3,1,indoor,baseline,closed,closed,night,WSW,20,37,24.50,57.60,room_environment_data_sensor1_session3.csv
2026-09-20T19:21:03,3,1,indoor,baseline,closed,closed,night,WSW,20,37,24.50,57.70,room_environment_data_sensor1_session3.csv
2026-09-20T19:21:33,3,1,indoor,baseline,closed,closed,night,WSW,20,37,24.50,57.60,room_environment_data_sensor1_session3.csv
2026-09-20T19:22:03,3,1,indoor,baseline,closed,closed,night,WSW,20,37,24.50,57.60,room_environment_data_sensor1_session3.csv
2026-09-20T19:22:33,3,1,indoor,baseline,closed,closed,night,WSW,20,37,24.50,57.60,room_environment_data_sensor1_session3.csv
2026-09-20T19:23:03,3,1,indoor,baseline,closed,closed,night,WSW,20,37,24.50,57.50,room_environment_data_sensor1_session3.csv
2026-09-20T19:23:33,3,1,indoor,baseline,closed,closed,night,WSW,20,37,24.50,57.40,room_environment_data_sensor1_session3.csv
2026-09-20T19:24:03,3,1,indoor,baseline,closed,closed,night,WSW,20,37,24.50,57.40,room_environment_data_sensor1_session3.csv
2026-09-20T19:24:33,3,1,indoor,baseline,closed,closed,night,WSW,20,37,24.50,57.40,room_environment_data_sensor1_session3.csv
2026-09-20T19:25:03,3,1,indoor,baseline,closed,closed,night,WSW,20,37,24.50,57.30,room_environment_data_sensor1_session3.csv
2026-09-20T19:25:33,3,1,indoor,baseline,closed,closed,night,WSW,20,37,24.50,57.20,room_environment_data_sensor1_session3.csv
2026-09-20T19:26:03,3,1,indoor,baseline,closed,closed,night,WSW,20,37,24.50,57.20,room_environment_data_sensor1_session3.csv
2026-09-20T19:26:33,3,1,indoor,baseline,closed,closed,night,WSW,20,37,24.50,57.20,room_environment_data_sensor1_session3.csv
2026-09-20T19:27:03,3,1,indoor,baseline,closed,closed,night,WSW,20,37,24.50,57.20,room_environment_data_sensor1_session3.csv
2026-09-20T19:27:33,3,1,indoor,baseline,closed,closed,night,WSW,20,37,24.50,57.20,room_environment_data_sensor1_session3.csv
2026-09-20T19:28:03,3,1,indoor,baseline,closed,closed,night,WSW,20,37,24.50,57.10,room_environment_data_sensor1_session3.csv
2026-09-20T19:28:33,3,1,indoor,baseline,closed,closed,night,WSW,20,37,24.50,57.20,room_environment_data_sensor1_session3.csv
2026-09-20T19:29:03,3,1,indoor,baseline,closed,closed,night,WSW,20,37,24.50,57.10,room_environment_data_sensor1_session3.csv
2026-09-20T19:29:33,3,1,indoor,baseline,closed,closed,night,WSW,20,37,24.50,57.10,room_environment_data_sensor1_session3.csv
2026-09-20T19:30:03,3,1,indoor,baseline,closed,closed,night,WSW,20,37,24.50,57.00,room_environment_data_sensor1_session3.csv
2026-09-20T19:30:33,3,1,indoor,baseline,closed,closed,night,WSW,20,37,24.50,56.90,room_environment_data_sensor1_session3.csv
2026-09-20T19:31:03,3,1,indoor,baseline,closed,closed,night,WSW,20,37,24.50,56.90,room_environment_data_sensor1_session3.csv
2026-09-20T19:31:33,3,1,indoor,baseline,closed,closed,night,WSW,20,37,24.50,56.90,room_environment_data_sensor1_session3.csv
2026-09-20T19:32:03,3,1,indoor,baseline,closed,closed,night,WSW,20,37,24.50,56.80,room_environment_data_sensor1_session3.csv
2026-09-20T19:32:34,3,1,indoor,baseline,closed,closed,night,WSW,20,37,24.50,56.90,room_environment_data_sensor1_session3.csv
2026-09-20T19:33:04,3,1,indoor,baseline,closed,closed,night,WSW,20,37,24.50,56.90,room_environment_data_sensor1_session3.csv
2026-09-20T19:33:34,3,1,indoor,baseline,closed,closed,night,WSW,20,37,24.50,56.90,room_environment_data_sensor1_session3.csv
2026-09-20T19:34:04,3,1,indoor,baseline,closed,closed,night,WSW,20,37,24.50,56.90,room_environment_data_sensor1_session3.csv
2026-09-20T19:34:34,3,1,indoor,baseline,closed,closed,night,WSW,20,37,24.50,56.90,room_environment_data_sensor1_session3.csv
2026-09-20T19:35:04,3,1,indoor,baseline,closed,closed,night,WSW,20,37,24.50,56.80,room_environment_data_sensor1_session3.csv
2026-09-20T19:35:34,3,1,indoor,baseline,closed,closed,night,WSW,20,37,24.50,56.80,room_environment_data_sensor1_session3.csv
2026-09-20T19:36:04,3,1,indoor,baseline,closed,closed,night,WSW,20,37,24.50,56.90,room_environment_data_sensor1_session3.csv
2026-09-20T19:36:34,3,1,indoor,baseline,closed,closed,night,WSW,20,37,24.50,56.80,room_environment_data_sensor1_session3.csv
2026-09-20T19:37:04,3,1,indoor,baseline,closed,closed,night,WSW,20,37,24.50,56.70,room_environment_data_sensor1_session3.csv
2026-09-20T19:37:34,3,1,indoor,baseline,closed,closed,night,WSW,20,37,24.50,56.70,room_environment_data_sensor1_session3.csv
2026-09-20T19:38:04,3,1,indoor,baseline,closed,closed,night,WSW,20,37,24.50,56.60,room_environment_data_sensor1_session3.csv
2026-09-20T19:38:34,3,1,indoor,baseline,closed,closed,night,WSW,20,37,24.50,56.60,room_environment_data_sensor1_session3.csv
2026-09-20T19:39:04,3,1,indoor,baseline,closed,closed,night,WSW,20,37,24.50,56.70,room_environment_data_sensor1_session3.csv
2026-09-20T19:39:34,3,1,indoor,baseline,closed,closed,night,WSW,20,37,24.40,56.80,room_environment_data_sensor1_session3.csv
2026-09-20T19:40:04,3,1,indoor,baseline,closed,closed,night,WSW,20,37,24.50,56.80,room_environment_data_sensor1_session3.csv
2026-09-20T19:40:34,3,1,indoor,baseline,closed,closed,night,WSW,20,37,24.40,56.80,room_environment_data_sensor1_session3.csv
2026-09-20T19:41:04,3,1,indoor,baseline,closed,closed,night,WSW,20,37,24.50,56.80,room_environment_data_sensor1_session3.csv
2026-09-20T19:41:34,3,1,indoor,baseline,closed,closed,night,WSW,20,37,24.50,56.80,room_environment_data_sensor1_session3.csv
2026-09-20T19:42:04,3,1,indoor,baseline,closed,closed,night,WSW,20,37,24.40,56.80,room_environment_data_sensor1_session3.csv
2026-09-20T19:42:34,3,1,indoor,baseline,closed,closed,night,WSW,20,37,24.50,56.80,room_environment_data_sensor1_session3.csv
2026-09-20T19:43:04,3,1,indoor,baseline,closed,closed,night,WSW,20,37,24.40,56.80,room_environment_data_sensor1_session3.csv
2026-09-20T19:43:34,3,1,indoor,baseline,closed,closed,night,WSW,20,37,24.40,56.70,room_environment_data_sensor1_session3.csv
2026-09-20T19:44:04,3,1,indoor,baseline,closed,closed,night,WSW,20,37,24.40,56.80,room_environment_data_sensor1_session3.csv
2026-09-20T19:44:34,3,1,indoor,baseline,closed,closed,night,WSW,20,37,24.40,56.70,room_environment_data_sensor1_session3.csv
2026-09-20T19:45:04,3,1,indoor,baseline,closed,closed,night,WSW,20,37,24.40,56.70,room_environment_data_sensor1_session3.csv
2026-09-20T19:45:34,3,1,indoor,baseline,closed,closed,night,WSW,20,37,24.40,56.60,room_environment_data_sensor1_session3.csv
2026-09-20T19:46:04,3,1,indoor,baseline,closed,closed,night,WSW,20,37,24.40,56.70,room_environment_data_sensor1_session3.csv
2026-09-20T19:46:34,3,1,indoor,baseline,closed,closed,night,WSW,20,37,24.40,56.70,room_environment_data_sensor1_session3.csv
2026-09-20T19:47:04,3,1,indoor,baseline,closed,closed,night,WSW,20,37,24.40,56.70,room_environment_data_sensor1_session3.csv
2026-09-20T19:47:34,3,1,indoor,baseline,closed,closed,night,WSW,20,37,24.40,56.80,room_environment_data_sensor1_session3.csv
2026-09-20T19:48:04,3,1,indoor,baseline,closed,closed,night,WSW,20,37,24.40,56.80,room_environment_data_sensor1_session3.csv
2026-09-20T19:48:34,3,1,indoor,baseline,closed,closed,night,WSW,20,37,24.40,56.70,room_environment_data_sensor1_session3.csv
2026-09-20T19:49:04,3,1,indoor,baseline,closed,closed,night,WSW,20,37,24.40,56.80,room_environment_data_sensor1_session3.csv
2026-09-20T19:49:34,3,1,indoor,baseline,closed,closed,night,WSW,20,37,24.0,56.80,room_environment_data_sensor1_session3.csv
2026-09-20T19:50:04,3,1,indoor,baseline,closed,closed,night,WSW,20,37,24.40,56.80,room_environment_data_sensor1_session3.csv
2026-09-20T19:50:34,3,1,indoor,baseline,closed,closed,night,WSW,20,37,24.40,56.80,room_environment_data_sensor1_session3.csv
2026-09-20T19:51:04,3,1,indoor,baseline,closed,closed,night,WSW,20,37,24.40,56.90,room_environment_data_sensor1_session3.csv
2026-09-20T19:51:34,3,1,indoor,baseline,closed,closed,night,WSW,20,37,24.40,56.90,room_environment_data_sensor1_session3.csv
2026-09-20T19:52:04,3,1,indoor,baseline,closed,closed,night,WSW,20,37,24.40,56.90,room_environment_data_sensor1_session3.csv
2026-09-20T19:52:34,3,1,indoor,baseline,closed,closed,night,WSW,20,37,24.40,56.90,room_environment_data_sensor1_session3.csv
2026-09-20T19:53:04,3,1,indoor,baseline,closed,closed,night,WSW,20,37,24.40,56.80,room_environment_data_sensor1_session3.csv
2026-09-20T19:53:34,3,1,indoor,baseline,closed,closed,night,WSW,20,37,24.40,56.80,room_environment_data_sensor1_session3.csv
2026-09-20T19:54:04,3,1,indoor,baseline,closed,closed,night,WSW,20,37,24.40,56.80,room_environment_data_sensor1_session3.csv
2026-09-20T19:54:34,3,1,indoor,baseline,closed,closed,night,WSW,20,37,24.40,56.80,room_environment_data_sensor1_session3.csv
2026-09-20T19:55:04,3,1,indoor,baseline,closed,closed,night,WSW,20,37,24.40,56.90,room_environment_data_sensor1_session3.csv
2026-09-20T19:55:34,3,1,indoor,baseline,closed,closed,night,WSW,20,37,24.40,56.90,room_environment_data_sensor1_session3.csv
2026-09-20T19:56:04,3,1,indoor,baseline,closed,closed,night,WSW,20,37,24.40,56.90,room_environment_data_sensor1_session3.csv
2026-09-20T19:56:34,3,1,indoor,baseline,closed,closed,night,WSW,20,37,24.40,56.90,room_environment_data_sensor1_session3.csv
2026-09-20T19:57:04,3,1,indoor,baseline,closed,closed,night,WSW,20,37,24.40,56.90,room_environment_data_sensor1_session3.csv
2026-09-20T19:57:34,3,1,indoor,baseline,closed,closed,night,WSW,20,37,24.40,56.90,room_environment_data_sensor1_session3.csv
2026-09-20T19:58:04,3,1,indoor,baseline,closed,closed,night,WSW,20,37,24.40,56.90,room_environment_data_sensor1_session3.csv
2026-09-20T19:58:34,3,1,indoor,baseline,closed,closed,night,WSW,20,37,24.40,56.90,room_environment_data_sensor1_session3.csv
2026-09-20T19:59:04,3,1,indoor,baseline,closed,closed,night,WSW,20,37,24.40,56.90,room_environment_data_sensor1_session3.csv
2026-09-20T19:59:34,3,1,indoor,baseline,closed,closed,night,WSW,20,37,24.40,57.00,room_environment_data_sensor1_session3.csv
2026-09-20T20:00:04,3,1,indoor,window_open,open,closed,night,WSW,20,37,24.40,56.90,room_environment_data_sensor1_session3.csv
2026-09-20T20:00:34,3,1,indoor,window_open,open,closed,night,WSW,20,37,24.40,56.90,room_environment_data_sensor1_session3.csv
2026-09-20T20:01:04,3,1,indoor,window_open,open,closed,night,WSW,20,37,24.40,56.80,room_environment_data_sensor1_session3.csv
2026-09-20T20:01:34,3,1,indoor,window_open,open,closed,night,WSW,20,37,24.40,56.80,room_environment_data_sensor1_session3.csv
2026-09-20T20:02:04,3,1,indoor,window_open,open,closed,night,WSW,20,37,24.30,56.70,room_environment_data_sensor1_session3.csv
2026-09-20T20:02:34,3,1,indoor,window_open,open,closed,night,WSW,20,37,24.30,56.70,room_environment_data_sensor1_session3.csv
2026-09-20T20:03:04,3,1,indoor,window_open,open,closed,night,WSW,20,37,24.20,56.60,room_environment_data_sensor1_session3.csv
2026-09-20T20:03:34,3,1,indoor,window_open,open,closed,night,WSW,20,37,24.20,56.60,room_environment_data_sensor1_session3.csv
2026-09-20T20:04:04,3,1,indoor,window_open,open,closed,night,WSW,20,37,24.10,56.60,room_environment_data_sensor1_session3.csv
2026-09-20T20:04:34,3,1,indoor,window_open,open,closed,night,WSW,20,37,24.10,56.70,room_environment_data_sensor1_session3.csv
2026-09-20T20:05:04,3,1,indoor,window_open,open,closed,night,WSW,20,37,24.10,56.70,room_environment_data_sensor1_session3.csv
2026-09-20T20:05:34,3,1,indoor,window_open,open,closed,night,WSW,20,37,24.10,56.70,room_environment_data_sensor1_session3.csv
2026-09-20T20:06:04,3,1,indoor,window_open,open,closed,night,WSW,20,37,24.10,56.70,room_environment_data_sensor1_session3.csv
2026-09-20T20:06:34,3,1,indoor,window_open,open,closed,night,WSW,20,37,24.00,56.70,room_environment_data_sensor1_session3.csv
2026-09-20T20:07:04,3,1,indoor,window_open,open,closed,night,WSW,20,37,24.00,56.70,room_environment_data_sensor1_session3.csv
2026-09-20T20:07:34,3,1,indoor,window_open,open,closed,night,WSW,20,37,24.00,56.80,room_environment_data_sensor1_session3.csv
2026-09-20T20:08:04,3,1,indoor,window_open,open,closed,night,WSW,20,37,24.00,56.80,room_environment_data_sensor1_session3.csv
2026-09-20T20:08:34,3,1,indoor,window_open,open,closed,night,WSW,20,37,24.00,56.80,room_environment_data_sensor1_session3.csv
2026-09-20T20:09:04,3,1,indoor,window_open,open,closed,night,WSW,20,37,24.00,56.70,room_environment_data_sensor1_session3.csv
2026-09-20T20:09:34,3,1,indoor,window_open,open,closed,night,WSW,20,37,23.90,56.80,room_environment_data_sensor1_session3.csv
2026-09-20T20:10:04,3,1,indoor,window_open,open,closed,night,WSW,20,37,23.90,56.90,room_environment_data_sensor1_session3.csv
2026-09-20T20:10:34,3,1,indoor,window_open,open,closed,night,WSW,20,37,23.90,56.80,room_environment_data_sensor1_session3.csv
2026-09-20T20:11:04,3,1,indoor,window_open,open,closed,night,WSW,20,37,23.90,56.90,room_environment_data_sensor1_session3.csv
2026-09-20T20:11:34,3,1,indoor,window_open,open,closed,night,WSW,20,37,23.90,56.80,room_environment_data_sensor1_session3.csv
2026-09-20T20:12:04,3,1,indoor,window_open,open,closed,night,WSW,20,37,23.90,56.80,room_environment_data_sensor1_session3.csv
2026-09-20T20:12:34,3,1,indoor,window_open,open,closed,night,WSW,20,37,23.90,56.80,room_environment_data_sensor1_session3.csv
2026-09-20T20:13:04,3,1,indoor,window_open,open,closed,night,WSW,20,37,23.90,56.90,room_environment_data_sensor1_session3.csv
2026-09-20T20:13:34,3,1,indoor,window_open,open,closed,night,WSW,20,37,23.90,56.90,room_environment_data_sensor1_session3.csv
2026-09-20T20:14:04,3,1,indoor,window_open,open,closed,night,WSW,20,37,23.90,56.80,room_environment_data_sensor1_session3.csv
2026-09-20T20:14:34,3,1,indoor,window_open,open,closed,night,WSW,20,37,23.90,56.90,room_environment_data_sensor1_session3.csv
2026-09-20T20:15:04,3,1,indoor,window_open,open,closed,night,WSW,20,37,23.90,56.90,room_environment_data_sensor1_session3.csv
2026-09-20T20:15:34,3,1,indoor,window_open,open,closed,night,WSW,20,37,23.90,56.90,room_environment_data_sensor1_session3.csv
2026-09-20T20:16:04,3,1,indoor,window_open,open,closed,night,WSW,20,37,23.80,57.00,room_environment_data_sensor1_session3.csv
2026-09-20T20:16:34,3,1,indoor,window_open,open,closed,night,WSW,20,37,23.80,57.00,room_environment_data_sensor1_session3.csv
2026-09-20T20:17:04,3,1,indoor,window_open,open,closed,night,WSW,20,37,23.80,57.00,room_environment_data_sensor1_session3.csv
2026-09-20T20:17:34,3,1,indoor,window_open,open,closed,night,WSW,20,37,23.80,57.00,room_environment_data_sensor1_session3.csv
2026-09-20T20:18:04,3,1,indoor,window_open,open,closed,night,WSW,20,37,23.80,57.10,room_environment_data_sensor1_session3.csv
2026-09-20T20:18:34,3,1,indoor,window_open,open,closed,night,WSW,20,37,23.80,57.00,room_environment_data_sensor1_session3.csv
2026-09-20T20:19:04,3,1,indoor,window_open,open,closed,night,WSW,20,37,23.80,57.10,room_environment_data_sensor1_session3.csv
2026-09-20T20:19:34,3,1,indoor,window_open,open,closed,night,WSW,20,37,23.70,57.20,room_environment_data_sensor1_session3.csv
2026-09-20T20:20:04,3,1,indoor,window_open,open,closed,night,WSW,20,37,23.70,57.10,room_environment_data_sensor1_session3.csv
2026-09-20T20:20:34,3,1,indoor,window_open,open,closed,night,WSW,20,37,23.70,57.20,room_environment_data_sensor1_session3.csv
2026-09-20T20:21:04,3,1,indoor,window_open,open,closed,night,WSW,20,37,23.70,57.20,room_environment_data_sensor1_session3.csv
2026-09-20T20:21:34,3,1,indoor,window_open,open,closed,night,WSW,20,37,23.70,57.20,room_environment_data_sensor1_session3.csv
2026-09-20T20:22:04,3,1,indoor,window_open,open,closed,night,WSW,20,37,23.70,57.20,room_environment_data_sensor1_session3.csv
2026-09-20T20:22:34,3,1,indoor,window_open,open,closed,night,WSW,20,37,23.70,57.20,room_environment_data_sensor1_session3.csv
2026-09-20T20:23:04,3,1,indoor,window_open,open,closed,night,WSW,20,37,23.70,57.30,room_environment_data_sensor1_session3.csv
2026-09-20T20:23:34,3,1,indoor,window_open,open,closed,night,WSW,20,37,23.60,57.30,room_environment_data_sensor1_session3.csv
2026-09-20T20:24:04,3,1,indoor,window_open,open,closed,night,WSW,20,37,23.60,57.40,room_environment_data_sensor1_session3.csv
2026-09-20T20:24:34,3,1,indoor,window_open,open,closed,night,WSW,20,37,23.60,57.40,room_environment_data_sensor1_session3.csv
2026-09-20T20:25:04,3,1,indoor,window_open,open,closed,night,WSW,20,37,23.60,57.30,room_environment_data_sensor1_session3.csv
2026-09-20T20:25:34,3,1,indoor,window_open,open,closed,night,WSW,20,37,23.60,57.30,room_environment_data_sensor1_session3.csv
2026-09-20T20:26:04,3,1,indoor,window_open,open,closed,night,WSW,20,37,23.60,57.40,room_environment_data_sensor1_session3.csv
2026-09-20T20:26:34,3,1,indoor,window_open,open,closed,night,WSW,20,37,23.60,57.40,room_environment_data_sensor1_session3.csv
2026-09-20T20:27:04,3,1,indoor,window_open,open,closed,night,WSW,20,37,23.60,57.40,room_environment_data_sensor1_session3.csv
2026-09-20T20:27:34,3,1,indoor,window_open,open,closed,night,WSW,20,37,23.60,57.40,room_environment_data_sensor1_session3.csv
2026-09-20T20:28:04,3,1,indoor,window_open,open,closed,night,WSW,20,37,23.60,57.40,room_environment_data_sensor1_session3.csv
2026-09-20T20:28:34,3,1,indoor,window_open,open,closed,night,WSW,20,37,23.60,57.50,room_environment_data_sensor1_session3.csv
2026-09-20T20:29:04,3,1,indoor,window_open,open,closed,night,WSW,20,37,23.60,57.50,room_environment_data_sensor1_session3.csv
2026-09-20T20:29:34,3,1,indoor,window_open,open,closed,night,WSW,20,37,23.60,57.50,room_environment_data_sensor1_session3.csv
2026-09-20T20:30:04,3,1,indoor,window_open,open,closed,night,WSW,20,37,23.50,57.50,room_environment_data_sensor1_session3.csv
2026-09-20T20:30:34,3,1,indoor,window_open,open,closed,night,WSW,20,37,23.50,57.60,room_environment_data_sensor1_session3.csv
2026-09-20T20:31:04,3,1,indoor,window_open,open,closed,night,WSW,20,37,23.50,57.60,room_environment_data_sensor1_session3.csv
2026-09-20T20:31:34,3,1,indoor,window_open,open,closed,night,WSW,20,37,23.40,57.70,room_environment_data_sensor1_session3.csv
2026-09-20T20:32:04,3,1,indoor,window_open,open,closed,night,WSW,20,37,23.40,57.70,room_environment_data_sensor1_session3.csv
2026-09-20T20:32:34,3,1,indoor,window_open,open,closed,night,WSW,20,37,23.40,57.70,room_environment_data_sensor1_session3.csv
2026-09-20T20:33:04,3,1,indoor,window_open,open,closed,night,WSW,20,37,23.40,57.80,room_environment_data_sensor1_session3.csv
2026-09-20T20:33:34,3,1,indoor,window_open,open,closed,night,WSW,20,37,23.40,57.90,room_environment_data_sensor1_session3.csv
2026-09-20T20:34:04,3,1,indoor,window_open,open,closed,night,WSW,20,37,23.40,57.90,room_environment_data_sensor1_session3.csv
2026-09-20T20:34:34,3,1,indoor,window_open,open,closed,night,WSW,20,37,23.40,57.90,room_environment_data_sensor1_session3.csv
2026-09-20T20:35:04,3,1,indoor,window_open,open,closed,night,WSW,20,37,23.40,57.90,room_environment_data_sensor1_session3.csv
2026-09-20T20:35:34,3,1,indoor,window_open,open,closed,night,WSW,20,37,23.40,57.90,room_environment_data_sensor1_session3.csv
2026-09-20T20:36:04,3,1,indoor,window_open,open,closed,night,WSW,20,37,23.40,57.90,room_environment_data_sensor1_session3.csv
2026-09-20T20:36:34,3,1,indoor,window_open,open,closed,night,WSW,20,37,23.30,57.90,room_environment_data_sensor1_session3.csv
2026-09-20T20:37:04,3,1,indoor,window_open,open,closed,night,WSW,20,37,23.30,58.00,room_environment_data_sensor1_session3.csv
2026-09-20T20:37:34,3,1,indoor,window_open,open,closed,night,WSW,20,37,23.30,58.10,room_environment_data_sensor1_session3.csv
2026-09-20T20:38:04,3,1,indoor,window_open,open,closed,night,WSW,20,37,23.30,58.00,room_environment_data_sensor1_session3.csv
2026-09-20T20:38:34,3,1,indoor,window_open,open,closed,night,WSW,20,37,23.30,58.00,room_environment_data_sensor1_session3.csv
2026-09-20T20:39:04,3,1,indoor,window_open,open,closed,night,WSW,20,37,23.30,58.00,room_environment_data_sensor1_session3.csv
2026-09-20T20:39:34,3,1,indoor,window_open,open,closed,night,WSW,20,37,23.30,58.00,room_environment_data_sensor1_session3.csv
2026-09-20T20:40:04,3,1,indoor,window_open,open,closed,night,WSW,20,37,23.30,58.00,room_environment_data_sensor1_session3.csv
2026-09-20T20:40:34,3,1,indoor,window_open,open,closed,night,WSW,20,37,23.30,58.00,room_environment_data_sensor1_session3.csv
2026-09-20T20:41:04,3,1,indoor,window_open,open,closed,night,WSW,20,37,23.30,57.90,room_environment_data_sensor1_session3.csv
2026-09-20T20:41:34,3,1,indoor,window_open,open,closed,night,WSW,20,37,23.30,58.00,room_environment_data_sensor1_session3.csv
2026-09-20T20:42:04,3,1,indoor,window_open,open,closed,night,WSW,20,37,23.30,58.00,room_environment_data_sensor1_session3.csv
2026-09-20T20:42:34,3,1,indoor,window_open,open,closed,night,WSW,20,37,23.30,58.00,room_environment_data_sensor1_session3.csv
2026-09-20T20:43:04,3,1,indoor,window_open,open,closed,night,WSW,20,37,23.30,58.00,room_environment_data_sensor1_session3.csv
2026-09-20T20:43:35,3,1,indoor,window_open,open,closed,night,WSW,20,37,23.30,58.00,room_environment_data_sensor1_session3.csv
2026-09-20T20:44:05,3,1,indoor,window_open,open,closed,night,WSW,20,37,23.30,58.10,room_environment_data_sensor1_session3.csv
2026-09-20T20:44:35,3,1,indoor,window_open,open,closed,night,WSW,20,37,23.30,58.10,room_environment_data_sensor1_session3.csv
2026-09-20T20:45:05,3,1,indoor,window_open,open,closed,night,WSW,20,37,23.30,58.10,room_environment_data_sensor1_session3.csv
2026-09-20T20:45:35,3,1,indoor,window_open,open,closed,night,WSW,20,37,23.20,58.10,room_environment_data_sensor1_session3.csv
2026-09-20T20:46:05,3,1,indoor,window_open,open,closed,night,WSW,20,37,23.30,58.10,room_environment_data_sensor1_session3.csv
2026-09-20T20:46:35,3,1,indoor,window_open,open,closed,night,WSW,20,37,23.20,58.10,room_environment_data_sensor1_session3.csv
2026-09-20T20:47:05,3,1,indoor,window_open,open,closed,night,WSW,20,37,23.20,58.10,room_environment_data_sensor1_session3.csv
2026-09-20T20:47:35,3,1,indoor,window_open,open,closed,night,WSW,20,37,23.20,58.10,room_environment_data_sensor1_session3.csv
2026-09-20T20:48:05,3,1,indoor,window_open,open,closed,night,WSW,20,37,23.20,58.20,room_environment_data_sensor1_session3.csv
2026-09-20T20:48:35,3,1,indoor,window_open,open,closed,night,WSW,20,37,23.20,58.20,room_environment_data_sensor1_session3.csv
2026-09-20T20:49:05,3,1,indoor,window_open,open,closed,night,WSW,20,37,23.20,58.20,room_environment_data_sensor1_session3.csv
2026-09-20T20:49:35,3,1,indoor,window_open,open,closed,night,WSW,20,37,23.10,58.30,room_environment_data_sensor1_session3.csv
2026-09-20T20:50:05,3,1,indoor,window_open,open,closed,night,WSW,20,37,23.10,58.30,room_environment_data_sensor1_session3.csv
2026-09-20T20:50:35,3,1,indoor,window_open,open,closed,night,WSW,20,37,23.10,58.30,room_environment_data_sensor1_session3.csv
2026-09-20T20:51:05,3,1,indoor,window_open,open,closed,night,WSW,20,37,23.10,58.30,room_environment_data_sensor1_session3.csv
2026-09-20T20:51:35,3,1,indoor,window_open,open,closed,night,WSW,20,37,23.10,58.40,room_environment_data_sensor1_session3.csv
2026-09-20T20:52:05,3,1,indoor,window_open,open,closed,night,WSW,20,37,23.00,58.40,room_environment_data_sensor1_session3.csv
2026-09-20T20:52:35,3,1,indoor,window_open,open,closed,night,WSW,20,37,23.00,58.40,room_environment_data_sensor1_session3.csv
2026-09-20T20:53:05,3,1,indoor,window_open,open,closed,night,WSW,20,37,23.00,58.40,room_environment_data_sensor1_session3.csv
2026-09-20T20:53:35,3,1,indoor,window_open,open,closed,night,WSW,20,37,23.00,58.40,room_environment_data_sensor1_session3.csv
2026-09-20T20:54:05,3,1,indoor,window_open,open,closed,night,WSW,20,37,23.00,58.50,room_environment_data_sensor1_session3.csv
2026-09-20T20:54:35,3,1,indoor,window_open,open,closed,night,WSW,20,37,23.00,58.50,room_environment_data_sensor1_session3.csv
2026-09-20T20:55:05,3,1,indoor,window_open,open,closed,night,WSW,20,37,23.00,58.50,room_environment_data_sensor1_session3.csv
2026-09-20T20:55:35,3,1,indoor,window_open,open,closed,night,WSW,20,37,22.90,58.60,room_environment_data_sensor1_session3.csv
2026-09-20T20:56:05,3,1,indoor,window_open,open,closed,night,WSW,20,37,22.90,58.60,room_environment_data_sensor1_session3.csv
2026-09-20T20:56:35,3,1,indoor,window_open,open,closed,night,WSW,20,37,23.00,58.60,room_environment_data_sensor1_session3.csv
2026-09-20T20:57:05,3,1,indoor,window_open,open,closed,night,WSW,20,37,22.90,58.60,room_environment_data_sensor1_session3.csv
2026-09-20T20:57:35,3,1,indoor,window_open,open,closed,night,WSW,20,37,23.00,58.60,room_environment_data_sensor1_session3.csv
2026-09-20T20:58:05,3,1,indoor,window_open,open,closed,night,WSW,20,37,23.00,58.50,room_environment_data_sensor1_session3.csv
2026-09-20T20:58:35,3,1,indoor,window_open,open,closed,night,WSW,20,37,23.00,58.50,room_environment_data_sensor1_session3.csv
2026-09-20T20:59:05,3,1,indoor,window_open,open,closed,night,WSW,20,37,23.00,58.50,room_environment_data_sensor1_session3.csv
2026-09-20T20:59:35,3,1,indoor,window_open,open,closed,night,WSW,20,37,22.90,58.50,room_environment_data_sensor1_session3.csv
2026-09-20T21:00:05,3,1,indoor,recovery,closed,closed,night,WSW,20,37,22.90,58.50,room_environment_data_sensor1_session3.csv
2026-09-20T21:00:35,3,1,indoor,recovery,closed,closed,night,WSW,20,37,22.90,58.50,room_environment_data_sensor1_session3.csv
2026-09-20T21:01:05,3,1,indoor,recovery,closed,closed,night,WSW,20,37,22.90,58.50,room_environment_data_sensor1_session3.csv
2026-09-20T21:01:35,3,1,indoor,recovery,closed,closed,night,WSW,20,37,22.90,58.50,room_environment_data_sensor1_session3.csv
2026-09-20T21:02:05,3,1,indoor,recovery,closed,closed,night,WSW,20,37,22.90,58.60,room_environment_data_sensor1_session3.csv
2026-09-20T21:02:35,3,1,indoor,recovery,closed,closed,night,WSW,20,37,22.90,58.70,room_environment_data_sensor1_session3.csv
2026-09-20T21:03:05,3,1,indoor,recovery,closed,closed,night,WSW,20,37,22.90,58.60,room_environment_data_sensor1_session3.csv
2026-09-20T21:03:35,3,1,indoor,recovery,closed,closed,night,WSW,20,37,22.90,58.70,room_environment_data_sensor1_session3.csv
2026-09-20T21:04:05,3,1,indoor,recovery,closed,closed,night,WSW,20,37,23.00,58.60,room_environment_data_sensor1_session3.csv
2026-09-20T21:04:35,3,1,indoor,recovery,closed,closed,night,WSW,20,37,23.00,58.60,room_environment_data_sensor1_session3.csv
2026-09-20T21:05:05,3,1,indoor,recovery,closed,closed,night,WSW,20,37,23.00,58.60,room_environment_data_sensor1_session3.csv
2026-09-20T21:05:35,3,1,indoor,recovery,closed,closed,night,WSW,20,37,23.00,58.60,room_environment_data_sensor1_session3.csv
2026-09-20T21:06:05,3,1,indoor,recovery,closed,closed,night,WSW,20,37,23.00,58.50,room_environment_data_sensor1_session3.csv
2026-09-20T21:06:35,3,1,indoor,recovery,closed,closed,night,WSW,20,37,23.00,58.50,room_environment_data_sensor1_session3.csv
2026-09-20T21:07:05,3,1,indoor,recovery,closed,closed,night,WSW,20,37,23.00,58.50,room_environment_data_sensor1_session3.csv
2026-09-20T21:07:35,3,1,indoor,recovery,closed,closed,night,WSW,20,37,23.10,58.40,room_environment_data_sensor1_session3.csv
2026-09-20T21:08:05,3,1,indoor,recovery,closed,closed,night,WSW,20,37,23.10,58.40,room_environment_data_sensor1_session3.csv
2026-09-20T21:08:35,3,1,indoor,recovery,closed,closed,night,WSW,20,37,23.10,58.40,room_environment_data_sensor1_session3.csv
2026-09-20T21:09:05,3,1,indoor,recovery,closed,closed,night,WSW,20,37,23.10,58.40,room_environment_data_sensor1_session3.csv
2026-09-20T21:09:35,3,1,indoor,recovery,closed,closed,night,WSW,20,37,23.10,58.40,room_environment_data_sensor1_session3.csv
2026-09-20T21:10:05,3,1,indoor,recovery,closed,closed,night,WSW,20,37,23.10,58.30,room_environment_data_sensor1_session3.csv
2026-09-20T21:10:35,3,1,indoor,recovery,closed,closed,night,WSW,20,37,23.10,58.30,room_environment_data_sensor1_session3.csv
2026-09-20T21:11:05,3,1,indoor,recovery,closed,closed,night,WSW,20,37,23.10,58.40,room_environment_data_sensor1_session3.csv
2026-09-20T21:11:35,3,1,indoor,recovery,closed,closed,night,WSW,20,37,23.10,58.30,room_environment_data_sensor1_session3.csv
2026-09-20T21:12:05,3,1,indoor,recovery,closed,closed,night,WSW,20,37,23.10,58.30,room_environment_data_sensor1_session3.csv
2026-09-20T21:12:35,3,1,indoor,recovery,closed,closed,night,WSW,20,37,23.10,58.30,room_environment_data_sensor1_session3.csv
2026-09-20T21:13:05,3,1,indoor,recovery,closed,closed,night,WSW,20,37,23.10,58.30,room_environment_data_sensor1_session3.csv
2026-09-20T21:13:35,3,1,indoor,recovery,closed,closed,night,WSW,20,37,23.10,58.30,room_environment_data_sensor1_session3.csv
2026-09-20T21:14:05,3,1,indoor,recovery,closed,closed,night,WSW,20,37,23.10,58.20,room_environment_data_sensor1_session3.csv
2026-09-20T21:14:35,3,1,indoor,recovery,closed,closed,night,WSW,20,37,23.10,58.30,room_environment_data_sensor1_session3.csv
2026-09-20T21:15:05,3,1,indoor,recovery,closed,closed,night,WSW,20,37,23.10,58.30,room_environment_data_sensor1_session3.csv
2026-09-20T21:15:35,3,1,indoor,recovery,closed,closed,night,WSW,20,37,23.10,58.30,room_environment_data_sensor1_session3.csv
2026-09-20T21:16:05,3,1,indoor,recovery,closed,closed,night,WSW,20,37,23.10,58.30,room_environment_data_sensor1_session3.csv
2026-09-20T21:16:35,3,1,indoor,recovery,closed,closed,night,WSW,20,37,23.10,58.30,room_environment_data_sensor1_session3.csv
2026-09-20T21:17:05,3,1,indoor,recovery,closed,closed,night,WSW,20,37,23.10,58.30,room_environment_data_sensor1_session3.csv
2026-09-20T21:17:35,3,1,indoor,recovery,closed,closed,night,WSW,20,37,23.10,58.30,room_environment_data_sensor1_session3.csv
2026-09-20T21:18:05,3,1,indoor,recovery,closed,closed,night,WSW,20,37,23.10,58.30,room_environment_data_sensor1_session3.csv
2026-09-20T21:18:35,3,1,indoor,recovery,closed,closed,night,WSW,20,37,23.10,58.30,room_environment_data_sensor1_session3.csv
2026-09-20T21:19:05,3,1,indoor,recovery,closed,closed,night,WSW,20,37,23.10,58.40,room_environment_data_sensor1_session3.csv
2026-09-20T21:19:35,3,1,indoor,recovery,closed,closed,night,WSW,20,37,23.10,58.40,room_environment_data_sensor1_session3.csv
2026-09-20T21:20:05,3,1,indoor,recovery,closed,closed,night,WSW,20,37,23.10,58.30,room_environment_data_sensor1_session3.csv
2026-09-20T21:20:35,3,1,indoor,recovery,closed,closed,night,WSW,20,37,23.10,58.30,room_environment_data_sensor1_session3.csv
2026-09-20T21:21:05,3,1,indoor,recovery,closed,closed,night,WSW,20,37,23.10,58.30,room_environment_data_sensor1_session3.csv
2026-09-20T21:21:35,3,1,indoor,recovery,closed,closed,night,WSW,20,37,23.10,58.30,room_environment_data_sensor1_session3.csv
2026-09-20T21:22:05,3,1,indoor,recovery,closed,closed,night,WSW,20,37,23.10,58.30,room_environment_data_sensor1_session3.csv
2026-09-20T21:22:35,3,1,indoor,recovery,closed,closed,night,WSW,20,37,23.10,58.30,room_environment_data_sensor1_session3.csv
2026-09-20T21:23:05,3,1,indoor,recovery,closed,closed,night,WSW,20,37,23.10,58.30,room_environment_data_sensor1_session3.csv
2026-09-20T21:23:35,3,1,indoor,recovery,closed,closed,night,WSW,20,37,23.10,58.30,room_environment_data_sensor1_session3.csv
2026-09-20T21:24:05,3,1,indoor,recovery,closed,closed,night,WSW,20,37,23.10,58.30,room_environment_data_sensor1_session3.csv
2026-09-20T21:24:35,3,1,indoor,recovery,closed,closed,night,WSW,20,37,23.10,58.40,room_environment_data_sensor1_session3.csv
2026-09-20T21:25:05,3,1,indoor,recovery,closed,closed,night,WSW,20,37,23.10,58.30,room_environment_data_sensor1_session3.csv
2026-09-20T21:25:35,3,1,indoor,recovery,closed,closed,night,WSW,20,37,23.10,58.30,room_environment_data_sensor1_session3.csv
2026-09-20T21:26:05,3,1,indoor,recovery,closed,closed,night,WSW,20,37,23.10,58.30,room_environment_data_sensor1_session3.csv
2026-09-20T21:26:35,3,1,indoor,recovery,closed,closed,night,WSW,20,37,23.10,58.30,room_environment_data_sensor1_session3.csv
2026-09-20T21:27:05,3,1,indoor,recovery,closed,closed,night,WSW,20,37,23.10,58.30,room_environment_data_sensor1_session3.csv
2026-09-20T21:27:35,3,1,indoor,recovery,closed,closed,night,WSW,20,37,23.10,58.40,room_environment_data_sensor1_session3.csv
2026-09-20T21:28:05,3,1,indoor,recovery,closed,closed,night,WSW,20,37,23.10,58.30,room_environment_data_sensor1_session3.csv
2026-09-20T21:28:35,3,1,indoor,recovery,closed,closed,night,WSW,20,37,23.10,58.30,room_environment_data_sensor1_session3.csv
2026-09-20T21:29:05,3,1,indoor,recovery,closed,closed,night,WSW,20,37,23.00,58.40,room_environment_data_sensor1_session3.csv
2026-09-20T21:29:35,3,1,indoor,recovery,closed,closed,night,WSW,20,37,23.00,58.30,room_environment_data_sensor1_session3.csv
2026-09-20T21:30:05,3,1,indoor,recovery,closed,closed,night,WSW,20,37,23.10,58.40,room_environment_data_sensor1_session3.csv
2026-09-20T21:30:35,3,1,indoor,recovery,closed,closed,night,WSW,20,37,23.10,58.30,room_environment_data_sensor1_session3.csv
2026-09-20T21:31:05,3,1,indoor,recovery,closed,closed,night,WSW,20,37,23.00,58.30,room_environment_data_sensor1_session3.csv
2026-09-20T21:31:35,3,1,indoor,recovery,closed,closed,night,WSW,20,37,23.00,58.30,room_environment_data_sensor1_session3.csv
2026-09-20T21:32:05,3,1,indoor,recovery,closed,closed,night,WSW,20,37,23.00,58.40,room_environment_data_sensor1_session3.csv
2026-09-20T21:32:35,3,1,indoor,recovery,closed,closed,night,WSW,20,37,23.00,58.30,room_environment_data_sensor1_session3.csv
2026-09-20T21:33:05,3,1,indoor,recovery,closed,closed,night,WSW,20,37,23.00,58.30,room_environment_data_sensor1_session3.csv
2026-09-20T21:33:35,3,1,indoor,recovery,closed,closed,night,WSW,20,37,23.00,58.30,room_environment_data_sensor1_session3.csv
2026-09-20T21:34:05,3,1,indoor,recovery,closed,closed,night,WSW,20,37,23.00,58.30,room_environment_data_sensor1_session3.csv
2026-09-20T21:34:35,3,1,indoor,recovery,closed,closed,night,WSW,20,37,23.00,58.30,room_environment_data_sensor1_session3.csv
2026-09-20T21:35:05,3,1,indoor,recovery,closed,closed,night,WSW,20,37,23.00,58.30,room_environment_data_sensor1_session3.csv
2026-09-20T21:35:35,3,1,indoor,recovery,closed,closed,night,WSW,20,37,23.00,58.20,room_environment_data_sensor1_session3.csv
2026-09-20T21:36:05,3,1,indoor,recovery,closed,closed,night,WSW,20,37,23.00,58.30,room_environment_data_sensor1_session3.csv
2026-09-20T21:36:35,3,1,indoor,recovery,closed,closed,night,WSW,20,37,23.00,58.20,room_environment_data_sensor1_session3.csv
2026-09-20T21:37:05,3,1,indoor,recovery,closed,closed,night,WSW,20,37,23.00,58.30,room_environment_data_sensor1_session3.csv
2026-09-20T21:37:35,3,1,indoor,recovery,closed,closed,night,WSW,20,37,23.00,58.50,room_environment_data_sensor1_session3.csv
2026-09-20T21:38:05,3,1,indoor,recovery,closed,closed,night,WSW,20,37,23.10,58.40,room_environment_data_sensor1_session3.csv
2026-09-20T21:38:35,3,1,indoor,recovery,closed,closed,night,WSW,20,37,23.10,58.30,room_environment_data_sensor1_session3.csv
2026-09-20T21:39:05,3,1,indoor,recovery,closed,closed,night,WSW,20,37,23.10,58.30,room_environment_data_sensor1_session3.csv
2026-09-20T21:39:35,3,1,indoor,recovery,closed,closed,night,WSW,20,37,23.00,58.20,room_environment_data_sensor1_session3.csv
2026-09-20T21:40:05,3,1,indoor,recovery,closed,closed,night,WSW,20,37,23.10,58.30,room_environment_data_sensor1_session3.csv
2026-09-20T21:40:35,3,1,indoor,recovery,closed,closed,night,WSW,20,37,23.10,58.40,room_environment_data_sensor1_session3.csv
2026-09-20T21:41:05,3,1,indoor,recovery,closed,closed,night,WSW,20,37,23.10,58.70,room_environment_data_sensor1_session3.csv
2026-09-20T21:41:35,3,1,indoor,recovery,closed,closed,night,WSW,20,37,23.10,58.60,room_environment_data_sensor1_session3.csv
2026-09-20T21:42:05,3,1,indoor,recovery,closed,closed,night,WSW,20,37,23.10,58.70,room_environment_data_sensor1_session3.csv
2026-09-20T21:42:35,3,1,indoor,recovery,closed,closed,night,WSW,20,37,23.10,58.70,room_environment_data_sensor1_session3.csv
2026-09-20T21:43:05,3,1,indoor,recovery,closed,closed,night,WSW,20,37,23.10,58.70,room_environment_data_sensor1_session3.csv
2026-09-20T21:43:35,3,1,indoor,recovery,closed,closed,night,WSW,20,37,23.10,58.70,room_environment_data_sensor1_session3.csv
2026-09-20T21:44:05,3,1,indoor,recovery,closed,closed,night,WSW,20,37,23.10,58.70,room_environment_data_sensor1_session3.csv
2026-09-20T21:44:35,3,1,indoor,recovery,closed,closed,night,WSW,20,37,23.10,58.70,room_environment_data_sensor1_session3.csv
2026-09-20T21:45:05,3,1,indoor,recovery,closed,closed,night,WSW,20,37,23.10,58.60,room_environment_data_sensor1_session3.csv
2026-09-20T21:45:35,3,1,indoor,recovery,closed,closed,night,WSW,20,37,23.10,58.70,room_environment_data_sensor1_session3.csv
2026-09-20T21:46:05,3,1,indoor,recovery,closed,closed,night,WSW,20,37,23.10,58.70,room_environment_data_sensor1_session3.csv
2026-09-20T21:46:35,3,1,indoor,recovery,closed,closed,night,WSW,20,37,23.10,58.70,room_environment_data_sensor1_session3.csv
2026-09-20T21:47:05,3,1,indoor,recovery,closed,closed,night,WSW,20,37,23.10,58.70,room_environment_data_sensor1_session3.csv
2026-09-20T21:47:35,3,1,indoor,recovery,closed,closed,night,WSW,20,37,23.10,58.80,room_environment_data_sensor1_session3.csv
2026-09-20T21:48:05,3,1,indoor,recovery,closed,closed,night,WSW,20,37,23.10,58.80,room_environment_data_sensor1_session3.csv
2026-09-20T21:48:35,3,1,indoor,recovery,closed,closed,night,WSW,20,37,23.10,58.80,room_environment_data_sensor1_session3.csv
2026-09-20T21:49:05,3,1,indoor,recovery,closed,closed,night,WSW,20,37,23.10,58.90,room_environment_data_sensor1_session3.csv
2026-09-20T21:49:35,3,1,indoor,recovery,closed,closed,night,WSW,20,37,23.10,58.80,room_environment_data_sensor1_session3.csv
2026-09-20T21:50:05,3,1,indoor,recovery,closed,closed,night,WSW,20,37,23.20,58.90,room_environment_data_sensor1_session3.csv
2026-09-20T21:50:35,3,1,indoor,recovery,closed,closed,night,WSW,20,37,23.10,58.90,room_environment_data_sensor1_session3.csv
2026-09-20T21:51:05,3,1,indoor,recovery,closed,closed,night,WSW,20,37,23.20,58.90,room_environment_data_sensor1_session3.csv
2026-09-20T21:51:35,3,1,indoor,recovery,closed,closed,night,WSW,20,37,23.10,58.90,room_environment_data_sensor1_session3.csv
2026-09-20T21:52:05,3,1,indoor,recovery,closed,closed,night,WSW,20,37,23.20,59.00,room_environment_data_sensor1_session3.csv
2026-09-20T21:52:35,3,1,indoor,recovery,closed,closed,night,WSW,20,37,23.20,59.00,room_environment_data_sensor1_session3.csv
2026-09-20T21:53:05,3,1,indoor,recovery,closed,closed,night,WSW,20,37,23.10,59.00,room_environment_data_sensor1_session3.csv
2026-09-20T21:53:35,3,1,indoor,recovery,closed,closed,night,WSW,20,37,23.10,59.00,room_environment_data_sensor1_session3.csv
2026-09-20T21:54:05,3,1,indoor,recovery,closed,closed,night,WSW,20,37,23.10,59.10,room_environment_data_sensor1_session3.csv
2026-09-20T21:54:35,3,1,indoor,recovery,closed,closed,night,WSW,20,37,23.20,59.20,room_environment_data_sensor1_session3.csv
2026-09-20T21:55:05,3,1,indoor,recovery,closed,closed,night,WSW,20,37,23.20,59.20,room_environment_data_sensor1_session3.csv
2026-09-20T21:55:35,3,1,indoor,recovery,closed,closed,night,WSW,20,37,23.20,59.30,room_environment_data_sensor1_session3.csv
2026-09-20T21:56:05,3,1,indoor,recovery,closed,closed,night,WSW,20,37,23.20,59.30,room_environment_data_sensor1_session3.csv
2026-09-20T21:56:35,3,1,indoor,recovery,closed,closed,night,WSW,20,37,23.20,59.20,room_environment_data_sensor1_session3.csv
2026-09-20T21:57:06,3,1,indoor,recovery,closed,closed,night,WSW,20,37,23.20,59.20,room_environment_data_sensor1_session3.csv
2026-09-20T21:57:36,3,1,indoor,recovery,closed,closed,night,WSW,20,37,23.20,59.20,room_environment_data_sensor1_session3.csv
2026-09-20T21:58:06,3,1,indoor,recovery,closed,closed,night,WSW,20,37,23.20,59.20,room_environment_data_sensor1_session3.csv
2026-09-20T21:58:36,3,1,indoor,recovery,closed,closed,night,WSW,20,37,23.20,59.30,room_environment_data_sensor1_session3.csv
2026-09-20T21:59:06,3,1,indoor,recovery,closed,closed,night,WSW,20,37,23.10,59.30,room_environment_data_sensor1_session3.csv
2026-09-20T21:59:36,3,1,indoor,recovery,closed,closed,night,WSW,20,37,23.20,59.30,room_environment_data_sensor1_session3.csv
2026-09-20T19:00:24,3,2,outdoor,baseline,closed,closed,night,WSW,20,37,25.50,31.10,room_environment_data_sensor2_session3.csv
2026-09-20T19:00:54,3,2,outdoor,baseline,closed,closed,night,WSW,20,37,25.40,31.40,room_environment_data_sensor2_session3.csv
2026-09-20T19:01:24,3,2,outdoor,baseline,closed,closed,night,WSW,20,37,25.40,31.20,room_environment_data_sensor2_session3.csv
2026-09-20T19:01:54,3,2,outdoor,baseline,closed,closed,night,WSW,20,37,25.40,31.50,room_environment_data_sensor2_session3.csv
2026-09-20T19:02:25,3,2,outdoor,baseline,closed,closed,night,WSW,20,37,25.30,31.60,room_environment_data_sensor2_session3.csv
2026-09-20T19:02:55,3,2,outdoor,baseline,closed,closed,night,WSW,20,37,25.30,31.70,room_environment_data_sensor2_session3.csv
2026-09-20T19:03:25,3,2,outdoor,baseline,closed,closed,night,WSW,20,37,25.30,31.10,room_environment_data_sensor2_session3.csv
2026-09-20T19:03:55,3,2,outdoor,baseline,closed,closed,night,WSW,20,37,25.30,31.40,room_environment_data_sensor2_session3.csv
2026-09-20T19:04:25,3,2,outdoor,baseline,closed,closed,night,WSW,20,37,25.40,31.40,room_environment_data_sensor2_session3.csv
2026-09-20T19:04:55,3,2,outdoor,baseline,closed,closed,night,WSW,20,37,25.30,31.60,room_environment_data_sensor2_session3.csv
2026-09-20T19:05:25,3,2,outdoor,baseline,closed,closed,night,WSW,20,37,25.30,31.60,room_environment_data_sensor2_session3.csv
2026-09-20T19:05:55,3,2,outdoor,baseline,closed,closed,night,WSW,20,37,25.30,31.70,room_environment_data_sensor2_session3.csv
2026-09-20T19:06:25,3,2,outdoor,baseline,closed,closed,night,WSW,20,37,25.20,32.10,room_environment_data_sensor2_session3.csv
2026-09-20T19:06:55,3,2,outdoor,baseline,closed,closed,night,WSW,20,37,25.20,32.10,room_environment_data_sensor2_session3.csv
2026-09-20T19:07:25,3,2,outdoor,baseline,closed,closed,night,WSW,20,37,25.10,33.00,room_environment_data_sensor2_session3.csv
2026-09-20T19:07:55,3,2,outdoor,baseline,closed,closed,night,WSW,20,37,25.10,33.00,room_environment_data_sensor2_session3.csv
2026-09-20T19:08:25,3,2,outdoor,baseline,closed,closed,night,WSW,20,37,25.00,33.00,room_environment_data_sensor2_session3.csv
2026-09-20T19:08:55,3,2,outdoor,baseline,closed,closed,night,WSW,20,37,24.90,33.20,room_environment_data_sensor2_session3.csv
2026-09-20T19:09:25,3,2,outdoor,baseline,closed,closed,night,WSW,20,37,24.90,34.10,room_environment_data_sensor2_session3.csv
2026-09-20T19:09:55,3,2,outdoor,baseline,closed,closed,night,WSW,20,37,24.70,35.50,room_environment_data_sensor2_session3.csv
2026-09-20T19:10:25,3,2,outdoor,baseline,closed,closed,night,WSW,20,37,24.50,36.10,room_environment_data_sensor2_session3.csv
2026-09-20T19:10:56,3,2,outdoor,baseline,closed,closed,night,WSW,20,37,24.40,36.70,room_environment_data_sensor2_session3.csv
2026-09-20T19:11:26,3,2,outdoor,baseline,closed,closed,night,WSW,20,37,24.40,36.60,room_environment_data_sensor2_session3.csv
2026-09-20T19:11:56,3,2,outdoor,baseline,closed,closed,night,WSW,20,37,24.30,37.20,room_environment_data_sensor2_session3.csv
2026-09-20T19:12:26,3,2,outdoor,baseline,closed,closed,night,WSW,20,37,24.20,37.10,room_environment_data_sensor2_session3.csv
2026-09-20T19:12:56,3,2,outdoor,baseline,closed,closed,night,WSW,20,37,24.20,37.30,room_environment_data_sensor2_session3.csv
2026-09-20T19:13:26,3,2,outdoor,baseline,closed,closed,night,WSW,20,37,24.10,37.80,room_environment_data_sensor2_session3.csv
2026-09-20T19:13:56,3,2,outdoor,baseline,closed,closed,night,WSW,20,37,24.10,37.90,room_environment_data_sensor2_session3.csv
2026-09-20T19:14:26,3,2,outdoor,baseline,closed,closed,night,WSW,20,37,24.10,37.80,room_environment_data_sensor2_session3.csv
2026-09-20T19:14:56,3,2,outdoor,baseline,closed,closed,night,WSW,20,37,24.10,37.70,room_environment_data_sensor2_session3.csv
2026-09-20T19:15:26,3,2,outdoor,baseline,closed,closed,night,WSW,20,37,24.10,38.10,room_environment_data_sensor2_session3.csv
2026-09-20T19:15:56,3,2,outdoor,baseline,closed,closed,night,WSW,20,37,24.00,38.70,room_environment_data_sensor2_session3.csv
2026-09-20T19:16:26,3,2,outdoor,baseline,closed,closed,night,WSW,20,37,23.80,38.90,room_environment_data_sensor2_session3.csv
2026-09-20T19:16:56,3,2,outdoor,baseline,closed,closed,night,WSW,20,37,23.80,39.30,room_environment_data_sensor2_session3.csv
2026-09-20T19:17:26,3,2,outdoor,baseline,closed,closed,night,WSW,20,37,23.70,39.30,room_environment_data_sensor2_session3.csv
2026-09-20T19:17:56,3,2,outdoor,baseline,closed,closed,night,WSW,20,37,23.70,39.40,room_environment_data_sensor2_session3.csv
2026-09-20T19:18:26,3,2,outdoor,baseline,closed,closed,night,WSW,20,37,23.70,39.60,room_environment_data_sensor2_session3.csv
2026-09-20T19:18:56,3,2,outdoor,baseline,closed,closed,night,WSW,20,37,23.70,39.60,room_environment_data_sensor2_session3.csv
2026-09-20T19:19:27,3,2,outdoor,baseline,closed,closed,night,WSW,20,37,23.60,39.60,room_environment_data_sensor2_session3.csv
2026-09-20T19:19:57,3,2,outdoor,baseline,closed,closed,night,WSW,20,37,23.60,39.80,room_environment_data_sensor2_session3.csv
2026-09-20T19:20:27,3,2,outdoor,baseline,closed,closed,night,WSW,20,37,23.50,40.10,room_environment_data_sensor2_session3.csv
2026-09-20T19:20:57,3,2,outdoor,baseline,closed,closed,night,WSW,20,37,23.50,40.00,room_environment_data_sensor2_session3.csv
2026-09-20T19:21:27,3,2,outdoor,baseline,closed,closed,night,WSW,20,37,23.50,40.40,room_environment_data_sensor2_session3.csv
2026-09-20T19:21:57,3,2,outdoor,baseline,closed,closed,night,WSW,20,37,23.50,40.30,room_environment_data_sensor2_session3.csv
2026-09-20T19:22:27,3,2,outdoor,baseline,closed,closed,night,WSW,20,37,23.40,40.30,room_environment_data_sensor2_session3.csv
2026-09-20T19:22:57,3,2,outdoor,baseline,closed,closed,night,WSW,20,37,23.40,40.40,room_environment_data_sensor2_session3.csv
2026-09-20T19:23:27,3,2,outdoor,baseline,closed,closed,night,WSW,20,37,23.30,40.70,room_environment_data_sensor2_session3.csv
2026-09-20T19:23:57,3,2,outdoor,baseline,closed,closed,night,WSW,20,37,23.30,40.70,room_environment_data_sensor2_session3.csv
2026-09-20T19:24:27,3,2,outdoor,baseline,closed,closed,night,WSW,20,37,23.30,40.90,room_environment_data_sensor2_session3.csv
2026-09-20T19:24:57,3,2,outdoor,baseline,closed,closed,night,WSW,20,37,23.20,41.00,room_environment_data_sensor2_session3.csv
2026-09-20T19:25:27,3,2,outdoor,baseline,closed,closed,night,WSW,20,37,23.10,41.00,room_environment_data_sensor2_session3.csv
2026-09-20T19:25:57,3,2,outdoor,baseline,closed,closed,night,WSW,20,37,23.20,41.10,room_environment_data_sensor2_session3.csv
2026-09-20T19:26:27,3,2,outdoor,baseline,closed,closed,night,WSW,20,37,23.20,41.30,room_environment_data_sensor2_session3.csv
2026-09-20T19:26:57,3,2,outdoor,baseline,closed,closed,night,WSW,20,37,23.10,41.30,room_environment_data_sensor2_session3.csv
2026-09-20T19:27:27,3,2,outdoor,baseline,closed,closed,night,WSW,20,37,23.10,41.50,room_environment_data_sensor2_session3.csv
2026-09-20T19:27:57,3,2,outdoor,baseline,closed,closed,night,WSW,20,37,23.10,41.70,room_environment_data_sensor2_session3.csv
2026-09-20T19:28:28,3,2,outdoor,baseline,closed,closed,night,WSW,20,37,23.00,42.00,room_environment_data_sensor2_session3.csv
2026-09-20T19:28:58,3,2,outdoor,baseline,closed,closed,night,WSW,20,37,23.00,42.20,room_environment_data_sensor2_session3.csv
2026-09-20T19:29:28,3,2,outdoor,baseline,closed,closed,night,WSW,20,37,22.90,42.70,room_environment_data_sensor2_session3.csv
2026-09-20T19:29:58,3,2,outdoor,baseline,closed,closed,night,WSW,20,37,22.80,43.30,room_environment_data_sensor2_session3.csv
2026-09-20T19:30:28,3,2,outdoor,baseline,closed,closed,night,WSW,20,37,22.70,43.50,room_environment_data_sensor2_session3.csv
2026-09-20T19:30:58,3,2,outdoor,baseline,closed,closed,night,WSW,20,37,22.70,43.70,room_environment_data_sensor2_session3.csv
2026-09-20T19:31:28,3,2,outdoor,baseline,closed,closed,night,WSW,20,37,22.60,43.90,room_environment_data_sensor2_session3.csv
2026-09-20T19:31:58,3,2,outdoor,baseline,closed,closed,night,WSW,20,37,22.50,44.90,room_environment_data_sensor2_session3.csv
2026-09-20T19:32:28,3,2,outdoor,baseline,closed,closed,night,WSW,20,37,22.30,45.10,room_environment_data_sensor2_session3.csv
2026-09-20T19:32:58,3,2,outdoor,baseline,closed,closed,night,WSW,20,37,22.30,45.80,room_environment_data_sensor2_session3.csv
2026-09-20T19:33:28,3,2,outdoor,baseline,closed,closed,night,WSW,20,37,22.00,47.40,room_environment_data_sensor2_session3.csv
2026-09-20T19:33:58,3,2,outdoor,baseline,closed,closed,night,WSW,20,37,21.70,48.50,room_environment_data_sensor2_session3.csv
2026-09-20T19:34:28,3,2,outdoor,baseline,closed,closed,night,WSW,20,37,21.80,48.70,room_environment_data_sensor2_session3.csv
2026-09-20T19:34:58,3,2,outdoor,baseline,closed,closed,night,WSW,20,37,21.70,48.90,room_environment_data_sensor2_session3.csv
2026-09-20T19:35:28,3,2,outdoor,baseline,closed,closed,night,WSW,20,37,21.40,49.70,room_environment_data_sensor2_session3.csv
2026-09-20T19:35:58,3,2,outdoor,baseline,closed,closed,night,WSW,20,37,21.40,50.00,room_environment_data_sensor2_session3.csv
2026-09-20T19:36:28,3,2,outdoor,baseline,closed,closed,night,WSW,20,37,21.40,50.30,room_environment_data_sensor2_session3.csv
2026-09-20T19:36:59,3,2,outdoor,baseline,closed,closed,night,WSW,20,37,21.20,50.80,room_environment_data_sensor2_session3.csv
2026-09-20T19:37:29,3,2,outdoor,baseline,closed,closed,night,WSW,20,37,21.30,50.70,room_environment_data_sensor2_session3.csv
2026-09-20T19:37:59,3,2,outdoor,baseline,closed,closed,night,WSW,20,37,21.20,50.90,room_environment_data_sensor2_session3.csv
2026-09-20T19:38:29,3,2,outdoor,baseline,closed,closed,night,WSW,20,37,21.10,51.50,room_environment_data_sensor2_session3.csv
2026-09-20T19:38:59,3,2,outdoor,baseline,closed,closed,night,WSW,20,37,21.10,51.60,room_environment_data_sensor2_session3.csv
2026-09-20T19:39:29,3,2,outdoor,baseline,closed,closed,night,WSW,20,37,21.00,52.00,room_environment_data_sensor2_session3.csv
2026-09-20T19:39:59,3,2,outdoor,baseline,closed,closed,night,WSW,20,37,20.80,53.00,room_environment_data_sensor2_session3.csv
2026-09-20T19:40:29,3,2,outdoor,baseline,closed,closed,night,WSW,20,37,20.70,52.90,room_environment_data_sensor2_session3.csv
2026-09-20T19:40:59,3,2,outdoor,baseline,closed,closed,night,WSW,20,37,20.80,52.90,room_environment_data_sensor2_session3.csv
2026-09-20T19:41:29,3,2,outdoor,baseline,closed,closed,night,WSW,20,37,20.70,53.20,room_environment_data_sensor2_session3.csv
2026-09-20T19:41:59,3,2,outdoor,baseline,closed,closed,night,WSW,20,37,20.60,53.40,room_environment_data_sensor2_session3.csv
2026-09-20T19:42:29,3,2,outdoor,baseline,closed,closed,night,WSW,20,37,20.70,53.30,room_environment_data_sensor2_session3.csv
2026-09-20T19:42:59,3,2,outdoor,baseline,closed,closed,night,WSW,20,37,20.70,53.50,room_environment_data_sensor2_session3.csv
2026-09-20T19:43:29,3,2,outdoor,baseline,closed,closed,night,WSW,20,37,20.60,53.70,room_environment_data_sensor2_session3.csv
2026-09-20T19:43:59,3,2,outdoor,baseline,closed,closed,night,WSW,20,37,20.60,53.30,room_environment_data_sensor2_session3.csv
2026-09-20T19:44:29,3,2,outdoor,baseline,closed,closed,night,WSW,20,37,20.60,53.60,room_environment_data_sensor2_session3.csv
2026-09-20T19:44:59,3,2,outdoor,baseline,closed,closed,night,WSW,20,37,20.50,54.20,room_environment_data_sensor2_session3.csv
2026-09-20T19:45:30,3,2,outdoor,baseline,closed,closed,night,WSW,20,37,20.30,54.80,room_environment_data_sensor2_session3.csv
2026-09-20T19:46:00,3,2,outdoor,baseline,closed,closed,night,WSW,20,37,20.30,55.00,room_environment_data_sensor2_session3.csv
2026-09-20T19:46:30,3,2,outdoor,baseline,closed,closed,night,WSW,20,37,20.30,55.00,room_environment_data_sensor2_session3.csv
2026-09-20T19:47:00,3,2,outdoor,baseline,closed,closed,night,WSW,20,37,20.30,54.80,room_environment_data_sensor2_session3.csv
2026-09-20T19:47:30,3,2,outdoor,baseline,closed,closed,night,WSW,20,37,20.30,54.90,room_environment_data_sensor2_session3.csv
2026-09-20T19:48:00,3,2,outdoor,baseline,closed,closed,night,WSW,20,37,20.30,54.50,room_environment_data_sensor2_session3.csv
2026-09-20T19:48:30,3,2,outdoor,baseline,closed,closed,night,WSW,20,37,20.20,55.30,room_environment_data_sensor2_session3.csv
2026-09-20T19:49:00,3,2,outdoor,baseline,closed,closed,night,WSW,20,37,20.20,55.50,room_environment_data_sensor2_session3.csv
2026-09-20T19:49:30,3,2,outdoor,baseline,closed,closed,night,WSW,20,37,20.10,55.80,room_environment_data_sensor2_session3.csv
2026-09-20T19:50:00,3,2,outdoor,baseline,closed,closed,night,WSW,20,37,20.20,55.70,room_environment_data_sensor2_session3.csv
2026-09-20T19:50:30,3,2,outdoor,baseline,closed,closed,night,WSW,20,37,20.20,55.50,room_environment_data_sensor2_session3.csv
2026-09-20T19:51:00,3,2,outdoor,baseline,closed,closed,night,WSW,20,37,20.00,56.10,room_environment_data_sensor2_session3.csv
2026-09-20T19:51:30,3,2,outdoor,baseline,closed,closed,night,WSW,20,37,19.90,56.90,room_environment_data_sensor2_session3.csv
2026-09-20T19:52:00,3,2,outdoor,baseline,closed,closed,night,WSW,20,37,19.90,56.60,room_environment_data_sensor2_session3.csv
2026-09-20T19:52:30,3,2,outdoor,baseline,closed,closed,night,WSW,20,37,19.90,56.70,room_environment_data_sensor2_session3.csv
2026-09-20T19:53:00,3,2,outdoor,baseline,closed,closed,night,WSW,20,37,20.00,56.60,room_environment_data_sensor2_session3.csv
2026-09-20T19:53:30,3,2,outdoor,baseline,closed,closed,night,WSW,20,37,20.00,56.60,room_environment_data_sensor2_session3.csv
2026-09-20T19:54:00,3,2,outdoor,baseline,closed,closed,night,WSW,20,37,19.90,56.90,room_environment_data_sensor2_session3.csv
2026-09-20T19:54:31,3,2,outdoor,baseline,closed,closed,night,WSW,20,37,19.90,57.20,room_environment_data_sensor2_session3.csv
2026-09-20T19:55:01,3,2,outdoor,baseline,closed,closed,night,WSW,20,37,19.80,57.70,room_environment_data_sensor2_session3.csv
2026-09-20T19:55:31,3,2,outdoor,baseline,closed,closed,night,WSW,20,37,19.70,57.90,room_environment_data_sensor2_session3.csv
2026-09-20T19:56:01,3,2,outdoor,baseline,closed,closed,night,WSW,20,37,19.70,58.20,room_environment_data_sensor2_session3.csv
2026-09-20T19:56:31,3,2,outdoor,baseline,closed,closed,night,WSW,20,37,19.70,58.20,room_environment_data_sensor2_session3.csv
2026-09-20T19:57:01,3,2,outdoor,baseline,closed,closed,night,WSW,20,37,19.70,58.10,room_environment_data_sensor2_session3.csv
2026-09-20T19:57:31,3,2,outdoor,baseline,closed,closed,night,WSW,20,37,19.60,58.60,room_environment_data_sensor2_session3.csv
2026-09-20T19:58:01,3,2,outdoor,baseline,closed,closed,night,WSW,20,37,19.50,58.90,room_environment_data_sensor2_session3.csv
2026-09-20T19:58:31,3,2,outdoor,baseline,closed,closed,night,WSW,20,37,19.50,59.10,room_environment_data_sensor2_session3.csv
2026-09-20T19:59:01,3,2,outdoor,baseline,closed,closed,night,WSW,20,37,19.40,59.70,room_environment_data_sensor2_session3.csv
2026-09-20T19:59:31,3,2,outdoor,baseline,closed,closed,night,WSW,20,37,19.40,59.10,room_environment_data_sensor2_session3.csv
2026-09-20T20:00:01,3,2,outdoor,window_open,open,closed,night,WSW,20,37,19.50,59.40,room_environment_data_sensor2_session3.csv
2026-09-20T20:00:31,3,2,outdoor,window_open,open,closed,night,WSW,20,37,19.40,59.90,room_environment_data_sensor2_session3.csv
2026-09-20T20:01:01,3,2,outdoor,window_open,open,closed,night,WSW,20,37,19.40,60.20,room_environment_data_sensor2_session3.csv
2026-09-20T20:01:31,3,2,outdoor,window_open,open,closed,night,WSW,20,37,19.10,60.90,room_environment_data_sensor2_session3.csv
2026-09-20T20:02:01,3,2,outdoor,window_open,open,closed,night,WSW,20,37,19.10,61.50,room_environment_data_sensor2_session3.csv
2026-09-20T20:02:31,3,2,outdoor,window_open,open,closed,night,WSW,20,37,19.20,61.40,room_environment_data_sensor2_session3.csv
2026-09-20T20:03:02,3,2,outdoor,window_open,open,closed,night,WSW,20,37,19.10,61.50,room_environment_data_sensor2_session3.csv
2026-09-20T20:03:32,3,2,outdoor,window_open,open,closed,night,WSW,20,37,19.20,61.20,room_environment_data_sensor2_session3.csv
2026-09-20T20:04:02,3,2,outdoor,window_open,open,closed,night,WSW,20,37,19.20,61.20,room_environment_data_sensor2_session3.csv
2026-09-20T20:04:32,3,2,outdoor,window_open,open,closed,night,WSW,20,37,19.20,60.70,room_environment_data_sensor2_session3.csv
2026-09-20T20:05:02,3,2,outdoor,window_open,open,closed,night,WSW,20,37,19.30,60.30,room_environment_data_sensor2_session3.csv
2026-09-20T20:05:32,3,2,outdoor,window_open,open,closed,night,WSW,20,37,19.40,60.40,room_environment_data_sensor2_session3.csv
2026-09-20T20:06:02,3,2,outdoor,window_open,open,closed,night,WSW,20,37,19.30,61.40,room_environment_data_sensor2_session3.csv
2026-09-20T20:06:32,3,2,outdoor,window_open,open,closed,night,WSW,20,37,19.30,61.60,room_environment_data_sensor2_session3.csv
2026-09-20T20:07:02,3,2,outdoor,window_open,open,closed,night,WSW,20,37,19.10,62.20,room_environment_data_sensor2_session3.csv
2026-09-20T20:07:32,3,2,outdoor,window_open,open,closed,night,WSW,20,37,19.00,61.90,room_environment_data_sensor2_session3.csv
2026-09-20T20:08:02,3,2,outdoor,window_open,open,closed,night,WSW,20,37,19.10,62.40,room_environment_data_sensor2_session3.csv
2026-09-20T20:08:32,3,2,outdoor,window_open,open,closed,night,WSW,20,37,19.00,62.80,room_environment_data_sensor2_session3.csv
2026-09-20T20:09:02,3,2,outdoor,window_open,open,closed,night,WSW,20,37,19.00,62.80,room_environment_data_sensor2_session3.csv
2026-09-20T20:09:32,3,2,outdoor,window_open,open,closed,night,WSW,20,37,19.00,62.80,room_environment_data_sensor2_session3.csv
2026-09-20T20:10:02,3,2,outdoor,window_open,open,closed,night,WSW,20,37,18.90,62.90,room_environment_data_sensor2_session3.csv
2026-09-20T20:10:32,3,2,outdoor,window_open,open,closed,night,WSW,20,37,18.90,63.30,room_environment_data_sensor2_session3.csv
2026-09-20T20:11:02,3,2,outdoor,window_open,open,closed,night,WSW,20,37,18.70,63.80,room_environment_data_sensor2_session3.csv
2026-09-20T20:11:32,3,2,outdoor,window_open,open,closed,night,WSW,20,37,18.70,63.80,room_environment_data_sensor2_session3.csv
2026-09-20T20:12:03,3,2,outdoor,window_open,open,closed,night,WSW,20,37,18.60,64.30,room_environment_data_sensor2_session3.csv
2026-09-20T20:12:33,3,2,outdoor,window_open,open,closed,night,WSW,20,37,18.40,65.00,room_environment_data_sensor2_session3.csv
2026-09-20T20:13:03,3,2,outdoor,window_open,open,closed,night,WSW,20,37,18.30,65.30,room_environment_data_sensor2_session3.csv
2026-09-20T20:13:33,3,2,outdoor,window_open,open,closed,night,WSW,20,37,18.30,65.10,room_environment_data_sensor2_session3.csv
2026-09-20T20:14:03,3,2,outdoor,window_open,open,closed,night,WSW,20,37,18.30,65.00,room_environment_data_sensor2_session3.csv
2026-09-20T20:14:33,3,2,outdoor,window_open,open,closed,night,WSW,20,37,18.40,64.80,room_environment_data_sensor2_session3.csv
2026-09-20T20:15:03,3,2,outdoor,window_open,open,closed,night,WSW,20,37,18.40,64.70,room_environment_data_sensor2_session3.csv
2026-09-20T20:15:33,3,2,outdoor,window_open,open,closed,night,WSW,20,37,18.40,64.70,room_environment_data_sensor2_session3.csv
2026-09-20T20:16:03,3,2,outdoor,window_open,open,closed,night,WSW,20,37,18.40,65.00,room_environment_data_sensor2_session3.csv
2026-09-20T20:16:33,3,2,outdoor,window_open,open,closed,night,WSW,20,37,18.30,65.60,room_environment_data_sensor2_session3.csv
2026-09-20T20:17:03,3,2,outdoor,window_open,open,closed,night,WSW,20,37,18.20,65.90,room_environment_data_sensor2_session3.csv
2026-09-20T20:17:33,3,2,outdoor,window_open,open,closed,night,WSW,20,37,18.20,65.60,room_environment_data_sensor2_session3.csv
2026-09-20T20:18:03,3,2,outdoor,window_open,open,closed,night,WSW,20,37,18.30,65.10,room_environment_data_sensor2_session3.csv
2026-09-20T20:18:33,3,2,outdoor,window_open,open,closed,night,WSW,20,37,18.20,65.90,room_environment_data_sensor2_session3.csv
2026-09-20T20:19:03,3,2,outdoor,window_open,open,closed,night,WSW,20,37,18.30,65.80,room_environment_data_sensor2_session3.csv
2026-09-20T20:19:33,3,2,outdoor,window_open,open,closed,night,WSW,20,37,18.30,65.60,room_environment_data_sensor2_session3.csv
2026-09-20T20:20:03,3,2,outdoor,window_open,open,closed,night,WSW,20,37,18.20,66.20,room_environment_data_sensor2_session3.csv
2026-09-20T20:20:34,3,2,outdoor,window_open,open,closed,night,WSW,20,37,18.20,66.10,room_environment_data_sensor2_session3.csv
2026-09-20T20:21:04,3,2,outdoor,window_open,open,closed,night,WSW,20,37,18.20,66.00,room_environment_data_sensor2_session3.csv
2026-09-20T20:21:34,3,2,outdoor,window_open,open,closed,night,WSW,20,37,18.20,66.10,room_environment_data_sensor2_session3.csv
2026-09-20T20:22:04,3,2,outdoor,window_open,open,closed,night,WSW,20,37,18.10,66.50,room_environment_data_sensor2_session3.csv
2026-09-20T20:22:34,3,2,outdoor,window_open,open,closed,night,WSW,20,37,18.20,66.30,room_environment_data_sensor2_session3.csv
2026-09-20T20:23:04,3,2,outdoor,window_open,open,closed,night,WSW,20,37,18.20,65.20,room_environment_data_sensor2_session3.csv
2026-09-20T20:23:34,3,2,outdoor,window_open,open,closed,night,WSW,20,37,18.30,65.70,room_environment_data_sensor2_session3.csv
2026-09-20T20:24:04,3,2,outdoor,window_open,open,closed,night,WSW,20,37,18.30,65.80,room_environment_data_sensor2_session3.csv
2026-09-20T20:24:34,3,2,outdoor,window_open,open,closed,night,WSW,20,37,18.30,65.50,room_environment_data_sensor2_session3.csv
2026-09-20T20:25:04,3,2,outdoor,window_open,open,closed,night,WSW,20,37,18.30,65.20,room_environment_data_sensor2_session3.csv
2026-09-20T20:25:34,3,2,outdoor,window_open,open,closed,night,WSW,20,37,18.20,66.00,room_environment_data_sensor2_session3.csv
2026-09-20T20:26:04,3,2,outdoor,window_open,open,closed,night,WSW,20,37,18.10,66.60,room_environment_data_sensor2_session3.csv
2026-09-20T20:26:34,3,2,outdoor,window_open,open,closed,night,WSW,20,37,17.90,67.60,room_environment_data_sensor2_session3.csv
2026-09-20T20:27:04,3,2,outdoor,window_open,open,closed,night,WSW,20,37,17.70,68.00,room_environment_data_sensor2_session3.csv
2026-09-20T20:27:34,3,2,outdoor,window_open,open,closed,night,WSW,20,37,17.80,67.90,room_environment_data_sensor2_session3.csv
2026-09-20T20:28:04,3,2,outdoor,window_open,open,closed,night,WSW,20,37,17.80,68.00,room_environment_data_sensor2_session3.csv
2026-09-20T20:28:34,3,2,outdoor,window_open,open,closed,night,WSW,20,37,17.80,67.70,room_environment_data_sensor2_session3.csv
2026-09-20T20:29:04,3,2,outdoor,window_open,open,closed,night,WSW,20,37,17.90,67.60,room_environment_data_sensor2_session3.csv
2026-09-20T20:29:35,3,2,outdoor,window_open,open,closed,night,WSW,20,37,17.80,68.20,room_environment_data_sensor2_session3.csv
2026-09-20T20:30:05,3,2,outdoor,window_open,open,closed,night,WSW,20,37,17.70,68.60,room_environment_data_sensor2_session3.csv
2026-09-20T20:30:35,3,2,outdoor,window_open,open,closed,night,WSW,20,37,17.60,68.90,room_environment_data_sensor2_session3.csv
2026-09-20T20:31:05,3,2,outdoor,window_open,open,closed,night,WSW,20,37,17.60,68.70,room_environment_data_sensor2_session3.csv
2026-09-20T20:31:35,3,2,outdoor,window_open,open,closed,night,WSW,20,37,17.60,68.50,room_environment_data_sensor2_session3.csv
2026-09-20T20:32:05,3,2,outdoor,window_open,open,closed,night,WSW,20,37,17.60,68.80,room_environment_data_sensor2_session3.csv
2026-09-20T20:32:35,3,2,outdoor,window_open,open,closed,night,WSW,20,37,17.60,69.00,room_environment_data_sensor2_session3.csv
2026-09-20T20:33:05,3,2,outdoor,window_open,open,closed,night,WSW,20,37,17.60,68.30,room_environment_data_sensor2_session3.csv
2026-09-20T20:33:35,3,2,outdoor,window_open,open,closed,night,WSW,20,37,17.60,68.90,room_environment_data_sensor2_session3.csv
2026-09-20T20:34:05,3,2,outdoor,window_open,open,closed,night,WSW,20,37,17.50,69.40,room_environment_data_sensor2_session3.csv
2026-09-20T20:34:35,3,2,outdoor,window_open,open,closed,night,WSW,20,37,17.40,69.70,room_environment_data_sensor2_session3.csv
2026-09-20T20:35:05,3,2,outdoor,window_open,open,closed,night,WSW,20,37,17.40,70.00,room_environment_data_sensor2_session3.csv
2026-09-20T20:35:35,3,2,outdoor,window_open,open,closed,night,WSW,20,37,17.30,70.10,room_environment_data_sensor2_session3.csv
2026-09-20T20:36:05,3,2,outdoor,window_open,open,closed,night,WSW,20,37,17.40,69.90,room_environment_data_sensor2_session3.csv
2026-09-20T20:36:35,3,2,outdoor,window_open,open,closed,night,WSW,20,37,17.30,70.00,room_environment_data_sensor2_session3.csv
2026-09-20T20:37:05,3,2,outdoor,window_open,open,closed,night,WSW,20,37,17.40,69.90,room_environment_data_sensor2_session3.csv
2026-09-20T20:37:35,3,2,outdoor,window_open,open,closed,night,WSW,20,37,17.40,69.40,room_environment_data_sensor2_session3.csv
2026-09-20T20:38:05,3,2,outdoor,window_open,open,closed,night,WSW,20,37,17.50,69.20,room_environment_data_sensor2_session3.csv
2026-09-20T20:38:36,3,2,outdoor,window_open,open,closed,night,WSW,20,37,17.50,69.00,room_environment_data_sensor2_session3.csv
2026-09-20T20:39:06,3,2,outdoor,window_open,open,closed,night,WSW,20,37,17.60,68.90,room_environment_data_sensor2_session3.csv
2026-09-20T20:39:36,3,2,outdoor,window_open,open,closed,night,WSW,20,37,17.50,69.30,room_environment_data_sensor2_session3.csv
2026-09-20T20:40:06,3,2,outdoor,window_open,open,closed,night,WSW,20,37,17.50,68.60,room_environment_data_sensor2_session3.csv
2026-09-20T20:40:36,3,2,outdoor,window_open,open,closed,night,WSW,20,37,17.50,69.00,room_environment_data_sensor2_session3.csv
2026-09-20T20:41:06,3,2,outdoor,window_open,open,closed,night,WSW,20,37,17.40,69.80,room_environment_data_sensor2_session3.csv
2026-09-20T20:41:36,3,2,outdoor,window_open,open,closed,night,WSW,20,37,17.40,69.50,room_environment_data_sensor2_session3.csv
2026-09-20T20:42:06,3,2,outdoor,window_open,open,closed,night,WSW,20,37,17.40,69.70,room_environment_data_sensor2_session3.csv
2026-09-20T20:42:36,3,2,outdoor,window_open,open,closed,night,WSW,20,37,17.40,69.90,room_environment_data_sensor2_session3.csv
2026-09-20T20:43:06,3,2,outdoor,window_open,open,closed,night,WSW,20,37,17.30,70.10,room_environment_data_sensor2_session3.csv
2026-09-20T20:43:36,3,2,outdoor,window_open,open,closed,night,WSW,20,37,17.30,70.00,room_environment_data_sensor2_session3.csv
2026-09-20T20:44:06,3,2,outdoor,window_open,open,closed,night,WSW,20,37,17.30,70.00,room_environment_data_sensor2_session3.csv
2026-09-20T20:44:36,3,2,outdoor,window_open,open,closed,night,WSW,20,37,17.40,69.20,room_environment_data_sensor2_session3.csv
2026-09-20T20:45:06,3,2,outdoor,window_open,open,closed,night,WSW,20,37,17.40,69.20,room_environment_data_sensor2_session3.csv
2026-09-20T20:45:36,3,2,outdoor,window_open,open,closed,night,WSW,20,37,17.40,70.10,room_environment_data_sensor2_session3.csv
2026-09-20T20:46:06,3,2,outdoor,window_open,open,closed,night,WSW,20,37,17.40,69.80,room_environment_data_sensor2_session3.csv
2026-09-20T20:46:36,3,2,outdoor,window_open,open,closed,night,WSW,20,37,17.40,70.00,room_environment_data_sensor2_session3.csv
2026-09-20T20:47:07,3,2,outdoor,window_open,open,closed,night,WSW,20,37,17.30,69.80,room_environment_data_sensor2_session3.csv
2026-09-20T20:47:37,3,2,outdoor,window_open,open,closed,night,WSW,20,37,17.30,70.00,room_environment_data_sensor2_session3.csv
2026-09-20T20:48:07,3,2,outdoor,window_open,open,closed,night,WSW,20,37,17.20,70.30,room_environment_data_sensor2_session3.csv
2026-09-20T20:48:37,3,2,outdoor,window_open,open,closed,night,WSW,20,37,17.30,69.50,room_environment_data_sensor2_session3.csv
2026-09-20T20:49:07,3,2,outdoor,window_open,open,closed,night,WSW,20,37,17.30,69.80,room_environment_data_sensor2_session3.csv
2026-09-20T20:49:37,3,2,outdoor,window_open,open,closed,night,WSW,20,37,17.20,70.50,room_environment_data_sensor2_session3.csv
2026-09-20T20:50:07,3,2,outdoor,window_open,open,closed,night,WSW,20,37,17.10,70.60,room_environment_data_sensor2_session3.csv
2026-09-20T20:50:37,3,2,outdoor,window_open,open,closed,night,WSW,20,37,17.20,70.50,room_environment_data_sensor2_session3.csv
2026-09-20T20:51:07,3,2,outdoor,window_open,open,closed,night,WSW,20,37,17.00,71.10,room_environment_data_sensor2_session3.csv
2026-09-20T20:51:37,3,2,outdoor,window_open,open,closed,night,WSW,20,37,16.90,71.90,room_environment_data_sensor2_session3.csv
2026-09-20T20:52:07,3,2,outdoor,window_open,open,closed,night,WSW,20,37,17.00,71.10,room_environment_data_sensor2_session3.csv
2026-09-20T20:52:37,3,2,outdoor,window_open,open,closed,night,WSW,20,37,17.00,71.10,room_environment_data_sensor2_session3.csv
2026-09-20T20:53:07,3,2,outdoor,window_open,open,closed,night,WSW,20,37,17.00,71.00,room_environment_data_sensor2_session3.csv
2026-09-20T20:53:37,3,2,outdoor,window_open,open,closed,night,WSW,20,37,16.90,71.80,room_environment_data_sensor2_session3.csv
2026-09-20T20:54:07,3,2,outdoor,window_open,open,closed,night,WSW,20,37,16.80,72.00,room_environment_data_sensor2_session3.csv
2026-09-20T20:54:37,3,2,outdoor,window_open,open,closed,night,WSW,20,37,16.90,71.30,room_environment_data_sensor2_session3.csv
2026-09-20T20:55:07,3,2,outdoor,window_open,open,closed,night,WSW,20,37,17.00,70.50,room_environment_data_sensor2_session3.csv
2026-09-20T20:55:37,3,2,outdoor,window_open,open,closed,night,WSW,20,37,17.10,70.40,room_environment_data_sensor2_session3.csv
2026-09-20T20:56:08,3,2,outdoor,window_open,open,closed,night,WSW,20,37,17.10,70.20,room_environment_data_sensor2_session3.csv
2026-09-20T20:56:38,3,2,outdoor,window_open,open,closed,night,WSW,20,37,17.10,70.00,room_environment_data_sensor2_session3.csv
2026-09-20T20:57:08,3,2,outdoor,window_open,open,closed,night,WSW,20,37,17.10,69.50,room_environment_data_sensor2_session3.csv
2026-09-20T20:57:38,3,2,outdoor,window_open,open,closed,night,WSW,20,37,17.00,70.20,room_environment_data_sensor2_session3.csv
2026-09-20T20:58:08,3,2,outdoor,window_open,open,closed,night,WSW,20,37,17.00,70.10,room_environment_data_sensor2_session3.csv
2026-09-20T20:58:38,3,2,outdoor,window_open,open,closed,night,WSW,20,37,17.00,70.10,room_environment_data_sensor2_session3.csv
2026-09-20T20:59:08,3,2,outdoor,window_open,open,closed,night,WSW,20,37,17.00,70.10,room_environment_data_sensor2_session3.csv
2026-09-20T20:59:38,3,2,outdoor,window_open,open,closed,night,WSW,20,37,16.90,70.60,room_environment_data_sensor2_session3.csv
2026-09-20T21:00:08,3,2,outdoor,recovery,closed,closed,night,WSW,20,37,16.90,70.80,room_environment_data_sensor2_session3.csv
2026-09-20T21:00:38,3,2,outdoor,recovery,closed,closed,night,WSW,20,37,16.70,70.90,room_environment_data_sensor2_session3.csv
2026-09-20T21:01:08,3,2,outdoor,recovery,closed,closed,night,WSW,20,37,16.70,71.30,room_environment_data_sensor2_session3.csv
2026-09-20T21:01:38,3,2,outdoor,recovery,closed,closed,night,WSW,20,37,16.70,71.80,room_environment_data_sensor2_session3.csv
2026-09-20T21:02:08,3,2,outdoor,recovery,closed,closed,night,WSW,20,37,16.70,71.10,room_environment_data_sensor2_session3.csv
2026-09-20T21:02:38,3,2,outdoor,recovery,closed,closed,night,WSW,20,37,16.80,71.30,room_environment_data_sensor2_session3.csv
2026-09-20T21:03:08,3,2,outdoor,recovery,closed,closed,night,WSW,20,37,16.80,70.70,room_environment_data_sensor2_session3.csv
2026-09-20T21:03:38,3,2,outdoor,recovery,closed,closed,night,WSW,20,37,16.70,71.10,room_environment_data_sensor2_session3.csv
2026-09-20T21:04:08,3,2,outdoor,recovery,closed,closed,night,WSW,20,37,16.80,70.90,room_environment_data_sensor2_session3.csv
2026-09-20T21:04:38,3,2,outdoor,recovery,closed,closed,night,WSW,20,37,16.80,70.90,room_environment_data_sensor2_session3.csv
2026-09-20T21:05:09,3,2,outdoor,recovery,closed,closed,night,WSW,20,37,16.80,71.00,room_environment_data_sensor2_session3.csv
2026-09-20T21:05:39,3,2,outdoor,recovery,closed,closed,night,WSW,20,37,16.80,70.60,room_environment_data_sensor2_session3.csv
2026-09-20T21:06:09,3,2,outdoor,recovery,closed,closed,night,WSW,20,37,16.80,70.40,room_environment_data_sensor2_session3.csv
2026-09-20T21:06:39,3,2,outdoor,recovery,closed,closed,night,WSW,20,37,16.70,70.70,room_environment_data_sensor2_session3.csv
2026-09-20T21:07:09,3,2,outdoor,recovery,closed,closed,night,WSW,20,37,16.70,70.80,room_environment_data_sensor2_session3.csv
2026-09-20T21:07:39,3,2,outdoor,recovery,closed,closed,night,WSW,20,37,16.70,71.10,room_environment_data_sensor2_session3.csv
2026-09-20T21:08:09,3,2,outdoor,recovery,closed,closed,night,WSW,20,37,16.70,71.00,room_environment_data_sensor2_session3.csv
2026-09-20T21:08:39,3,2,outdoor,recovery,closed,closed,night,WSW,20,37,16.70,70.40,room_environment_data_sensor2_session3.csv
2026-09-20T21:09:09,3,2,outdoor,recovery,closed,closed,night,WSW,20,37,16.70,71.10,room_environment_data_sensor2_session3.csv
2026-09-20T21:09:39,3,2,outdoor,recovery,closed,closed,night,WSW,20,37,16.60,71.00,room_environment_data_sensor2_session3.csv
2026-09-20T21:10:09,3,2,outdoor,recovery,closed,closed,night,WSW,20,37,16.70,70.60,room_environment_data_sensor2_session3.csv
2026-09-20T21:10:39,3,2,outdoor,recovery,closed,closed,night,WSW,20,37,16.70,70.70,room_environment_data_sensor2_session3.csv
2026-09-20T21:11:09,3,2,outdoor,recovery,closed,closed,night,WSW,20,37,16.70,70.60,room_environment_data_sensor2_session3.csv
2026-09-20T21:11:39,3,2,outdoor,recovery,closed,closed,night,WSW,20,37,16.70,70.10,room_environment_data_sensor2_session3.csv
2026-09-20T21:12:09,3,2,outdoor,recovery,closed,closed,night,WSW,20,37,16.80,70.10,room_environment_data_sensor2_session3.csv
2026-09-20T21:12:39,3,2,outdoor,recovery,closed,closed,night,WSW,20,37,16.70,70.20,room_environment_data_sensor2_session3.csv
2026-09-20T21:13:09,3,2,outdoor,recovery,closed,closed,night,WSW,20,37,16.60,70.70,room_environment_data_sensor2_session3.csv
2026-09-20T21:13:39,3,2,outdoor,recovery,closed,closed,night,WSW,20,37,16.50,71.00,room_environment_data_sensor2_session3.csv
2026-09-20T21:14:10,3,2,outdoor,recovery,closed,closed,night,WSW,20,37,16.60,70.80,room_environment_data_sensor2_session3.csv
2026-09-20T21:14:40,3,2,outdoor,recovery,closed,closed,night,WSW,20,37,16.50,71.10,room_environment_data_sensor2_session3.csv
2026-09-20T21:15:10,3,2,outdoor,recovery,closed,closed,night,WSW,20,37,16.50,71.10,room_environment_data_sensor2_session3.csv
2026-09-20T21:15:40,3,2,outdoor,recovery,closed,closed,night,WSW,20,37,16.50,71.20,room_environment_data_sensor2_session3.csv
2026-09-20T21:16:10,3,2,outdoor,recovery,closed,closed,night,WSW,20,37,16.50,71.30,room_environment_data_sensor2_session3.csv
2026-09-20T21:16:40,3,2,outdoor,recovery,closed,closed,night,WSW,20,37,16.50,70.90,room_environment_data_sensor2_session3.csv
2026-09-20T21:17:10,3,2,outdoor,recovery,closed,closed,night,WSW,20,37,16.60,70.70,room_environment_data_sensor2_session3.csv
2026-09-20T21:17:40,3,2,outdoor,recovery,closed,closed,night,WSW,20,37,16.60,70.80,room_environment_data_sensor2_session3.csv
2026-09-20T21:18:10,3,2,outdoor,recovery,closed,closed,night,WSW,20,37,16.60,70.90,room_environment_data_sensor2_session3.csv
2026-09-20T21:18:40,3,2,outdoor,recovery,closed,closed,night,WSW,20,37,16.50,70.80,room_environment_data_sensor2_session3.csv
2026-09-20T21:19:10,3,2,outdoor,recovery,closed,closed,night,WSW,20,37,16.60,70.70,room_environment_data_sensor2_session3.csv
2026-09-20T21:19:40,3,2,outdoor,recovery,closed,closed,night,WSW,20,37,16.50,70.80,room_environment_data_sensor2_session3.csv
2026-09-20T21:20:10,3,2,outdoor,recovery,closed,closed,night,WSW,20,37,16.50,70.70,room_environment_data_sensor2_session3.csv
2026-09-20T21:20:40,3,2,outdoor,recovery,closed,closed,night,WSW,20,37,16.40,71.60,room_environment_data_sensor2_session3.csv
2026-09-20T21:21:10,3,2,outdoor,recovery,closed,closed,night,WSW,20,37,16.30,72.10,room_environment_data_sensor2_session3.csv
2026-09-20T21:21:40,3,2,outdoor,recovery,closed,closed,night,WSW,20,37,16.30,72.10,room_environment_data_sensor2_session3.csv
2026-09-20T21:22:10,3,2,outdoor,recovery,closed,closed,night,WSW,20,37,16.30,72.00,room_environment_data_sensor2_session3.csv
2026-09-20T21:22:40,3,2,outdoor,recovery,closed,closed,night,WSW,20,37,16.30,71.90,room_environment_data_sensor2_session3.csv
2026-09-20T21:23:11,3,2,outdoor,recovery,closed,closed,night,WSW,20,37,16.30,72.10,room_environment_data_sensor2_session3.csv
2026-09-20T21:23:41,3,2,outdoor,recovery,closed,closed,night,WSW,20,37,16.30,71.50,room_environment_data_sensor2_session3.csv
2026-09-20T21:24:11,3,2,outdoor,recovery,closed,closed,night,WSW,20,37,16.40,71.60,room_environment_data_sensor2_session3.csv
2026-09-20T21:24:41,3,2,outdoor,recovery,closed,closed,night,WSW,20,37,16.40,71.50,room_environment_data_sensor2_session3.csv
2026-09-20T21:25:11,3,2,outdoor,recovery,closed,closed,night,WSW,20,37,16.30,71.90,room_environment_data_sensor2_session3.csv
2026-09-20T21:25:41,3,2,outdoor,recovery,closed,closed,night,WSW,20,37,16.30,72.00,room_environment_data_sensor2_session3.csv
2026-09-20T21:26:11,3,2,outdoor,recovery,closed,closed,night,WSW,20,37,16.30,71.80,room_environment_data_sensor2_session3.csv
2026-09-20T21:26:41,3,2,outdoor,recovery,closed,closed,night,WSW,20,37,16.30,71.60,room_environment_data_sensor2_session3.csv
2026-09-20T21:27:11,3,2,outdoor,recovery,closed,closed,night,WSW,20,37,16.30,71.80,room_environment_data_sensor2_session3.csv
2026-09-20T21:27:41,3,2,outdoor,recovery,closed,closed,night,WSW,20,37,16.30,72.00,room_environment_data_sensor2_session3.csv
2026-09-20T21:28:11,3,2,outdoor,recovery,closed,closed,night,WSW,20,37,16.20,71.90,room_environment_data_sensor2_session3.csv
2026-09-20T21:28:41,3,2,outdoor,recovery,closed,closed,night,WSW,20,37,16.20,72.10,room_environment_data_sensor2_session3.csv
2026-09-20T21:29:11,3,2,outdoor,recovery,closed,closed,night,WSW,20,37,16.20,71.90,room_environment_data_sensor2_session3.csv
2026-09-20T21:29:41,3,2,outdoor,recovery,closed,closed,night,WSW,20,37,16.20,72.10,room_environment_data_sensor2_session3.csv
2026-09-20T21:30:11,3,2,outdoor,recovery,closed,closed,night,WSW,20,37,16.20,72.20,room_environment_data_sensor2_session3.csv
2026-09-20T21:30:41,3,2,outdoor,recovery,closed,closed,night,WSW,20,37,16.20,72.40,room_environment_data_sensor2_session3.csv
2026-09-20T21:31:11,3,2,outdoor,recovery,closed,closed,night,WSW,20,37,16.20,72.20,room_environment_data_sensor2_session3.csv
2026-09-20T21:31:42,3,2,outdoor,recovery,closed,closed,night,WSW,20,37,16.20,72.40,room_environment_data_sensor2_session3.csv
2026-09-20T21:32:12,3,2,outdoor,recovery,closed,closed,night,WSW,20,37,16.20,72.30,room_environment_data_sensor2_session3.csv
2026-09-20T21:32:42,3,2,outdoor,recovery,closed,closed,night,WSW,20,37,16.20,72.20,room_environment_data_sensor2_session3.csv
2026-09-20T21:33:12,3,2,outdoor,recovery,closed,closed,night,WSW,20,37,16.10,72.30,room_environment_data_sensor2_session3.csv
2026-09-20T21:33:42,3,2,outdoor,recovery,closed,closed,night,WSW,20,37,16.20,72.00,room_environment_data_sensor2_session3.csv
2026-09-20T21:34:12,3,2,outdoor,recovery,closed,closed,night,WSW,20,37,16.10,72.20,room_environment_data_sensor2_session3.csv
2026-09-20T21:34:42,3,2,outdoor,recovery,closed,closed,night,WSW,20,37,16.20,72.00,room_environment_data_sensor2_session3.csv
2026-09-20T21:35:12,3,2,outdoor,recovery,closed,closed,night,WSW,20,37,16.10,72.00,room_environment_data_sensor2_session3.csv
2026-09-20T21:35:42,3,2,outdoor,recovery,closed,closed,night,WSW,20,37,16.20,71.90,room_environment_data_sensor2_session3.csv
2026-09-20T21:36:12,3,2,outdoor,recovery,closed,closed,night,WSW,20,37,16.20,71.80,room_environment_data_sensor2_session3.csv
2026-09-20T21:36:42,3,2,outdoor,recovery,closed,closed,night,WSW,20,37,16.10,72.00,room_environment_data_sensor2_session3.csv
2026-09-20T21:37:12,3,2,outdoor,recovery,closed,closed,night,WSW,20,37,16.10,72.10,room_environment_data_sensor2_session3.csv
2026-09-20T21:37:42,3,2,outdoor,recovery,closed,closed,night,WSW,20,37,16.10,71.90,room_environment_data_sensor2_session3.csv
2026-09-20T21:38:12,3,2,outdoor,recovery,closed,closed,night,WSW,20,37,16.10,72.10,room_environment_data_sensor2_session3.csv
2026-09-20T21:38:42,3,2,outdoor,recovery,closed,closed,night,WSW,20,37,16.10,72.00,room_environment_data_sensor2_session3.csv
2026-09-20T21:39:12,3,2,outdoor,recovery,closed,closed,night,WSW,20,37,16.10,71.90,room_environment_data_sensor2_session3.csv
2026-09-20T21:39:42,3,2,outdoor,recovery,closed,closed,night,WSW,20,37,16.10,71.50,room_environment_data_sensor2_session3.csv
2026-09-20T21:40:12,3,2,outdoor,recovery,closed,closed,night,WSW,20,37,16.20,71.20,room_environment_data_sensor2_session3.csv
2026-09-20T21:40:43,3,2,outdoor,recovery,closed,closed,night,WSW,20,37,16.10,71.50,room_environment_data_sensor2_session3.csv
2026-09-20T21:41:13,3,2,outdoor,recovery,closed,closed,night,WSW,20,37,16.10,71.60,room_environment_data_sensor2_session3.csv
2026-09-20T21:41:43,3,2,outdoor,recovery,closed,closed,night,WSW,20,37,16.10,71.60,room_environment_data_sensor2_session3.csv
2026-09-20T21:42:13,3,2,outdoor,recovery,closed,closed,night,WSW,20,37,16.10,71.20,room_environment_data_sensor2_session3.csv
2026-09-20T21:42:43,3,2,outdoor,recovery,closed,closed,night,WSW,20,37,16.10,71.30,room_environment_data_sensor2_session3.csv
2026-09-20T21:43:13,3,2,outdoor,recovery,closed,closed,night,WSW,20,37,16.10,71.00,room_environment_data_sensor2_session3.csv
2026-09-20T21:43:43,3,2,outdoor,recovery,closed,closed,night,WSW,20,37,16.10,71.30,room_environment_data_sensor2_session3.csv
2026-09-20T21:44:13,3,2,outdoor,recovery,closed,closed,night,WSW,20,37,16.10,71.70,room_environment_data_sensor2_session3.csv
2026-09-20T21:44:43,3,2,outdoor,recovery,closed,closed,night,WSW,20,37,16.10,71.50,room_environment_data_sensor2_session3.csv
2026-09-20T21:45:13,3,2,outdoor,recovery,closed,closed,night,WSW,20,37,16.00,71.20,room_environment_data_sensor2_session3.csv
2026-09-20T21:45:43,3,2,outdoor,recovery,closed,closed,night,WSW,20,37,16.10,71.10,room_environment_data_sensor2_session3.csv
2026-09-20T21:46:13,3,2,outdoor,recovery,closed,closed,night,WSW,20,37,16.10,71.10,room_environment_data_sensor2_session3.csv
2026-09-20T21:46:43,3,2,outdoor,recovery,closed,closed,night,WSW,20,37,16.10,70.90,room_environment_data_sensor2_session3.csv
2026-09-20T21:47:13,3,2,outdoor,recovery,closed,closed,night,WSW,20,37,16.10,71.00,room_environment_data_sensor2_session3.csv
2026-09-20T21:47:43,3,2,outdoor,recovery,closed,closed,night,WSW,20,37,16.10,70.70,room_environment_data_sensor2_session3.csv
2026-09-20T21:48:13,3,2,outdoor,recovery,closed,closed,night,WSW,20,37,16.10,71.00,room_environment_data_sensor2_session3.csv
2026-09-20T21:48:43,3,2,outdoor,recovery,closed,closed,night,WSW,20,37,16.10,70.80,room_environment_data_sensor2_session3.csv
2026-09-20T21:49:13,3,2,outdoor,recovery,closed,closed,night,WSW,20,37,16.20,70.70,room_environment_data_sensor2_session3.csv
2026-09-20T21:49:44,3,2,outdoor,recovery,closed,closed,night,WSW,20,37,16.20,70.60,room_environment_data_sensor2_session3.csv
2026-09-20T21:50:14,3,2,outdoor,recovery,closed,closed,night,WSW,20,37,16.10,70.70,room_environment_data_sensor2_session3.csv
2026-09-20T21:50:44,3,2,outdoor,recovery,closed,closed,night,WSW,20,37,16.10,71.10,room_environment_data_sensor2_session3.csv
2026-09-20T21:51:14,3,2,outdoor,recovery,closed,closed,night,WSW,20,37,16.10,70.90,room_environment_data_sensor2_session3.csv
2026-09-20T21:51:44,3,2,outdoor,recovery,closed,closed,night,WSW,20,37,16.10,70.90,room_environment_data_sensor2_session3.csv
2026-09-20T21:52:14,3,2,outdoor,recovery,closed,closed,night,WSW,20,37,16.10,71.00,room_environment_data_sensor2_session3.csv
2026-09-20T21:52:44,3,2,outdoor,recovery,closed,closed,night,WSW,20,37,16.00,71.00,room_environment_data_sensor2_session3.csv
2026-09-20T21:53:14,3,2,outdoor,recovery,closed,closed,night,WSW,20,37,16.00,71.30,room_environment_data_sensor2_session3.csv
2026-09-20T21:53:44,3,2,outdoor,recovery,closed,closed,night,WSW,20,37,16.00,71.20,room_environment_data_sensor2_session3.csv
2026-09-20T21:54:14,3,2,outdoor,recovery,closed,closed,night,WSW,20,37,16.00,71.10,room_environment_data_sensor2_session3.csv
2026-09-20T21:54:44,3,2,outdoor,recovery,closed,closed,night,WSW,20,37,16.00,71.00,room_environment_data_sensor2_session3.csv
2026-09-20T21:55:14,3,2,outdoor,recovery,closed,closed,night,WSW,20,37,16.00,71.10,room_environment_data_sensor2_session3.csv
2026-09-20T21:55:44,3,2,outdoor,recovery,closed,closed,night,WSW,20,37,16.00,71.20,room_environment_data_sensor2_session3.csv
2026-09-20T21:56:14,3,2,outdoor,recovery,closed,closed,night,WSW,20,37,15.90,71.10,room_environment_data_sensor2_session3.csv
2026-09-20T21:56:44,3,2,outdoor,recovery,closed,closed,night,WSW,20,37,16.00,71.20,room_environment_data_sensor2_session3.csv
2026-09-20T21:57:14,3,2,outdoor,recovery,closed,closed,night,WSW,20,37,15.90,71.10,room_environment_data_sensor2_session3.csv
2026-09-20T21:57:44,3,2,outdoor,recovery,closed,closed,night,WSW,20,37,16.00,70.70,room_environment_data_sensor2_session3.csv
2026-09-20T21:58:14,3,2,outdoor,recovery,closed,closed,night,WSW,20,37,16.00,70.90,room_environment_data_sensor2_session3.csv
2026-09-20T21:58:45,3,2,outdoor,recovery,closed,closed,night,WSW,20,37,16.00,70.80,room_environment_data_sensor2_session3.csv
2026-09-20T21:59:15,3,2,outdoor,recovery,closed,closed,night,WSW,20,37,15.90,70.90,room_environment_data_sensor2_session3.csv
2026-09-20T21:59:45,3,2,outdoor,recovery,closed,closed,night,WSW,20,37,15.90,71.00,room_environment_data_sensor2_session3.csv
2026-09-21T09:00:01,4,1,indoor,baseline,closed,open,morning,SW,11,20,16.60,65.80,room_environment_data_sensor1_session4.csv
2026-09-21T09:00:31,4,1,indoor,baseline,closed,open,morning,SW,11,20,16.60,65.80,room_environment_data_sensor1_session4.csv
2026-09-21T09:01:01,4,1,indoor,baseline,closed,open,morning,SW,11,20,16.60,65.90,room_environment_data_sensor1_session4.csv
2026-09-21T09:01:31,4,1,indoor,baseline,closed,open,morning,SW,11,20,16.60,66.00,room_environment_data_sensor1_session4.csv
2026-09-21T09:02:01,4,1,indoor,baseline,closed,open,morning,SW,11,20,16.60,66.10,room_environment_data_sensor1_session4.csv
2026-09-21T09:02:31,4,1,indoor,baseline,closed,open,morning,SW,11,20,16.50,66.10,room_environment_data_sensor1_session4.csv
2026-09-21T09:03:01,4,1,indoor,baseline,closed,open,morning,SW,11,20,16.50,66.20,room_environment_data_sensor1_session4.csv
2026-09-21T09:03:31,4,1,indoor,baseline,closed,open,morning,SW,11,20,16.50,66.20,room_environment_data_sensor1_session4.csv
2026-09-21T09:04:31,4,1,indoor,baseline,closed,open,morning,SW,11,20,16.50,66.30,room_environment_data_sensor1_session4.csv
2026-09-21T09:05:01,4,1,indoor,baseline,closed,open,morning,SW,11,20,16.60,66.30,room_environment_data_sensor1_session4.csv
2026-09-21T09:05:31,4,1,indoor,baseline,closed,open,morning,SW,11,20,16.50,66.40,room_environment_data_sensor1_session4.csv
2026-09-21T09:06:01,4,1,indoor,baseline,closed,open,morning,SW,11,20,16.50,66.40,room_environment_data_sensor1_session4.csv
2026-09-21T09:06:31,4,1,indoor,baseline,closed,open,morning,SW,11,20,16.60,66.40,room_environment_data_sensor1_session4.csv
2026-09-21T09:07:01,4,1,indoor,baseline,closed,open,morning,SW,11,20,16.50,66.40,room_environment_data_sensor1_session4.csv
2026-09-21T09:07:31,4,1,indoor,baseline,closed,open,morning,SW,11,20,16.50,66.50,room_environment_data_sensor1_session4.csv
2026-09-21T09:08:01,4,1,indoor,baseline,closed,open,morning,SW,11,20,16.60,66.40,room_environment_data_sensor1_session4.csv
2026-09-21T09:08:31,4,1,indoor,baseline,closed,open,morning,SW,11,20,16.50,66.10,room_environment_data_sensor1_session4.csv
2026-09-21T09:09:01,4,1,indoor,baseline,closed,open,morning,SW,11,20,16.50,65.90,room_environment_data_sensor1_session4.csv
2026-09-21T09:09:31,4,1,indoor,baseline,closed,open,morning,SW,11,20,16.60,66.00,room_environment_data_sensor1_session4.csv
2026-09-21T09:10:01,4,1,indoor,baseline,closed,open,morning,SW,11,20,16.50,66.00,room_environment_data_sensor1_session4.csv
2026-09-21T09:10:31,4,1,indoor,baseline,closed,open,morning,SW,11,20,16.50,66.00,room_environment_data_sensor1_session4.csv
2026-09-21T09:11:01,4,1,indoor,baseline,closed,open,morning,SW,11,20,16.50,65.80,room_environment_data_sensor1_session4.csv
2026-09-21T09:11:31,4,1,indoor,baseline,closed,open,morning,SW,11,20,16.50,66.00,room_environment_data_sensor1_session4.csv
2026-09-21T09:12:01,4,1,indoor,baseline,closed,open,morning,SW,11,20,16.50,66.10,room_environment_data_sensor1_session4.csv
2026-09-21T09:12:31,4,1,indoor,baseline,closed,open,morning,SW,11,20,16.50,66.20,room_environment_data_sensor1_session4.csv
2026-09-21T09:13:01,4,1,indoor,baseline,closed,open,morning,SW,11,20,16.50,66.20,room_environment_data_sensor1_session4.csv
2026-09-21T09:13:31,4,1,indoor,baseline,closed,open,morning,SW,11,20,16.50,66.30,room_environment_data_sensor1_session4.csv
2026-09-21T09:14:01,4,1,indoor,baseline,closed,open,morning,SW,11,20,16.50,66.30,room_environment_data_sensor1_session4.csv
2026-09-21T09:14:31,4,1,indoor,baseline,closed,open,morning,SW,11,20,16.50,66.30,room_environment_data_sensor1_session4.csv
2026-09-21T09:15:01,4,1,indoor,baseline,closed,open,morning,SW,11,20,16.50,66.30,room_environment_data_sensor1_session4.csv
2026-09-21T09:15:31,4,1,indoor,baseline,closed,open,morning,SW,11,20,16.50,66.30,room_environment_data_sensor1_session4.csv
2026-09-21T09:16:01,4,1,indoor,baseline,closed,open,morning,SW,11,20,16.60,66.30,room_environment_data_sensor1_session4.csv
2026-09-21T09:16:31,4,1,indoor,baseline,closed,open,morning,SW,11,20,16.50,66.30,room_environment_data_sensor1_session4.csv
2026-09-21T09:17:01,4,1,indoor,baseline,closed,open,morning,SW,11,20,16.50,66.30,room_environment_data_sensor1_session4.csv
2026-09-21T09:17:31,4,1,indoor,baseline,closed,open,morning,SW,11,20,16.60,66.30,room_environment_data_sensor1_session4.csv
2026-09-21T09:18:01,4,1,indoor,baseline,closed,open,morning,SW,11,20,16.60,66.30,room_environment_data_sensor1_session4.csv
2026-09-21T09:18:31,4,1,indoor,baseline,closed,open,morning,SW,11,20,16.60,66.30,room_environment_data_sensor1_session4.csv
2026-09-21T09:19:01,4,1,indoor,baseline,closed,open,morning,SW,11,20,16.60,66.30,room_environment_data_sensor1_session4.csv
2026-09-21T09:19:31,4,1,indoor,baseline,closed,open,morning,SW,11,20,16.60,66.30,room_environment_data_sensor1_session4.csv
2026-09-21T09:20:01,4,1,indoor,baseline,closed,open,morning,SW,11,20,16.60,66.30,room_environment_data_sensor1_session4.csv
2026-09-21T09:20:31,4,1,indoor,baseline,closed,open,morning,SW,11,20,16.60,66.30,room_environment_data_sensor1_session4.csv
2026-09-21T09:21:01,4,1,indoor,baseline,closed,open,morning,SW,11,20,16.60,66.30,room_environment_data_sensor1_session4.csv
2026-09-21T09:21:31,4,1,indoor,baseline,closed,open,morning,SW,11,20,16.60,66.30,room_environment_data_sensor1_session4.csv
2026-09-21T09:22:01,4,1,indoor,baseline,closed,open,morning,SW,11,20,16.60,66.20,room_environment_data_sensor1_session4.csv
2026-09-21T09:22:31,4,1,indoor,baseline,closed,open,morning,SW,11,20,16.60,66.20,room_environment_data_sensor1_session4.csv
2026-09-21T09:23:01,4,1,indoor,baseline,closed,open,morning,SW,11,20,16.60,66.40,room_environment_data_sensor1_session4.csv
2026-09-21T09:23:31,4,1,indoor,baseline,closed,open,morning,SW,11,20,16.60,66.50,room_environment_data_sensor1_session4.csv
2026-09-21T09:24:01,4,1,indoor,baseline,closed,open,morning,SW,11,20,16.60,66.50,room_environment_data_sensor1_session4.csv
2026-09-21T09:24:31,4,1,indoor,baseline,closed,open,morning,SW,11,20,16.60,66.60,room_environment_data_sensor1_session4.csv
2026-09-21T09:25:01,4,1,indoor,baseline,closed,open,morning,SW,11,20,16.60,66.60,room_environment_data_sensor1_session4.csv
2026-09-21T09:25:31,4,1,indoor,baseline,closed,open,morning,SW,11,20,16.60,66.60,room_environment_data_sensor1_session4.csv
2026-09-21T09:26:01,4,1,indoor,baseline,closed,open,morning,SW,11,20,16.60,66.80,room_environment_data_sensor1_session4.csv
2026-09-21T09:26:31,4,1,indoor,baseline,closed,open,morning,SW,11,20,16.60,66.90,room_environment_data_sensor1_session4.csv
2026-09-21T09:27:01,4,1,indoor,baseline,closed,open,morning,SW,11,20,16.60,66.90,room_environment_data_sensor1_session4.csv
2026-09-21T09:27:31,4,1,indoor,baseline,closed,open,morning,SW,11,20,16.60,67.00,room_environment_data_sensor1_session4.csv
2026-09-21T09:28:01,4,1,indoor,baseline,closed,open,morning,SW,11,20,16.60,67.10,room_environment_data_sensor1_session4.csv
2026-09-21T09:28:31,4,1,indoor,baseline,closed,open,morning,SW,11,20,16.60,67.10,room_environment_data_sensor1_session4.csv
2026-09-21T09:29:01,4,1,indoor,baseline,closed,open,morning,SW,11,20,16.60,67.10,room_environment_data_sensor1_session4.csv
2026-09-21T09:29:31,4,1,indoor,baseline,closed,open,morning,SW,11,20,16.60,67.20,room_environment_data_sensor1_session4.csv
2026-09-21T09:30:01,4,1,indoor,baseline,closed,open,morning,SW,11,20,16.60,67.40,room_environment_data_sensor1_session4.csv
2026-09-21T09:30:31,4,1,indoor,baseline,closed,open,morning,SW,11,20,16.60,67.40,room_environment_data_sensor1_session4.csv
2026-09-21T09:31:01,4,1,indoor,baseline,closed,open,morning,SW,11,20,16.60,67.50,room_environment_data_sensor1_session4.csv
2026-09-21T09:31:31,4,1,indoor,baseline,closed,open,morning,SW,11,20,16.60,67.70,room_environment_data_sensor1_session4.csv
2026-09-21T09:32:01,4,1,indoor,baseline,closed,open,morning,SW,11,20,16.60,67.80,room_environment_data_sensor1_session4.csv
2026-09-21T09:32:31,4,1,indoor,baseline,closed,open,morning,SW,11,20,16.60,67.80,room_environment_data_sensor1_session4.csv
2026-09-21T09:33:01,4,1,indoor,baseline,closed,open,morning,SW,11,20,16.60,68.00,room_environment_data_sensor1_session4.csv
2026-09-21T09:33:31,4,1,indoor,baseline,closed,open,morning,SW,11,20,16.60,68.00,room_environment_data_sensor1_session4.csv
2026-09-21T09:34:01,4,1,indoor,baseline,closed,open,morning,SW,11,20,16.60,67.80,room_environment_data_sensor1_session4.csv
2026-09-21T09:34:31,4,1,indoor,baseline,closed,open,morning,SW,11,20,16.60,67.90,room_environment_data_sensor1_session4.csv
2026-09-21T09:35:01,4,1,indoor,baseline,closed,open,morning,SW,11,20,16.60,68.00,room_environment_data_sensor1_session4.csv
2026-09-21T09:35:31,4,1,indoor,baseline,closed,open,morning,SW,11,20,16.70,68.10,room_environment_data_sensor1_session4.csv
2026-09-21T09:36:01,4,1,indoor,baseline,closed,open,morning,SW,11,20,16.70,68.00,room_environment_data_sensor1_session4.csv
2026-09-21T09:36:31,4,1,indoor,baseline,closed,open,morning,SW,11,20,16.60,67.90,room_environment_data_sensor1_session4.csv
2026-09-21T09:37:01,4,1,indoor,baseline,closed,open,morning,SW,11,20,16.60,68.00,room_environment_data_sensor1_session4.csv
2026-09-21T09:37:31,4,1,indoor,baseline,closed,open,morning,SW,11,20,16.70,68.10,room_environment_data_sensor1_session4.csv
2026-09-21T09:38:01,4,1,indoor,baseline,closed,open,morning,SW,11,20,16.70,68.10,room_environment_data_sensor1_session4.csv
2026-09-21T09:38:31,4,1,indoor,baseline,closed,open,morning,SW,11,20,16.70,68.10,room_environment_data_sensor1_session4.csv
2026-09-21T09:39:02,4,1,indoor,baseline,closed,open,morning,SW,11,20,16.70,68.00,room_environment_data_sensor1_session4.csv
2026-09-21T09:39:32,4,1,indoor,baseline,closed,open,morning,SW,11,20,16.70,68.10,room_environment_data_sensor1_session4.csv
2026-09-21T09:40:02,4,1,indoor,baseline,closed,open,morning,SW,11,20,16.70,68.20,room_environment_data_sensor1_session4.csv
2026-09-21T09:40:32,4,1,indoor,baseline,closed,open,morning,SW,11,20,16.70,68.00,room_environment_data_sensor1_session4.csv
2026-09-21T09:41:02,4,1,indoor,baseline,closed,open,morning,SW,11,20,16.70,68.00,room_environment_data_sensor1_session4.csv
2026-09-21T09:41:32,4,1,indoor,baseline,closed,open,morning,SW,11,20,16.70,68.00,room_environment_data_sensor1_session4.csv
2026-09-21T09:42:02,4,1,indoor,baseline,closed,open,morning,SW,11,20,16.70,68.10,room_environment_data_sensor1_session4.csv
2026-09-21T09:42:32,4,1,indoor,baseline,closed,open,morning,SW,11,20,16.70,68.10,room_environment_data_sensor1_session4.csv
2026-09-21T09:43:02,4,1,indoor,baseline,closed,open,morning,SW,11,20,16.70,68.20,room_environment_data_sensor1_session4.csv
2026-09-21T09:43:32,4,1,indoor,baseline,closed,open,morning,SW,11,20,16.70,68.10,room_environment_data_sensor1_session4.csv
2026-09-21T09:44:02,4,1,indoor,baseline,closed,open,morning,SW,11,20,16.70,68.20,room_environment_data_sensor1_session4.csv
2026-09-21T09:44:32,4,1,indoor,baseline,closed,open,morning,SW,11,20,16.70,68.20,room_environment_data_sensor1_session4.csv
2026-09-21T09:45:02,4,1,indoor,baseline,closed,open,morning,SW,11,20,16.70,68.30,room_environment_data_sensor1_session4.csv
2026-09-21T09:45:32,4,1,indoor,baseline,closed,open,morning,SW,11,20,16.70,68.30,room_environment_data_sensor1_session4.csv
2026-09-21T09:46:02,4,1,indoor,baseline,closed,open,morning,SW,11,20,16.80,68.30,room_environment_data_sensor1_session4.csv
2026-09-21T09:46:32,4,1,indoor,baseline,closed,open,morning,SW,11,20,16.80,68.30,room_environment_data_sensor1_session4.csv
2026-09-21T09:47:02,4,1,indoor,baseline,closed,open,morning,SW,11,20,16.80,68.40,room_environment_data_sensor1_session4.csv
2026-09-21T09:47:32,4,1,indoor,baseline,closed,open,morning,SW,11,20,16.80,68.50,room_environment_data_sensor1_session4.csv
2026-09-21T09:48:02,4,1,indoor,baseline,closed,open,morning,SW,11,20,16.80,68.50,room_environment_data_sensor1_session4.csv
2026-09-21T09:48:32,4,1,indoor,baseline,closed,open,morning,SW,11,20,16.80,68.50,room_environment_data_sensor1_session4.csv
2026-09-21T09:49:02,4,1,indoor,baseline,closed,open,morning,SW,11,20,16.80,68.50,room_environment_data_sensor1_session4.csv
2026-09-21T09:49:32,4,1,indoor,baseline,closed,open,morning,SW,11,20,16.80,68.60,room_environment_data_sensor1_session4.csv
2026-09-21T09:50:02,4,1,indoor,baseline,closed,open,morning,SW,11,20,16.80,68.60,room_environment_data_sensor1_session4.csv
2026-09-21T09:50:32,4,1,indoor,baseline,closed,open,morning,SW,11,20,16.80,68.60,room_environment_data_sensor1_session4.csv
2026-09-21T09:51:02,4,1,indoor,baseline,closed,open,morning,SW,11,20,16.80,68.60,room_environment_data_sensor1_session4.csv
2026-09-21T09:51:32,4,1,indoor,baseline,closed,open,morning,SW,11,20,16.80,68.60,room_environment_data_sensor1_session4.csv
2026-09-21T09:52:02,4,1,indoor,baseline,closed,open,morning,SW,11,20,16.80,68.50,room_environment_data_sensor1_session4.csv
2026-09-21T09:52:32,4,1,indoor,baseline,closed,open,morning,SW,11,20,16.80,68.60,room_environment_data_sensor1_session4.csv
2026-09-21T09:53:02,4,1,indoor,baseline,closed,open,morning,SW,11,20,16.80,68.60,room_environment_data_sensor1_session4.csv
2026-09-21T09:53:32,4,1,indoor,baseline,closed,open,morning,SW,11,20,16.90,68.60,room_environment_data_sensor1_session4.csv
2026-09-21T09:54:02,4,1,indoor,baseline,closed,open,morning,SW,11,20,16.90,68.70,room_environment_data_sensor1_session4.csv
2026-09-21T09:54:32,4,1,indoor,baseline,closed,open,morning,SW,11,20,16.80,68.60,room_environment_data_sensor1_session4.csv
2026-09-21T09:55:02,4,1,indoor,baseline,closed,open,morning,SW,11,20,16.80,68.60,room_environment_data_sensor1_session4.csv
2026-09-21T09:55:32,4,1,indoor,baseline,closed,open,morning,SW,11,20,16.80,68.60,room_environment_data_sensor1_session4.csv
2026-09-21T09:56:02,4,1,indoor,baseline,closed,open,morning,SW,11,20,16.90,68.70,room_environment_data_sensor1_session4.csv
2026-09-21T09:56:32,4,1,indoor,baseline,closed,open,morning,SW,11,20,16.90,68.70,room_environment_data_sensor1_session4.csv
2026-09-21T09:57:02,4,1,indoor,baseline,closed,open,morning,SW,11,20,16.90,68.70,room_environment_data_sensor1_session4.csv
2026-09-21T09:57:32,4,1,indoor,baseline,closed,open,morning,SW,11,20,16.90,68.70,room_environment_data_sensor1_session4.csv
2026-09-21T09:58:02,4,1,indoor,baseline,closed,open,morning,SW,11,20,16.90,68.70,room_environment_data_sensor1_session4.csv
2026-09-21T09:58:32,4,1,indoor,baseline,closed,open,morning,SW,11,20,16.90,68.70,room_environment_data_sensor1_session4.csv
2026-09-21T09:59:02,4,1,indoor,baseline,closed,open,morning,SW,11,20,16.90,68.70,room_environment_data_sensor1_session4.csv
2026-09-21T09:59:32,4,1,indoor,baseline,closed,open,morning,SW,11,20,16.90,68.70,room_environment_data_sensor1_session4.csv
2026-09-21T10:00:02,4,1,indoor,window_open,open,open,morning,SW,11,20,16.90,68.70,room_environment_data_sensor1_session4.csv
2026-09-21T10:00:32,4,1,indoor,window_open,open,open,morning,SW,11,20,16.90,68.70,room_environment_data_sensor1_session4.csv
2026-09-21T10:01:02,4,1,indoor,window_open,open,open,morning,SW,11,20,16.90,68.60,room_environment_data_sensor1_session4.csv
2026-09-21T10:01:32,4,1,indoor,window_open,open,open,morning,SW,11,20,16.90,68.00,room_environment_data_sensor1_session4.csv
2026-09-21T10:02:02,4,1,indoor,window_open,open,open,morning,SW,11,20,16.90,67.80,room_environment_data_sensor1_session4.csv
2026-09-21T10:02:32,4,1,indoor,window_open,open,open,morning,SW,11,20,16.90,66.50,room_environment_data_sensor1_session4.csv
2026-09-21T10:03:02,4,1,indoor,window_open,open,open,morning,SW,11,20,16.80,65.20,room_environment_data_sensor1_session4.csv
2026-09-21T10:03:32,4,1,indoor,window_open,open,open,morning,SW,11,20,16.80,64.60,room_environment_data_sensor1_session4.csv
2026-09-21T10:04:02,4,1,indoor,window_open,open,open,morning,SW,11,20,16.70,64.10,room_environment_data_sensor1_session4.csv
2026-09-21T10:04:32,4,1,indoor,window_open,open,open,morning,SW,11,20,16.70,63.80,room_environment_data_sensor1_session4.csv
2026-09-21T10:05:02,4,1,indoor,window_open,open,open,morning,SW,11,20,16.70,63.00,room_environment_data_sensor1_session4.csv
2026-09-21T10:05:32,4,1,indoor,window_open,open,open,morning,SW,11,20,16.60,62.80,room_environment_data_sensor1_session4.csv
2026-09-21T10:06:02,4,1,indoor,window_open,open,open,morning,SW,11,20,16.50,61.90,room_environment_data_sensor1_session4.csv
2026-09-21T10:06:32,4,1,indoor,window_open,open,open,morning,SW,11,20,16.50,61.70,room_environment_data_sensor1_session4.csv
2026-09-21T10:07:02,4,1,indoor,window_open,open,open,morning,SW,11,20,16.40,61.10,room_environment_data_sensor1_session4.csv
2026-09-21T10:07:32,4,1,indoor,window_open,open,open,morning,SW,11,20,16.40,60.80,room_environment_data_sensor1_session4.csv
2026-09-21T10:08:02,4,1,indoor,window_open,open,open,morning,SW,11,20,16.40,60.40,room_environment_data_sensor1_session4.csv
2026-09-21T10:08:32,4,1,indoor,window_open,open,open,morning,SW,11,20,16.30,60.30,room_environment_data_sensor1_session4.csv
2026-09-21T10:09:02,4,1,indoor,window_open,open,open,morning,SW,11,20,16.30,60.40,room_environment_data_sensor1_session4.csv
2026-09-21T10:09:32,4,1,indoor,window_open,open,open,morning,SW,11,20,16.30,60.50,room_environment_data_sensor1_session4.csv
2026-09-21T10:10:02,4,1,indoor,window_open,open,open,morning,SW,11,20,16.30,61.10,room_environment_data_sensor1_session4.csv
2026-09-21T10:10:32,4,1,indoor,window_open,open,open,morning,SW,11,20,16.20,60.60,room_environment_data_sensor1_session4.csv
2026-09-21T10:11:02,4,1,indoor,window_open,open,open,morning,SW,11,20,16.20,60.60,room_environment_data_sensor1_session4.csv
2026-09-21T10:11:32,4,1,indoor,window_open,open,open,morning,SW,11,20,16.20,60.80,room_environment_data_sensor1_session4.csv
2026-09-21T10:12:02,4,1,indoor,window_open,open,open,morning,SW,11,20,16.10,60.30,room_environment_data_sensor1_session4.csv
2026-09-21T10:12:32,4,1,indoor,window_open,open,open,morning,SW,11,20,16.10,60.00,room_environment_data_sensor1_session4.csv
2026-09-21T10:13:02,4,1,indoor,window_open,open,open,morning,SW,11,20,16.10,60.00,room_environment_data_sensor1_session4.csv
2026-09-21T10:13:32,4,1,indoor,window_open,open,open,morning,SW,11,20,16.00,59.90,room_environment_data_sensor1_session4.csv
2026-09-21T10:14:02,4,1,indoor,window_open,open,open,morning,SW,11,20,16.00,60.00,room_environment_data_sensor1_session4.csv
2026-09-21T10:14:32,4,1,indoor,window_open,open,open,morning,SW,11,20,16.00,59.80,room_environment_data_sensor1_session4.csv
2026-09-21T10:15:02,4,1,indoor,window_open,open,open,morning,SW,11,20,16.00,60.00,room_environment_data_sensor1_session4.csv
2026-09-21T10:15:32,4,1,indoor,window_open,open,open,morning,SW,11,20,16.00,59.80,room_environment_data_sensor1_session4.csv
2026-09-21T10:16:02,4,1,indoor,window_open,open,open,morning,SW,11,20,16.10,59.90,room_environment_data_sensor1_session4.csv
2026-09-21T10:16:32,4,1,indoor,window_open,open,open,morning,SW,11,20,16.10,60.20,room_environment_data_sensor1_session4.csv
2026-09-21T10:17:02,4,1,indoor,window_open,open,open,morning,SW,11,20,16.10,60.50,room_environment_data_sensor1_session4.csv
2026-09-21T10:17:32,4,1,indoor,window_open,open,open,morning,SW,11,20,16.10,60.60,room_environment_data_sensor1_session4.csv
2026-09-21T10:18:02,4,1,indoor,window_open,open,open,morning,SW,11,20,16.10,60.70,room_environment_data_sensor1_session4.csv
2026-09-21T10:18:32,4,1,indoor,window_open,open,open,morning,SW,11,20,16.10,60.70,room_environment_data_sensor1_session4.csv
2026-09-21T10:19:02,4,1,indoor,window_open,open,open,morning,SW,11,20,16.20,60.70,room_environment_data_sensor1_session4.csv
2026-09-21T10:19:32,4,1,indoor,window_open,open,open,morning,SW,11,20,16.20,60.70,room_environment_data_sensor1_session4.csv
2026-09-21T10:20:02,4,1,indoor,window_open,open,open,morning,SW,11,20,16.20,60.90,room_environment_data_sensor1_session4.csv
2026-09-21T10:20:32,4,1,indoor,window_open,open,open,morning,SW,11,20,16.20,61.10,room_environment_data_sensor1_session4.csv
2026-09-21T10:21:02,4,1,indoor,window_open,open,open,morning,SW,11,20,16.20,60.90,room_environment_data_sensor1_session4.csv
2026-09-21T10:21:32,4,1,indoor,window_open,open,open,morning,SW,11,20,16.20,60.70,room_environment_data_sensor1_session4.csv
2026-09-21T10:22:02,4,1,indoor,window_open,open,open,morning,SW,11,20,16.20,61.20,room_environment_data_sensor1_session4.csv
2026-09-21T10:22:32,4,1,indoor,window_open,open,open,morning,SW,11,20,16.20,61.70,room_environment_data_sensor1_session4.csv
2026-09-21T10:23:02,4,1,indoor,window_open,open,open,morning,SW,11,20,16.20,61.20,room_environment_data_sensor1_session4.csv
2026-09-21T10:23:32,4,1,indoor,window_open,open,open,morning,SW,11,20,16.20,61.20,room_environment_data_sensor1_session4.csv
2026-09-21T10:24:02,4,1,indoor,window_open,open,open,morning,SW,11,20,16.20,61.80,room_environment_data_sensor1_session4.csv
2026-09-21T10:24:32,4,1,indoor,window_open,open,open,morning,SW,11,20,16.20,61.80,room_environment_data_sensor1_session4.csv
2026-09-21T10:25:02,4,1,indoor,window_open,open,open,morning,SW,11,20,16.30,61.50,room_environment_data_sensor1_session4.csv
2026-09-21T10:25:32,4,1,indoor,window_open,open,open,morning,SW,11,20,16.20,61.20,room_environment_data_sensor1_session4.csv
2026-09-21T10:26:02,4,1,indoor,window_open,open,open,morning,SW,11,20,16.20,60.80,room_environment_data_sensor1_session4.csv
2026-09-21T10:26:32,4,1,indoor,window_open,open,open,morning,SW,11,20,16.20,60.50,room_environment_data_sensor1_session4.csv
2026-09-21T10:27:02,4,1,indoor,window_open,open,open,morning,SW,11,20,16.10,59.90,room_environment_data_sensor1_session4.csv
2026-09-21T10:27:32,4,1,indoor,window_open,open,open,morning,SW,11,20,16.10,59.50,room_environment_data_sensor1_session4.csv
2026-09-21T10:28:02,4,1,indoor,window_open,open,open,morning,SW,11,20,16.10,59.70,room_environment_data_sensor1_session4.csv
2026-09-21T10:28:32,4,1,indoor,window_open,open,open,morning,SW,11,20,16.10,59.20,room_environment_data_sensor1_session4.csv
2026-09-21T10:29:02,4,1,indoor,window_open,open,open,morning,SW,11,20,16.10,59.20,room_environment_data_sensor1_session4.csv
2026-09-21T10:29:32,4,1,indoor,window_open,open,open,morning,SW,11,20,16.10,59.00,room_environment_data_sensor1_session4.csv
2026-09-21T10:30:02,4,1,indoor,window_open,open,open,morning,SW,11,20,16.00,59.10,room_environment_data_sensor1_session4.csv
2026-09-21T10:30:32,4,1,indoor,window_open,open,open,morning,SW,11,20,16.00,59.20,room_environment_data_sensor1_session4.csv
2026-09-21T10:31:02,4,1,indoor,window_open,open,open,morning,SW,11,20,16.10,59.10,room_environment_data_sensor1_session4.csv
2026-09-21T10:31:32,4,1,indoor,window_open,open,open,morning,SW,11,20,16.10,58.90,room_environment_data_sensor1_session4.csv
2026-09-21T10:32:02,4,1,indoor,window_open,open,open,morning,SW,11,20,16.10,59.00,room_environment_data_sensor1_session4.csv
2026-09-21T10:32:32,4,1,indoor,window_open,open,open,morning,SW,11,20,16.10,59.00,room_environment_data_sensor1_session4.csv
2026-09-21T10:33:02,4,1,indoor,window_open,open,open,morning,SW,11,20,16.10,58.90,room_environment_data_sensor1_session4.csv
2026-09-21T10:33:32,4,1,indoor,window_open,open,open,morning,SW,11,20,16.00,58.70,room_environment_data_sensor1_session4.csv
2026-09-21T10:34:02,4,1,indoor,window_open,open,open,morning,SW,11,20,16.00,57.70,room_environment_data_sensor1_session4.csv
2026-09-21T10:34:32,4,1,indoor,window_open,open,open,morning,SW,11,20,16.00,58.30,room_environment_data_sensor1_session4.csv
2026-09-21T10:35:02,4,1,indoor,window_open,open,open,morning,SW,11,20,16.00,58.20,room_environment_data_sensor1_session4.csv
2026-09-21T10:35:32,4,1,indoor,window_open,open,open,morning,SW,11,20,16.00,58.00,room_environment_data_sensor1_session4.csv
2026-09-21T10:36:02,4,1,indoor,window_open,open,open,morning,SW,11,20,16.00,57.90,room_environment_data_sensor1_session4.csv
2026-09-21T10:36:32,4,1,indoor,window_open,open,open,morning,SW,11,20,15.90,58.00,room_environment_data_sensor1_session4.csv
2026-09-21T10:37:02,4,1,indoor,window_open,open,open,morning,SW,11,20,16.00,58.10,room_environment_data_sensor1_session4.csv
2026-09-21T10:37:32,4,1,indoor,window_open,open,open,morning,SW,11,20,16.00,57.90,room_environment_data_sensor1_session4.csv
2026-09-21T10:38:02,4,1,indoor,window_open,open,open,morning,SW,11,20,16.00,57.90,room_environment_data_sensor1_session4.csv
2026-09-21T10:38:32,4,1,indoor,window_open,open,open,morning,SW,11,20,16.00,58.20,room_environment_data_sensor1_session4.csv
2026-09-21T10:39:02,4,1,indoor,window_open,open,open,morning,SW,11,20,16.00,57.80,room_environment_data_sensor1_session4.csv
2026-09-21T10:39:32,4,1,indoor,window_open,open,open,morning,SW,11,20,16.00,57.80,room_environment_data_sensor1_session4.csv
2026-09-21T10:40:02,4,1,indoor,window_open,open,open,morning,SW,11,20,16.00,57.70,room_environment_data_sensor1_session4.csv
2026-09-21T10:40:32,4,1,indoor,window_open,open,open,morning,SW,11,20,16.00,57.60,room_environment_data_sensor1_session4.csv
2026-09-21T10:41:02,4,1,indoor,window_open,open,open,morning,SW,11,20,16.00,57.40,room_environment_data_sensor1_session4.csv
2026-09-21T10:41:32,4,1,indoor,window_open,open,open,morning,SW,11,20,16.00,56.50,room_environment_data_sensor1_session4.csv
2026-09-21T10:42:02,4,1,indoor,window_open,open,open,morning,SW,11,20,16.00,56.40,room_environment_data_sensor1_session4.csv
2026-09-21T10:42:32,4,1,indoor,window_open,open,open,morning,SW,11,20,15.90,56.30,room_environment_data_sensor1_session4.csv
2026-09-21T10:43:02,4,1,indoor,window_open,open,open,morning,SW,11,20,15.90,56.00,room_environment_data_sensor1_session4.csv
2026-09-21T10:43:32,4,1,indoor,window_open,open,open,morning,SW,11,20,15.90,55.40,room_environment_data_sensor1_session4.csv
2026-09-21T10:44:02,4,1,indoor,window_open,open,open,morning,SW,11,20,15.80,55.40,room_environment_data_sensor1_session4.csv
2026-09-21T10:44:32,4,1,indoor,window_open,open,open,morning,SW,11,20,15.80,55.30,room_environment_data_sensor1_session4.csv
2026-09-21T10:45:02,4,1,indoor,window_open,open,open,morning,SW,11,20,15.80,55.50,room_environment_data_sensor1_session4.csv
2026-09-21T10:45:32,4,1,indoor,window_open,open,open,morning,SW,11,20,15.80,56.00,room_environment_data_sensor1_session4.csv
2026-09-21T10:46:02,4,1,indoor,window_open,open,open,morning,SW,11,20,15.80,56.30,room_environment_data_sensor1_session4.csv
2026-09-21T10:46:32,4,1,indoor,window_open,open,open,morning,SW,11,20,15.80,56.20,room_environment_data_sensor1_session4.csv
2026-09-21T10:47:02,4,1,indoor,window_open,open,open,morning,SW,11,20,15.80,55.80,room_environment_data_sensor1_session4.csv
2026-09-21T10:47:32,4,1,indoor,window_open,open,open,morning,SW,11,20,15.80,56.20,room_environment_data_sensor1_session4.csv
2026-09-21T10:48:02,4,1,indoor,window_open,open,open,morning,SW,11,20,15.80,56.00,room_environment_data_sensor1_session4.csv
2026-09-21T10:48:32,4,1,indoor,window_open,open,open,morning,SW,11,20,15.80,55.50,room_environment_data_sensor1_session4.csv
2026-09-21T10:49:02,4,1,indoor,window_open,open,open,morning,SW,11,20,15.80,55.30,room_environment_data_sensor1_session4.csv
2026-09-21T10:49:32,4,1,indoor,window_open,open,open,morning,SW,11,20,15.80,55.40,room_environment_data_sensor1_session4.csv
2026-09-21T10:50:02,4,1,indoor,window_open,open,open,morning,SW,11,20,15.80,55.20,room_environment_data_sensor1_session4.csv
2026-09-21T10:50:33,4,1,indoor,window_open,open,open,morning,SW,11,20,15.80,55.50,room_environment_data_sensor1_session4.csv
2026-09-21T10:51:03,4,1,indoor,window_open,open,open,morning,SW,11,20,15.80,55.50,room_environment_data_sensor1_session4.csv
2026-09-21T10:51:33,4,1,indoor,window_open,open,open,morning,SW,11,20,15.80,55.40,room_environment_data_sensor1_session4.csv
2026-09-21T10:52:03,4,1,indoor,window_open,open,open,morning,SW,11,20,15.80,55.40,room_environment_data_sensor1_session4.csv
2026-09-21T10:52:33,4,1,indoor,window_open,open,open,morning,SW,11,20,15.80,55.40,room_environment_data_sensor1_session4.csv
2026-09-21T10:53:03,4,1,indoor,window_open,open,open,morning,SW,11,20,15.80,55.30,room_environment_data_sensor1_session4.csv
2026-09-21T10:53:33,4,1,indoor,window_open,open,open,morning,SW,11,20,15.80,55.10,room_environment_data_sensor1_session4.csv
2026-09-21T10:54:03,4,1,indoor,window_open,open,open,morning,SW,11,20,15.80,55.10,room_environment_data_sensor1_session4.csv
2026-09-21T10:54:33,4,1,indoor,window_open,open,open,morning,SW,11,20,15.80,55.20,room_environment_data_sensor1_session4.csv
2026-09-21T10:55:03,4,1,indoor,window_open,open,open,morning,SW,11,20,15.90,55.70,room_environment_data_sensor1_session4.csv
2026-09-21T10:55:33,4,1,indoor,window_open,open,open,morning,SW,11,20,15.90,55.40,room_environment_data_sensor1_session4.csv
2026-09-21T10:56:03,4,1,indoor,window_open,open,open,morning,SW,11,20,15.90,55.60,room_environment_data_sensor1_session4.csv
2026-09-21T10:56:33,4,1,indoor,window_open,open,open,morning,SW,11,20,15.90,55.20,room_environment_data_sensor1_session4.csv
2026-09-21T10:57:03,4,1,indoor,window_open,open,open,morning,SW,11,20,15.90,54.90,room_environment_data_sensor1_session4.csv
2026-09-21T10:57:33,4,1,indoor,window_open,open,open,morning,SW,11,20,15.90,54.70,room_environment_data_sensor1_session4.csv
2026-09-21T10:58:03,4,1,indoor,window_open,open,open,morning,SW,11,20,15.90,54.50,room_environment_data_sensor1_session4.csv
2026-09-21T10:58:33,4,1,indoor,window_open,open,open,morning,SW,11,20,15.90,54.30,room_environment_data_sensor1_session4.csv
2026-09-21T10:59:03,4,1,indoor,window_open,open,open,morning,SW,11,20,15.90,54.50,room_environment_data_sensor1_session4.csv
2026-09-21T10:59:33,4,1,indoor,window_open,open,open,morning,SW,11,20,15.90,54.50,room_environment_data_sensor1_session4.csv
2026-09-21T11:00:03,4,1,indoor,recovery,closed,open,morning,SW,11,20,15.90,5450,room_environment_data_sensor1_session4.csv
2026-09-21T11:00:33,4,1,indoor,recovery,closed,open,morning,SW,11,20,15.90,54.50,room_environment_data_sensor1_session4.csv
2026-09-21T11:01:03,4,1,indoor,recovery,closed,open,morning,SW,11,20,15.90,54.20,room_environment_data_sensor1_session4.csv
2026-09-21T11:01:33,4,1,indoor,recovery,closed,open,morning,SW,11,20,15.90,54.20,room_environment_data_sensor1_session4.csv
2026-09-21T11:02:03,4,1,indoor,recovery,closed,open,morning,SW,11,20,15.90,54.60,room_environment_data_sensor1_session4.csv
2026-09-21T11:02:33,4,1,indoor,recovery,closed,open,morning,SW,11,20,15.90,54.90,room_environment_data_sensor1_session4.csv
2026-09-21T11:03:03,4,1,indoor,recovery,closed,open,morning,SW,11,20,16.00,55.20,room_environment_data_sensor1_session4.csv
2026-09-21T11:03:33,4,1,indoor,recovery,closed,open,morning,SW,11,20,16.00,55.80,room_environment_data_sensor1_session4.csv
2026-09-21T11:04:03,4,1,indoor,recovery,closed,open,morning,SW,11,20,16.00,56.20,room_environment_data_sensor1_session4.csv
2026-09-21T11:04:33,4,1,indoor,recovery,closed,open,morning,SW,11,20,16.10,56.60,room_environment_data_sensor1_session4.csv
2026-09-21T11:05:03,4,1,indoor,recovery,closed,open,morning,SW,11,20,16.10,56.90,room_environment_data_sensor1_session4.csv
2026-09-21T11:05:33,4,1,indoor,recovery,closed,open,morning,SW,11,20,16.20,57.20,room_environment_data_sensor1_session4.csv
2026-09-21T11:06:03,4,1,indoor,recovery,closed,open,morning,SW,11,20,16.20,57.30,room_environment_data_sensor1_session4.csv
2026-09-21T11:06:33,4,1,indoor,recovery,closed,open,morning,SW,11,20,16.20,57.10,room_environment_data_sensor1_session4.csv
2026-09-21T11:07:03,4,1,indoor,recovery,closed,open,morning,SW,11,20,16.20,57.30,room_environment_data_sensor1_session4.csv
2026-09-21T11:07:33,4,1,indoor,recovery,closed,open,morning,SW,11,20,16.20,57.30,room_environment_data_sensor1_session4.csv
2026-09-21T11:08:03,4,1,indoor,recovery,closed,open,morning,SW,11,20,16.30,57.30,room_environment_data_sensor1_session4.csv
2026-09-21T11:08:33,4,1,indoor,recovery,closed,open,morning,SW,11,20,16.30,57.60,room_environment_data_sensor1_session4.csv
2026-09-21T11:09:03,4,1,indoor,recovery,closed,open,morning,SW,11,20,16.30,57.50,room_environment_data_sensor1_session4.csv
2026-09-21T11:09:33,4,1,indoor,recovery,closed,open,morning,SW,11,20,16.30,57.60,room_environment_data_sensor1_session4.csv
2026-09-21T11:10:03,4,1,indoor,recovery,closed,open,morning,SW,11,20,16.30,57.60,room_environment_data_sensor1_session4.csv
2026-09-21T11:10:33,4,1,indoor,recovery,closed,open,morning,SW,11,20,16.30,57.70,room_environment_data_sensor1_session4.csv
2026-09-21T11:11:03,4,1,indoor,recovery,closed,open,morning,SW,11,20,16.40,57.80,room_environment_data_sensor1_session4.csv
2026-09-21T11:11:33,4,1,indoor,recovery,closed,open,morning,SW,11,20,16.40,57.80,room_environment_data_sensor1_session4.csv
2026-09-21T11:12:03,4,1,indoor,recovery,closed,open,morning,SW,11,20,16.40,58.00,room_environment_data_sensor1_session4.csv
2026-09-21T11:12:33,4,1,indoor,recovery,closed,open,morning,SW,11,20,16.40,58.10,room_environment_data_sensor1_session4.csv
2026-09-21T11:13:03,4,1,indoor,recovery,closed,open,morning,SW,11,20,16.40,58.20,room_environment_data_sensor1_session4.csv
2026-09-21T11:13:33,4,1,indoor,recovery,closed,open,morning,SW,11,20,16.40,58.20,room_environment_data_sensor1_session4.csv
2026-09-21T11:14:03,4,1,indoor,recovery,closed,open,morning,SW,11,20,16.40,58.20,room_environment_data_sensor1_session4.csv
2026-09-21T11:14:33,4,1,indoor,recovery,closed,open,morning,SW,11,20,16.40,58.40,room_environment_data_sensor1_session4.csv
2026-09-21T11:15:03,4,1,indoor,recovery,closed,open,morning,SW,11,20,16.40,58.50,room_environment_data_sensor1_session4.csv
2026-09-21T11:15:33,4,1,indoor,recovery,closed,open,morning,SW,11,20,16.40,58.50,room_environment_data_sensor1_session4.csv
2026-09-21T11:16:03,4,1,indoor,recovery,closed,open,morning,SW,11,20,16.50,58.50,room_environment_data_sensor1_session4.csv
2026-09-21T11:16:33,4,1,indoor,recovery,closed,open,morning,SW,11,20,16.40,58.60,room_environment_data_sensor1_session4.csv
2026-09-21T11:17:03,4,1,indoor,recovery,closed,open,morning,SW,11,20,16.50,58.60,room_environment_data_sensor1_session4.csv
2026-09-21T11:17:33,4,1,indoor,recovery,closed,open,morning,SW,11,20,16.50,58.70,room_environment_data_sensor1_session4.csv
2026-09-21T11:18:03,4,1,indoor,recovery,closed,open,morning,SW,11,20,16.50,58.80,room_environment_data_sensor1_session4.csv
2026-09-21T11:18:33,4,1,indoor,recovery,closed,open,morning,SW,11,20,16.50,58.80,room_environment_data_sensor1_session4.csv
2026-09-21T11:19:03,4,1,indoor,recovery,closed,open,morning,SW,11,20,16.50,58.80,room_environment_data_sensor1_session4.csv
2026-09-21T11:19:33,4,1,indoor,recovery,closed,open,morning,SW,11,20,16.50,58.80,room_environment_data_sensor1_session4.csv
2026-09-21T11:20:03,4,1,indoor,recovery,closed,open,morning,SW,11,20,16.50,58.90,room_environment_data_sensor1_session4.csv
2026-09-21T11:20:33,4,1,indoor,recovery,closed,open,morning,SW,11,20,16.50,58.90,room_environment_data_sensor1_session4.csv
2026-09-21T11:21:03,4,1,indoor,recovery,closed,open,morning,SW,11,20,16.50,58.90,room_environment_data_sensor1_session4.csv
2026-09-21T11:21:33,4,1,indoor,recovery,closed,open,morning,SW,11,20,16.50,59.00,room_environment_data_sensor1_session4.csv
2026-09-21T11:22:03,4,1,indoor,recovery,closed,open,morning,SW,11,20,16.50,59.00,room_environment_data_sensor1_session4.csv
2026-09-21T11:22:33,4,1,indoor,recovery,closed,open,morning,SW,11,20,16.50,59.00,room_environment_data_sensor1_session4.csv
2026-09-21T11:23:03,4,1,indoor,recovery,closed,open,morning,SW,11,20,16.50,59.10,room_environment_data_sensor1_session4.csv
2026-09-21T11:23:33,4,1,indoor,recovery,closed,open,morning,SW,11,20,16.50,59.20,room_environment_data_sensor1_session4.csv
2026-09-21T11:24:03,4,1,indoor,recovery,closed,open,morning,SW,11,20,16.50,59.20,room_environment_data_sensor1_session4.csv
2026-09-21T11:24:33,4,1,indoor,recovery,closed,open,morning,SW,11,20,16.50,59.20,room_environment_data_sensor1_session4.csv
2026-09-21T11:25:03,4,1,indoor,recovery,closed,open,morning,SW,11,20,16.60,59.30,room_environment_data_sensor1_session4.csv
2026-09-21T11:25:33,4,1,indoor,recovery,closed,open,morning,SW,11,20,16.50,59.30,room_environment_data_sensor1_session4.csv
2026-09-21T11:26:03,4,1,indoor,recovery,closed,open,morning,SW,11,20,16.50,59.30,room_environment_data_sensor1_session4.csv
2026-09-21T11:26:33,4,1,indoor,recovery,closed,open,morning,SW,11,20,16.60,59.30,room_environment_data_sensor1_session4.csv
2026-09-21T11:27:03,4,1,indoor,recovery,closed,open,morning,SW,11,20,16.50,59.40,room_environment_data_sensor1_session4.csv
2026-09-21T11:27:33,4,1,indoor,recovery,closed,open,morning,SW,11,20,16.50,59.50,room_environment_data_sensor1_session4.csv
2026-09-21T11:28:03,4,1,indoor,recovery,closed,open,morning,SW,11,20,16.60,59.40,room_environment_data_sensor1_session4.csv
2026-09-21T11:28:33,4,1,indoor,recovery,closed,open,morning,SW,11,20,16.60,59.40,room_environment_data_sensor1_session4.csv
2026-09-21T11:29:03,4,1,indoor,recovery,closed,open,morning,SW,11,20,16.60,59.50,room_environment_data_sensor1_session4.csv
2026-09-21T11:29:33,4,1,indoor,recovery,closed,open,morning,SW,11,20,16.60,59.60,room_environment_data_sensor1_session4.csv
2026-09-21T11:30:03,4,1,indoor,recovery,closed,open,morning,SW,11,20,16.60,59.60,room_environment_data_sensor1_session4.csv
2026-09-21T11:30:33,4,1,indoor,recovery,closed,open,morning,SW,11,20,16.60,59.60,room_environment_data_sensor1_session4.csv
2026-09-21T11:31:03,4,1,indoor,recovery,closed,open,morning,SW,11,20,16.60,59.50,room_environment_data_sensor1_session4.csv
2026-09-21T11:31:33,4,1,indoor,recovery,closed,open,morning,SW,11,20,16.60,59.50,room_environment_data_sensor1_session4.csv
2026-09-21T11:32:03,4,1,indoor,recovery,closed,open,morning,SW,11,20,16.60,59.60,room_environment_data_sensor1_session4.csv
2026-09-21T11:32:33,4,1,indoor,recovery,closed,open,morning,SW,11,20,16.60,59.70,room_environment_data_sensor1_session4.csv
2026-09-21T11:33:03,4,1,indoor,recovery,closed,open,morning,SW,11,20,16.60,59.80,room_environment_data_sensor1_session4.csv
2026-09-21T11:33:33,4,1,indoor,recovery,closed,open,morning,SW,11,20,16.60,59.80,room_environment_data_sensor1_session4.csv
2026-09-21T11:34:03,4,1,indoor,recovery,closed,open,morning,SW,11,20,16.60,59.80,room_environment_data_sensor1_session4.csv
2026-09-21T11:34:33,4,1,indoor,recovery,closed,open,morning,SW,11,20,16.60,59.80,room_environment_data_sensor1_session4.csv
2026-09-21T11:35:03,4,1,indoor,recovery,closed,open,morning,SW,11,20,16.60,59.60,room_environment_data_sensor1_session4.csv
2026-09-21T11:35:33,4,1,indoor,recovery,closed,open,morning,SW,11,20,16.60,59.70,room_environment_data_sensor1_session4.csv
2026-09-21T11:36:03,4,1,indoor,recovery,closed,open,morning,SW,11,20,16.60,59.80,room_environment_data_sensor1_session4.csv
2026-09-21T11:36:33,4,1,indoor,recovery,closed,open,morning,SW,11,20,16.60,59.80,room_environment_data_sensor1_session4.csv
2026-09-21T11:37:03,4,1,indoor,recovery,closed,open,morning,SW,11,20,16.60,59.80,room_environment_data_sensor1_session4.csv
2026-09-21T11:37:33,4,1,indoor,recovery,closed,open,morning,SW,11,20,16.60,59.80,room_environment_data_sensor1_session4.csv
2026-09-21T11:38:03,4,1,indoor,recovery,closed,open,morning,SW,11,20,16.60,59.80,room_environment_data_sensor1_session4.csv
2026-09-21T11:38:33,4,1,indoor,recovery,closed,open,morning,SW,11,20,16.60,59.90,room_environment_data_sensor1_session4.csv
2026-09-21T11:39:03,4,1,indoor,recovery,closed,open,morning,SW,11,20,16.60,60.00,room_environment_data_sensor1_session4.csv
2026-09-21T11:39:33,4,1,indoor,recovery,closed,open,morning,SW,11,20,16.70,59.80,room_environment_data_sensor1_session4.csv
2026-09-21T11:40:03,4,1,indoor,recovery,closed,open,morning,SW,11,20,16.70,59.90,room_environment_data_sensor1_session4.csv
2026-09-21T11:40:33,4,1,indoor,recovery,closed,open,morning,SW,11,20,16.60,59.80,room_environment_data_sensor1_session4.csv
2026-09-21T11:41:03,4,1,indoor,recovery,closed,open,morning,SW,11,20,16.60,59.90,room_environment_data_sensor1_session4.csv
2026-09-21T11:41:33,4,1,indoor,recovery,closed,open,morning,SW,11,20,16.60,60.00,room_environment_data_sensor1_session4.csv
2026-09-21T11:42:03,4,1,indoor,recovery,closed,open,morning,SW,11,20,16.70,60.10,room_environment_data_sensor1_session4.csv
2026-09-21T11:42:33,4,1,indoor,recovery,closed,open,morning,SW,11,20,16.60,60.10,room_environment_data_sensor1_session4.csv
2026-09-21T11:43:03,4,1,indoor,recovery,closed,open,morning,SW,11,20,16.70,60.00,room_environment_data_sensor1_session4.csv
2026-09-21T11:43:33,4,1,indoor,recovery,closed,open,morning,SW,11,20,16.70,60.10,room_environment_data_sensor1_session4.csv
2026-09-21T11:44:03,4,1,indoor,recovery,closed,open,morning,SW,11,20,16.70,60.10,room_environment_data_sensor1_session4.csv
2026-09-21T11:44:33,4,1,indoor,recovery,closed,open,morning,SW,11,20,16.70,60.10,room_environment_data_sensor1_session4.csv
2026-09-21T11:45:03,4,1,indoor,recovery,closed,open,morning,SW,11,20,16.70,60.10,room_environment_data_sensor1_session4.csv
2026-09-21T11:45:33,4,1,indoor,recovery,closed,open,morning,SW,11,20,16.70,60.10,room_environment_data_sensor1_session4.csv
2026-09-21T11:46:03,4,1,indoor,recovery,closed,open,morning,SW,11,20,16.70,60.10,room_environment_data_sensor1_session4.csv
2026-09-21T11:46:33,4,1,indoor,recovery,closed,open,morning,SW,11,20,16.70,60.10,room_environment_data_sensor1_session4.csv
2026-09-21T11:47:03,4,1,indoor,recovery,closed,open,morning,SW,11,20,16.70,60.00,room_environment_data_sensor1_session4.csv
2026-09-21T11:47:33,4,1,indoor,recovery,closed,open,morning,SW,11,20,16.70,60.00,room_environment_data_sensor1_session4.csv
2026-09-21T11:48:03,4,1,indoor,recovery,closed,open,morning,SW,11,20,16.70,60.20,room_environment_data_sensor1_session4.csv
2026-09-21T11:48:33,4,1,indoor,recovery,closed,open,morning,SW,11,20,16.70,60.10,room_environment_data_sensor1_session4.csv
2026-09-21T11:49:03,4,1,indoor,recovery,closed,open,morning,SW,11,20,16.70,60.20,room_environment_data_sensor1_session4.csv
2026-09-21T11:49:33,4,1,indoor,recovery,closed,open,morning,SW,11,20,16.70,60.30,room_environment_data_sensor1_session4.csv
2026-09-21T11:50:03,4,1,indoor,recovery,closed,open,morning,SW,11,20,16.70,60.30,room_environment_data_sensor1_session4.csv
2026-09-21T11:50:33,4,1,indoor,recovery,closed,open,morning,SW,11,20,16.70,60.30,room_environment_data_sensor1_session4.csv
2026-09-21T11:51:03,4,1,indoor,recovery,closed,open,morning,SW,11,20,16.70,60.30,room_environment_data_sensor1_session4.csv
2026-09-21T11:51:33,4,1,indoor,recovery,closed,open,morning,SW,11,20,16.80,60.30,room_environment_data_sensor1_session4.csv
2026-09-21T11:52:03,4,1,indoor,recovery,closed,open,morning,SW,11,20,16.80,60.30,room_environment_data_sensor1_session4.csv
2026-09-21T11:52:33,4,1,indoor,recovery,closed,open,morning,SW,11,20,16.80,60.40,room_environment_data_sensor1_session4.csv
2026-09-21T11:53:03,4,1,indoor,recovery,closed,open,morning,SW,11,20,16.70,60.30,room_environment_data_sensor1_session4.csv
2026-09-21T11:53:33,4,1,indoor,recovery,closed,open,morning,SW,11,20,16.80,60.30,room_environment_data_sensor1_session4.csv
2026-09-21T11:54:03,4,1,indoor,recovery,closed,open,morning,SW,11,20,16.70,60.40,room_environment_data_sensor1_session4.csv
2026-09-21T11:54:33,4,1,indoor,recovery,closed,open,morning,SW,11,20,16.80,60.40,room_environment_data_sensor1_session4.csv
2026-09-21T11:55:03,4,1,indoor,recovery,closed,open,morning,SW,11,20,16.80,60.40,room_environment_data_sensor1_session4.csv
2026-09-21T11:55:33,4,1,indoor,recovery,closed,open,morning,SW,11,20,16.80,60.50,room_environment_data_sensor1_session4.csv
2026-09-21T11:56:03,4,1,indoor,recovery,closed,open,morning,SW,11,20,16.80,60.50,room_environment_data_sensor1_session4.csv
2026-09-21T11:56:33,4,1,indoor,recovery,closed,open,morning,SW,11,20,16.80,60.50,room_environment_data_sensor1_session4.csv
2026-09-21T11:57:03,4,1,indoor,recovery,closed,open,morning,SW,11,20,16.80,60.50,room_environment_data_sensor1_session4.csv
2026-09-21T11:57:33,4,1,indoor,recovery,closed,open,morning,SW,11,20,16.80,60.50,room_environment_data_sensor1_session4.csv
2026-09-21T11:58:03,4,1,indoor,recovery,closed,open,morning,SW,11,20,16.80,60.50,room_environment_data_sensor1_session4.csv
2026-09-21T11:58:33,4,1,indoor,recovery,closed,open,morning,SW,11,20,16.80,60.50,room_environment_data_sensor1_session4.csv
2026-09-21T11:59:03,4,1,indoor,recovery,closed,open,morning,SW,11,20,16.80,60.60,room_environment_data_sensor1_session4.csv
2026-09-21T11:59:34,4,1,indoor,recovery,closed,open,morning,SW,11,20,16.80,60.60,room_environment_data_sensor1_session4.csv
2026-09-21T09:00:22,4,2,outdoor,baseline,closed,open,morning,SW,11,20,12.00,71.10,room_environment_data_sensor2_session4.csv
2026-09-21T09:00:52,4,2,outdoor,baseline,closed,open,morning,SW,11,20,11.90,72.10,room_environment_data_sensor2_session4.csv
2026-09-21T09:01:22,4,2,outdoor,baseline,closed,open,morning,SW,11,20,11.80,71.40,room_environment_data_sensor2_session4.csv
2026-09-21T09:01:52,4,2,outdoor,baseline,closed,open,morning,SW,11,20,11.80,73.00,room_environment_data_sensor2_session4.csv
2026-09-21T09:02:22,4,2,outdoor,baseline,closed,open,morning,SW,11,20,11.80,72.10,room_environment_data_sensor2_session4.csv
2026-09-21T09:02:52,4,2,outdoor,baseline,closed,open,morning,SW,11,20,11.80,72.30,room_environment_data_sensor2_session4.csv
2026-09-21T09:03:22,4,2,outdoor,baseline,closed,open,morning,SW,11,20,11.80,71.70,room_environment_data_sensor2_session4.csv
2026-09-21T09:03:52,4,2,outdoor,baseline,closed,open,morning,SW,11,20,11.80,70.50,room_environment_data_sensor2_session4.csv
2026-09-21T09:04:22,4,2,outdoor,baseline,closed,open,morning,SW,11,20,11.80,71.30,room_environment_data_sensor2_session4.csv
2026-09-21T09:04:53,4,2,outdoor,baseline,closed,open,morning,SW,11,20,11.80,70.70,room_environment_data_sensor2_session4.csv
2026-09-21T09:05:23,4,2,outdoor,baseline,closed,open,morning,SW,11,20,11.80,69.70,room_environment_data_sensor2_session4.csv
2026-09-21T09:05:53,4,2,outdoor,baseline,closed,open,morning,SW,11,20,11.80,69.10,room_environment_data_sensor2_session4.csv
2026-09-21T09:06:23,4,2,outdoor,baseline,closed,open,morning,SW,11,20,11.80,70.50,room_environment_data_sensor2_session4.csv
2026-09-21T09:06:53,4,2,outdoor,baseline,closed,open,morning,SW,11,20,11.70,68.60,room_environment_data_sensor2_session4.csv
2026-09-21T09:07:23,4,2,outdoor,baseline,closed,open,morning,SW,11,20,11.70,69.60,room_environment_data_sensor2_session4.csv
2026-09-21T09:07:53,4,2,outdoor,baseline,closed,open,morning,SW,11,20,11.70,69.40,room_environment_data_sensor2_session4.csv
2026-09-21T09:08:23,4,2,outdoor,baseline,closed,open,morning,SW,11,20,11.60,70.00,room_environment_data_sensor2_session4.csv
2026-09-21T09:08:53,4,2,outdoor,baseline,closed,open,morning,SW,11,20,11.70,70.50,room_environment_data_sensor2_session4.csv
2026-09-21T09:09:23,4,2,outdoor,baseline,closed,open,morning,SW,11,20,11.60,71.10,room_environment_data_sensor2_session4.csv
2026-09-21T09:09:53,4,2,outdoor,baseline,closed,open,morning,SW,11,20,11.50,72.30,room_environment_data_sensor2_session4.csv
2026-09-21T09:10:23,4,2,outdoor,baseline,closed,open,morning,SW,11,20,11.50,73.10,room_environment_data_sensor2_session4.csv
2026-09-21T09:10:53,4,2,outdoor,baseline,closed,open,morning,SW,11,20,11.60,74.00,room_environment_data_sensor2_session4.csv
2026-09-21T09:11:23,4,2,outdoor,baseline,closed,open,morning,SW,11,20,11.60,74.40,room_environment_data_sensor2_session4.csv
2026-09-21T09:11:53,4,2,outdoor,baseline,closed,open,morning,SW,11,20,11.60,74.70,room_environment_data_sensor2_session4.csv
2026-09-21T09:12:23,4,2,outdoor,baseline,closed,open,morning,SW,11,20,11.60,75.30,room_environment_data_sensor2_session4.csv
2026-09-21T09:12:53,4,2,outdoor,baseline,closed,open,morning,SW,11,20,11.60,76.20,room_environment_data_sensor2_session4.csv
2026-09-21T09:13:23,4,2,outdoor,baseline,closed,open,morning,SW,11,20,11.60,76.70,room_environment_data_sensor2_session4.csv
2026-09-21T09:13:54,4,2,outdoor,baseline,closed,open,morning,SW,11,20,11.50,76.50,room_environment_data_sensor2_session4.csv
2026-09-21T09:14:24,4,2,outdoor,baseline,closed,open,morning,SW,11,20,11.50,76.90,room_environment_data_sensor2_session4.csv
2026-09-21T09:14:54,4,2,outdoor,baseline,closed,open,morning,SW,11,20,11.50,76.00,room_environment_data_sensor2_session4.csv
2026-09-21T09:15:24,4,2,outdoor,baseline,closed,open,morning,SW,11,20,11.50,76.60,room_environment_data_sensor2_session4.csv
2026-09-21T09:15:54,4,2,outdoor,baseline,closed,open,morning,SW,11,20,11.50,77.20,room_environment_data_sensor2_session4.csv
2026-09-21T09:16:24,4,2,outdoor,baseline,closed,open,morning,SW,11,20,11.50,77.10,room_environment_data_sensor2_session4.csv
2026-09-21T09:16:54,4,2,outdoor,baseline,closed,open,morning,SW,11,20,11.40,76.90,room_environment_data_sensor2_session4.csv
2026-09-21T09:17:24,4,2,outdoor,baseline,closed,open,morning,SW,11,20,11.40,76.90,room_environment_data_sensor2_session4.csv
2026-09-21T09:17:54,4,2,outdoor,baseline,closed,open,morning,SW,11,20,11.40,77.30,room_environment_data_sensor2_session4.csv
2026-09-21T09:18:24,4,2,outdoor,baseline,closed,open,morning,SW,11,20,11.40,78.00,room_environment_data_sensor2_session4.csv
2026-09-21T09:18:54,4,2,outdoor,baseline,closed,open,morning,SW,11,20,11.40,77.50,room_environment_data_sensor2_session4.csv
2026-09-21T09:19:24,4,2,outdoor,baseline,closed,open,morning,SW,11,20,11.30,77.40,room_environment_data_sensor2_session4.csv
2026-09-21T09:19:54,4,2,outdoor,baseline,closed,open,morning,SW,11,20,11.30,77.40,room_environment_data_sensor2_session4.csv
2026-09-21T09:20:24,4,2,outdoor,baseline,closed,open,morning,SW,11,20,11.40,78.00,room_environment_data_sensor2_session4.csv
2026-09-21T09:20:54,4,2,outdoor,baseline,closed,open,morning,SW,11,20,11.40,78.10,room_environment_data_sensor2_session4.csv
2026-09-21T09:21:24,4,2,outdoor,baseline,closed,open,morning,SW,11,20,11.50,78.30,room_environment_data_sensor2_session4.csv
2026-09-21T09:21:54,4,2,outdoor,baseline,closed,open,morning,SW,11,20,11.50,79.10,room_environment_data_sensor2_session4.csv
2026-09-21T09:22:24,4,2,outdoor,baseline,closed,open,morning,SW,11,20,11.50,78.60,room_environment_data_sensor2_session4.csv
2026-09-21T09:22:55,4,2,outdoor,baseline,closed,open,morning,SW,11,20,11.60,78.40,room_environment_data_sensor2_session4.csv
2026-09-21T09:23:25,4,2,outdoor,baseline,closed,open,morning,SW,11,20,11.60,78.30,room_environment_data_sensor2_session4.csv
2026-09-21T09:23:55,4,2,outdoor,baseline,closed,open,morning,SW,11,20,11.70,78.10,room_environment_data_sensor2_session4.csv
2026-09-21T09:24:25,4,2,outdoor,baseline,closed,open,morning,SW,11,20,11.70,77.00,room_environment_data_sensor2_session4.csv
2026-09-21T09:24:55,4,2,outdoor,baseline,closed,open,morning,SW,11,20,11.70,77.80,room_environment_data_sensor2_session4.csv
2026-09-21T09:25:25,4,2,outdoor,baseline,closed,open,morning,SW,11,20,11.80,78.10,room_environment_data_sensor2_session4.csv
2026-09-21T09:25:55,4,2,outdoor,baseline,closed,open,morning,SW,11,20,11.80,77.90,room_environment_data_sensor2_session4.csv
2026-09-21T09:26:25,4,2,outdoor,baseline,closed,open,morning,SW,11,20,11.80,77.40,room_environment_data_sensor2_session4.csv
2026-09-21T09:26:55,4,2,outdoor,baseline,closed,open,morning,SW,11,20,11.90,77.20,room_environment_data_sensor2_session4.csv
2026-09-21T09:27:25,4,2,outdoor,baseline,closed,open,morning,SW,11,20,11.90,77.50,room_environment_data_sensor2_session4.csv
2026-09-21T09:27:55,4,2,outdoor,baseline,closed,open,morning,SW,11,20,11.90,77.10,room_environment_data_sensor2_session4.csv
2026-09-21T09:28:25,4,2,outdoor,baseline,closed,open,morning,SW,11,20,11.90,76.10,room_environment_data_sensor2_session4.csv
2026-09-21T09:28:55,4,2,outdoor,baseline,closed,open,morning,SW,11,20,11.90,75.90,room_environment_data_sensor2_session4.csv
2026-09-21T09:29:25,4,2,outdoor,baseline,closed,open,morning,SW,11,20,12.00,76.60,room_environment_data_sensor2_session4.csv
2026-09-21T09:29:55,4,2,outdoor,baseline,closed,open,morning,SW,11,20,12.00,76.20,room_environment_data_sensor2_session4.csv
2026-09-21T09:30:25,4,2,outdoor,baseline,closed,open,morning,SW,11,20,12.00,76.40,room_environment_data_sensor2_session4.csv
2026-09-21T09:30:55,4,2,outdoor,baseline,closed,open,morning,SW,11,20,12.10,76.10,room_environment_data_sensor2_session4.csv
2026-09-21T09:31:25,4,2,outdoor,baseline,closed,open,morning,SW,11,20,12.10,76.10,room_environment_data_sensor2_session4.csv
2026-09-21T09:31:56,4,2,outdoor,baseline,closed,open,morning,SW,11,20,12.20,75.80,room_environment_data_sensor2_session4.csv
2026-09-21T09:32:26,4,2,outdoor,baseline,closed,open,morning,SW,11,20,12.20,76.20,room_environment_data_sensor2_session4.csv
2026-09-21T09:32:56,4,2,outdoor,baseline,closed,open,morning,SW,11,20,12.40,76.90,room_environment_data_sensor2_session4.csv
2026-09-21T09:33:26,4,2,outdoor,baseline,closed,open,morning,SW,11,20,12.40,76.20,room_environment_data_sensor2_session4.csv
2026-09-21T09:33:56,4,2,outdoor,baseline,closed,open,morning,SW,11,20,12.50,75.50,room_environment_data_sensor2_session4.csv
2026-09-21T09:34:26,4,2,outdoor,baseline,closed,open,morning,SW,11,20,12.60,75.30,room_environment_data_sensor2_session4.csv
2026-09-21T09:34:56,4,2,outdoor,baseline,closed,open,morning,SW,11,20,12.60,74.80,room_environment_data_sensor2_session4.csv
2026-09-21T09:35:26,4,2,outdoor,baseline,closed,open,morning,SW,11,20,12.70,75.20,room_environment_data_sensor2_session4.csv
2026-09-21T09:35:56,4,2,outdoor,baseline,closed,open,morning,SW,11,20,12.60,74.60,room_environment_data_sensor2_session4.csv
2026-09-21T09:36:26,4,2,outdoor,baseline,closed,open,morning,SW,11,20,12.80,74.60,room_environment_data_sensor2_session4.csv
2026-09-21T09:36:56,4,2,outdoor,baseline,closed,open,morning,SW,11,20,12.90,73.00,room_environment_data_sensor2_session4.csv
2026-09-21T09:37:26,4,2,outdoor,baseline,closed,open,morning,SW,11,20,12.90,71.90,room_environment_data_sensor2_session4.csv
2026-09-21T09:37:56,4,2,outdoor,baseline,closed,open,morning,SW,11,20,13.10,72.60,room_environment_data_sensor2_session4.csv
2026-09-21T09:38:26,4,2,outdoor,baseline,closed,open,morning,SW,11,20,13.10,71.60,room_environment_data_sensor2_session4.csv
2026-09-21T09:38:56,4,2,outdoor,baseline,closed,open,morning,SW,11,20,13.20,70.80,room_environment_data_sensor2_session4.csv
2026-09-21T09:39:26,4,2,outdoor,baseline,closed,open,morning,SW,11,20,13.20,69.90,room_environment_data_sensor2_session4.csv
2026-09-21T09:39:56,4,2,outdoor,baseline,closed,open,morning,SW,11,20,13.00,68.10,room_environment_data_sensor2_session4.csv
2026-09-21T09:40:26,4,2,outdoor,baseline,closed,open,morning,SW,11,20,13.20,69.30,room_environment_data_sensor2_session4.csv
2026-09-21T09:40:57,4,2,outdoor,baseline,closed,open,morning,SW,11,20,13.20,69.10,room_environment_data_sensor2_session4.csv
2026-09-21T09:41:27,4,2,outdoor,baseline,closed,open,morning,SW,11,20,13.30,67.60,room_environment_data_sensor2_session4.csv
2026-09-21T09:41:57,4,2,outdoor,baseline,closed,open,morning,SW,11,20,13.30,66.60,room_environment_data_sensor2_session4.csv
2026-09-21T09:42:27,4,2,outdoor,baseline,closed,open,morning,SW,11,20,13.40,65.90,room_environment_data_sensor2_session4.csv
2026-09-21T09:42:57,4,2,outdoor,baseline,closed,open,morning,SW,11,20,13.40,67.00,room_environment_data_sensor2_session4.csv
2026-09-21T09:43:27,4,2,outdoor,baseline,closed,open,morning,SW,11,20,13.40,66.30,room_environment_data_sensor2_session4.csv
2026-09-21T09:43:57,4,2,outdoor,baseline,closed,open,morning,SW,11,20,13.40,65.80,room_environment_data_sensor2_session4.csv
2026-09-21T09:44:27,4,2,outdoor,baseline,closed,open,morning,SW,11,20,13.40,62.90,room_environment_data_sensor2_session4.csv
2026-09-21T09:44:57,4,2,outdoor,baseline,closed,open,morning,SW,11,20,13.40,63.10,room_environment_data_sensor2_session4.csv
2026-09-21T09:45:27,4,2,outdoor,baseline,closed,open,morning,SW,11,20,13.40,62.60,room_environment_data_sensor2_session4.csv
2026-09-21T09:45:57,4,2,outdoor,baseline,closed,open,morning,SW,11,20,13.60,64.20,room_environment_data_sensor2_session4.csv
2026-09-21T09:46:27,4,2,outdoor,baseline,closed,open,morning,SW,11,20,13.60,65.80,room_environment_data_sensor2_session4.csv
2026-09-21T09:46:57,4,2,outdoor,baseline,closed,open,morning,SW,11,20,13.70,64.60,room_environment_data_sensor2_session4.csv
2026-09-21T09:47:27,4,2,outdoor,baseline,closed,open,morning,SW,11,20,13.80,63.00,room_environment_data_sensor2_session4.csv
2026-09-21T09:47:57,4,2,outdoor,baseline,closed,open,morning,SW,11,20,13.90,62.20,room_environment_data_sensor2_session4.csv
2026-09-21T09:48:27,4,2,outdoor,baseline,closed,open,morning,SW,11,20,14.00,62.50,room_environment_data_sensor2_session4.csv
2026-09-21T09:48:57,4,2,outdoor,baseline,closed,open,morning,SW,11,20,14.00,60.60,room_environment_data_sensor2_session4.csv
2026-09-21T09:49:27,4,2,outdoor,baseline,closed,open,morning,SW,11,20,14.00,59.20,room_environment_data_sensor2_session4.csv
2026-09-21T09:49:58,4,2,outdoor,baseline,closed,open,morning,SW,11,20,14.00,60.50,room_environment_data_sensor2_session4.csv
2026-09-21T09:50:28,4,2,outdoor,baseline,closed,open,morning,SW,11,20,14.00,59.00,room_environment_data_sensor2_session4.csv
2026-09-21T09:50:58,4,2,outdoor,baseline,closed,open,morning,SW,11,20,14.00,58.70,room_environment_data_sensor2_session4.csv
2026-09-21T09:51:28,4,2,outdoor,baseline,closed,open,morning,SW,11,20,14.00,58.70,room_environment_data_sensor2_session4.csv
2026-09-21T09:51:58,4,2,outdoor,baseline,closed,open,morning,SW,11,20,13.90,57.80,room_environment_data_sensor2_session4.csv
2026-09-21T09:52:28,4,2,outdoor,baseline,closed,open,morning,SW,11,20,13.90,59.90,room_environment_data_sensor2_session4.csv
2026-09-21T09:52:58,4,2,outdoor,baseline,closed,open,morning,SW,11,20,14.00,60.20,room_environment_data_sensor2_session4.csv
2026-09-21T09:53:28,4,2,outdoor,baseline,closed,open,morning,SW,11,20,14.00,60.50,room_environment_data_sensor2_session4.csv
2026-09-21T09:53:58,4,2,outdoor,baseline,closed,open,morning,SW,11,20,14.00,59.40,room_environment_data_sensor2_session4.csv
2026-09-21T09:54:28,4,2,outdoor,baseline,closed,open,morning,SW,11,20,14.00,60.30,room_environment_data_sensor2_session4.csv
2026-09-21T09:54:58,4,2,outdoor,baseline,closed,open,morning,SW,11,20,14.00,60.20,room_environment_data_sensor2_session4.csv
2026-09-21T09:55:28,4,2,outdoor,baseline,closed,open,morning,SW,11,20,14.00,60.40,room_environment_data_sensor2_session4.csv
2026-09-21T09:55:58,4,2,outdoor,baseline,closed,open,morning,SW,11,20,14.00,59.70,room_environment_data_sensor2_session4.csv
2026-09-21T09:56:28,4,2,outdoor,baseline,closed,open,morning,SW,11,20,14.00,59.00,room_environment_data_sensor2_session4.csv
2026-09-21T09:56:58,4,2,outdoor,baseline,closed,open,morning,SW,11,20,14.00,58.10,room_environment_data_sensor2_session4.csv
2026-09-21T09:57:28,4,2,outdoor,baseline,closed,open,morning,SW,11,20,13.90,59.50,room_environment_data_sensor2_session4.csv
2026-09-21T09:57:58,4,2,outdoor,baseline,closed,open,morning,SW,11,20,14.00,59.70,room_environment_data_sensor2_session4.csv
2026-09-21T09:58:28,4,2,outdoor,baseline,closed,open,morning,SW,11,20,14.00,58.80,room_environment_data_sensor2_session4.csv
2026-09-21T09:58:58,4,2,outdoor,baseline,closed,open,morning,SW,11,20,14.00,58.90,room_environment_data_sensor2_session4.csv
2026-09-21T09:59:29,4,2,outdoor,baseline,closed,open,morning,SW,11,20,14.20,58.80,room_environment_data_sensor2_session4.csv
2026-09-21T09:59:59,4,2,outdoor,baseline,closed,open,morning,SW,11,20,14.30,58.00,room_environment_data_sensor2_session4.csv
2026-09-21T10:00:29,4,2,outdoor,window_open,open,open,morning,SW,11,20,14.40,57.80,room_environment_data_sensor2_session4.csv
2026-09-21T10:00:59,4,2,outdoor,window_open,open,open,morning,SW,11,20,14.50,57.90,room_environment_data_sensor2_session4.csv
2026-09-21T10:01:29,4,2,outdoor,window_open,open,open,morning,SW,11,20,14.70,58.60,room_environment_data_sensor2_session4.csv
2026-09-21T10:01:59,4,2,outdoor,window_open,open,open,morning,SW,11,20,14.80,59.50,room_environment_data_sensor2_session4.csv
2026-09-21T10:02:29,4,2,outdoor,window_open,open,open,morning,SW,11,20,15.00,59.60,room_environment_data_sensor2_session4.csv
2026-09-21T10:02:59,4,2,outdoor,window_open,open,open,morning,SW,11,20,15.10,58.30,room_environment_data_sensor2_session4.csv
2026-09-21T10:03:29,4,2,outdoor,window_open,open,open,morning,SW,11,20,15.20,57.50,room_environment_data_sensor2_session4.csv
2026-09-21T10:03:59,4,2,outdoor,window_open,open,open,morning,SW,11,20,15.20,56.50,room_environment_data_sensor2_session4.csv
2026-09-21T10:04:29,4,2,outdoor,window_open,open,open,morning,SW,11,20,15.20,56.80,room_environment_data_sensor2_session4.csv
2026-09-21T10:04:59,4,2,outdoor,window_open,open,open,morning,SW,11,20,15.10,56.80,room_environment_data_sensor2_session4.csv
2026-09-21T10:05:29,4,2,outdoor,window_open,open,open,morning,SW,11,20,15.00,56.60,room_environment_data_sensor2_session4.csv
2026-09-21T10:05:59,4,2,outdoor,window_open,open,open,morning,SW,11,20,14.90,54.90,room_environment_data_sensor2_session4.csv
2026-09-21T10:06:29,4,2,outdoor,window_open,open,open,morning,SW,11,20,14.80,55.20,room_environment_data_sensor2_session4.csv
2026-09-21T10:06:59,4,2,outdoor,window_open,open,open,morning,SW,11,20,14.70,56.30,room_environment_data_sensor2_session4.csv
2026-09-21T10:07:29,4,2,outdoor,window_open,open,open,morning,SW,11,20,14.70,56.50,room_environment_data_sensor2_session4.csv
2026-09-21T10:08:00,4,2,outdoor,window_open,open,open,morning,SW,11,20,14.60,56.60,room_environment_data_sensor2_session4.csv
2026-09-21T10:08:30,4,2,outdoor,window_open,open,open,morning,SW,11,20,14.60,56.80,room_environment_data_sensor2_session4.csv
2026-09-21T10:09:00,4,2,outdoor,window_open,open,open,morning,SW,11,20,14.60,58.10,room_environment_data_sensor2_session4.csv
2026-09-21T10:09:30,4,2,outdoor,window_open,open,open,morning,SW,11,20,14.60,58.20,room_environment_data_sensor2_session4.csv
2026-09-21T10:10:00,4,2,outdoor,window_open,open,open,morning,SW,11,20,14.60,57.30,room_environment_data_sensor2_session4.csv
2026-09-21T10:10:30,4,2,outdoor,window_open,open,open,morning,SW,11,20,14.60,57.40,room_environment_data_sensor2_session4.csv
2026-09-21T10:11:00,4,2,outdoor,window_open,open,open,morning,SW,11,20,14.60,58.20,room_environment_data_sensor2_session4.csv
2026-09-21T10:11:30,4,2,outdoor,window_open,open,open,morning,SW,11,20,14.50,58.40,room_environment_data_sensor2_session4.csv
2026-09-21T10:12:00,4,2,outdoor,window_open,open,open,morning,SW,11,20,14.40,58.70,room_environment_data_sensor2_session4.csv
2026-09-21T10:12:30,4,2,outdoor,window_open,open,open,morning,SW,11,20,14.00,57.90,room_environment_data_sensor2_session4.csv
2026-09-21T10:13:00,4,2,outdoor,window_open,open,open,morning,SW,11,20,14.00,59.20,room_environment_data_sensor2_session4.csv
2026-09-21T10:13:30,4,2,outdoor,window_open,open,open,morning,SW,11,20,14.00,59.00,room_environment_data_sensor2_session4.csv
2026-09-21T10:14:00,4,2,outdoor,window_open,open,open,morning,SW,11,20,13.90,60.00,room_environment_data_sensor2_session4.csv
2026-09-21T10:14:30,4,2,outdoor,window_open,open,open,morning,SW,11,20,13.90,60.20,room_environment_data_sensor2_session4.csv
2026-09-21T10:15:00,4,2,outdoor,window_open,open,open,morning,SW,11,20,13.80,60.10,room_environment_data_sensor2_session4.csv
2026-09-21T10:15:30,4,2,outdoor,window_open,open,open,morning,SW,11,20,13.80,61.00,room_environment_data_sensor2_session4.csv
2026-09-21T10:16:00,4,2,outdoor,window_open,open,open,morning,SW,11,20,13.80,61.60,room_environment_data_sensor2_session4.csv
2026-09-21T10:16:30,4,2,outdoor,window_open,open,open,morning,SW,11,20,13.90,61.50,room_environment_data_sensor2_session4.csv
2026-09-21T10:17:01,4,2,outdoor,window_open,open,open,morning,SW,11,20,13.90,61.30,room_environment_data_sensor2_session4.csv
2026-09-21T10:17:31,4,2,outdoor,window_open,open,open,morning,SW,11,20,13.90,61.50,room_environment_data_sensor2_session4.csv
2026-09-21T10:18:01,4,2,outdoor,window_open,open,open,morning,SW,11,20,13.80,60.60,room_environment_data_sensor2_session4.csv
2026-09-21T10:18:31,4,2,outdoor,window_open,open,open,morning,SW,11,20,13.80,60.50,room_environment_data_sensor2_session4.csv
2026-09-21T10:19:01,4,2,outdoor,window_open,open,open,morning,SW,11,20,13.80,61.80,room_environment_data_sensor2_session4.csv
2026-09-21T10:19:31,4,2,outdoor,window_open,open,open,morning,SW,11,20,13.80,61.50,room_environment_data_sensor2_session4.csv
2026-09-21T10:20:01,4,2,outdoor,window_open,open,open,morning,SW,11,20,13.80,60.00,room_environment_data_sensor2_session4.csv
2026-09-21T10:20:31,4,2,outdoor,window_open,open,open,morning,SW,11,20,13.80,60.60,room_environment_data_sensor2_session4.csv
2026-09-21T10:21:01,4,2,outdoor,window_open,open,open,morning,SW,11,20,13.80,60.40,room_environment_data_sensor2_session4.csv
2026-09-21T10:21:31,4,2,outdoor,window_open,open,open,morning,SW,11,20,13.80,60.70,room_environment_data_sensor2_session4.csv
2026-09-21T10:22:01,4,2,outdoor,window_open,open,open,morning,SW,11,20,13.70,60.50,room_environment_data_sensor2_session4.csv
2026-09-21T10:22:31,4,2,outdoor,window_open,open,open,morning,SW,11,20,13.70,59.40,room_environment_data_sensor2_session4.csv
2026-09-21T10:23:01,4,2,outdoor,window_open,open,open,morning,SW,11,20,13.70,60.30,room_environment_data_sensor2_session4.csv
2026-09-21T10:23:31,4,2,outdoor,window_open,open,open,morning,SW,11,20,13.80,61.10,room_environment_data_sensor2_session4.csv
2026-09-21T10:24:01,4,2,outdoor,window_open,open,open,morning,SW,11,20,13.80,59.80,room_environment_data_sensor2_session4.csv
2026-09-21T10:24:31,4,2,outdoor,window_open,open,open,morning,SW,11,20,13.90,59.60,room_environment_data_sensor2_session4.csv
2026-09-21T10:25:01,4,2,outdoor,window_open,open,open,morning,SW,11,20,13.90,58.90,room_environment_data_sensor2_session4.csv
2026-09-21T10:25:31,4,2,outdoor,window_open,open,open,morning,SW,11,20,13.90,58.40,room_environment_data_sensor2_session4.csv
2026-09-21T10:26:02,4,2,outdoor,window_open,open,open,morning,SW,11,20,13.90,57.30,room_environment_data_sensor2_session4.csv
2026-09-21T10:26:32,4,2,outdoor,window_open,open,open,morning,SW,11,20,13.90,57.80,room_environment_data_sensor2_session4.csv
2026-09-21T10:27:02,4,2,outdoor,window_open,open,open,morning,SW,11,20,14.00,57.60,room_environment_data_sensor2_session4.csv
2026-09-21T10:27:32,4,2,outdoor,window_open,open,open,morning,SW,11,20,14.10,56.90,room_environment_data_sensor2_session4.csv
2026-09-21T10:28:02,4,2,outdoor,window_open,open,open,morning,SW,11,20,14.20,56.70,room_environment_data_sensor2_session4.csv
2026-09-21T10:28:32,4,2,outdoor,window_open,open,open,morning,SW,11,20,14.20,57.30,room_environment_data_sensor2_session4.csv
2026-09-21T10:29:02,4,2,outdoor,window_open,open,open,morning,SW,11,20,14.30,57.60,room_environment_data_sensor2_session4.csv
2026-09-21T10:29:32,4,2,outdoor,window_open,open,open,morning,SW,11,20,14.40,57.00,room_environment_data_sensor2_session4.csv
2026-09-21T10:30:02,4,2,outdoor,window_open,open,open,morning,SW,11,20,14.50,55.90,room_environment_data_sensor2_session4.csv
2026-09-21T10:30:32,4,2,outdoor,window_open,open,open,morning,SW,11,20,14.60,56.00,room_environment_data_sensor2_session4.csv
2026-09-21T10:31:02,4,2,outdoor,window_open,open,open,morning,SW,11,20,14.70,56.50,room_environment_data_sensor2_session4.csv
2026-09-21T10:31:32,4,2,outdoor,window_open,open,open,morning,SW,11,20,14.80,55.30,room_environment_data_sensor2_session4.csv
2026-09-21T10:32:02,4,2,outdoor,window_open,open,open,morning,SW,11,20,14.80,55.80,room_environment_data_sensor2_session4.csv
2026-09-21T10:32:32,4,2,outdoor,window_open,open,open,morning,SW,11,20,14.90,54.60,room_environment_data_sensor2_session4.csv
2026-09-21T10:33:02,4,2,outdoor,window_open,open,open,morning,SW,11,20,14.90,53.70,room_environment_data_sensor2_session4.csv
2026-09-21T10:33:32,4,2,outdoor,window_open,open,open,morning,SW,11,20,14.80,53.00,room_environment_data_sensor2_session4.csv
2026-09-21T10:34:02,4,2,outdoor,window_open,open,open,morning,SW,11,20,14.70,52.90,room_environment_data_sensor2_session4.csv
2026-09-21T10:34:32,4,2,outdoor,window_open,open,open,morning,SW,11,20,14.60,53.70,room_environment_data_sensor2_session4.csv
2026-09-21T10:35:03,4,2,outdoor,window_open,open,open,morning,SW,11,20,14.70,55.00,room_environment_data_sensor2_session4.csv
2026-09-21T10:35:33,4,2,outdoor,window_open,open,open,morning,SW,11,20,14.80,54.40,room_environment_data_sensor2_session4.csv
2026-09-21T10:36:03,4,2,outdoor,window_open,open,open,morning,SW,11,20,14.90,54.50,room_environment_data_sensor2_session4.csv
2026-09-21T10:36:33,4,2,outdoor,window_open,open,open,morning,SW,11,20,15.00,53.80,room_environment_data_sensor2_session4.csv
2026-09-21T10:37:03,4,2,outdoor,window_open,open,open,morning,SW,11,20,15.10,54.90,room_environment_data_sensor2_session4.csv
2026-09-21T10:37:33,4,2,outdoor,window_open,open,open,morning,SW,11,20,15.20,54.50,room_environment_data_sensor2_session4.csv
2026-09-21T10:38:03,4,2,outdoor,window_open,open,open,morning,SW,11,20,15.20,52.60,room_environment_data_sensor2_session4.csv
2026-09-21T10:38:33,4,2,outdoor,window_open,open,open,morning,SW,11,20,15.10,51.30,room_environment_data_sensor2_session4.csv
2026-09-21T10:39:03,4,2,outdoor,window_open,open,open,morning,SW,11,20,15.10,54.90,room_environment_data_sensor2_session4.csv
2026-09-21T10:39:33,4,2,outdoor,window_open,open,open,morning,SW,11,20,14.90,52.10,room_environment_data_sensor2_session4.csv
2026-09-21T10:40:03,4,2,outdoor,window_open,open,open,morning,SW,11,20,14.80,52.00,room_environment_data_sensor2_session4.csv
2026-09-21T10:40:33,4,2,outdoor,window_open,open,open,morning,SW,11,20,14.60,51.50,room_environment_data_sensor2_session4.csv
2026-09-21T10:41:03,4,2,outdoor,window_open,open,open,morning,SW,11,20,14.50,51.40,room_environment_data_sensor2_session4.csv
2026-09-21T10:41:33,4,2,outdoor,window_open,open,open,morning,SW,11,20,14.40,51.10,room_environment_data_sensor2_session4.csv
2026-09-21T10:42:03,4,2,outdoor,window_open,open,open,morning,SW,11,20,14.30,52.20,room_environment_data_sensor2_session4.csv
2026-09-21T10:42:33,4,2,outdoor,window_open,open,open,morning,SW,11,20,14.20,51.80,room_environment_data_sensor2_session4.csv
2026-09-21T10:43:03,4,2,outdoor,window_open,open,open,morning,SW,11,20,13.90,51.30,room_environment_data_sensor2_session4.csv
2026-09-21T10:43:33,4,2,outdoor,window_open,open,open,morning,SW,11,20,13.60,52.40,room_environment_data_sensor2_session4.csv
2026-09-21T10:44:04,4,2,outdoor,window_open,open,open,morning,SW,11,20,13.70,54.40,room_environment_data_sensor2_session4.csv
2026-09-21T10:44:34,4,2,outdoor,window_open,open,open,morning,SW,11,20,13.80,53.40,room_environment_data_sensor2_session4.csv
2026-09-21T10:45:04,4,2,outdoor,window_open,open,open,morning,SW,11,20,13.90,54.50,room_environment_data_sensor2_session4.csv
2026-09-21T10:45:34,4,2,outdoor,window_open,open,open,morning,SW,11,20,13.90,53.80,room_environment_data_sensor2_session4.csv
2026-09-21T10:46:04,4,2,outdoor,window_open,open,open,morning,SW,11,20,14.00,53.60,room_environment_data_sensor2_session4.csv
2026-09-21T10:46:34,4,2,outdoor,window_open,open,open,morning,SW,11,20,14.10,52.40,room_environment_data_sensor2_session4.csv
2026-09-21T10:47:04,4,2,outdoor,window_open,open,open,morning,SW,11,20,14.20,53.70,room_environment_data_sensor2_session4.csv
2026-09-21T10:47:34,4,2,outdoor,window_open,open,open,morning,SW,11,20,14.20,52.20,room_environment_data_sensor2_session4.csv
2026-09-21T10:48:04,4,2,outdoor,window_open,open,open,morning,SW,11,20,14.30,50.80,room_environment_data_sensor2_session4.csv
2026-09-21T10:48:34,4,2,outdoor,window_open,open,open,morning,SW,11,20,14.40,49.80,room_environment_data_sensor2_session4.csv
2026-09-21T10:49:04,4,2,outdoor,window_open,open,open,morning,SW,11,20,14.40,51.40,room_environment_data_sensor2_session4.csv
2026-09-21T10:49:34,4,2,outdoor,window_open,open,open,morning,SW,11,20,14.50,51.40,room_environment_data_sensor2_session4.csv
2026-09-21T10:50:04,4,2,outdoor,window_open,open,open,morning,SW,11,20,14.70,52.10,room_environment_data_sensor2_session4.csv
2026-09-21T10:50:34,4,2,outdoor,window_open,open,open,morning,SW,11,20,14.80,50.20,room_environment_data_sensor2_session4.csv
2026-09-21T10:51:04,4,2,outdoor,window_open,open,open,morning,SW,11,20,14.80,51.60,room_environment_data_sensor2_session4.csv
2026-09-21T10:51:34,4,2,outdoor,window_open,open,open,morning,SW,11,20,14.90,50.70,room_environment_data_sensor2_session4.csv
2026-09-21T10:52:04,4,2,outdoor,window_open,open,open,morning,SW,11,20,15.00,50.30,room_environment_data_sensor2_session4.csv
2026-09-21T10:52:34,4,2,outdoor,window_open,open,open,morning,SW,11,20,15.00,50.10,room_environment_data_sensor2_session4.csv
2026-09-21T10:53:05,4,2,outdoor,window_open,open,open,morning,SW,11,20,15.20,49.30,room_environment_data_sensor2_session4.csv
2026-09-21T10:53:35,4,2,outdoor,window_open,open,open,morning,SW,11,20,15.20,50.50,room_environment_data_sensor2_session4.csv
2026-09-21T10:54:05,4,2,outdoor,window_open,open,open,morning,SW,11,20,15.30,50.00,room_environment_data_sensor2_session4.csv
2026-09-21T10:54:35,4,2,outdoor,window_open,open,open,morning,SW,11,20,15.40,49.20,room_environment_data_sensor2_session4.csv
2026-09-21T10:55:05,4,2,outdoor,window_open,open,open,morning,SW,11,20,15.50,49.50,room_environment_data_sensor2_session4.csv
2026-09-21T10:55:35,4,2,outdoor,window_open,open,open,morning,SW,11,20,15.40,47.30,room_environment_data_sensor2_session4.csv
2026-09-21T10:56:05,4,2,outdoor,window_open,open,open,morning,SW,11,20,15.40,48.10,room_environment_data_sensor2_session4.csv
2026-09-21T10:56:35,4,2,outdoor,window_open,open,open,morning,SW,11,20,15.40,48.20,room_environment_data_sensor2_session4.csv
2026-09-21T10:57:05,4,2,outdoor,window_open,open,open,morning,SW,11,20,15.40,48.10,room_environment_data_sensor2_session4.csv
2026-09-21T10:57:35,4,2,outdoor,window_open,open,open,morning,SW,11,20,15.40,48.00,room_environment_data_sensor2_session4.csv
2026-09-21T10:58:05,4,2,outdoor,window_open,open,open,morning,SW,11,20,15.40,46.50,room_environment_data_sensor2_session4.csv
2026-09-21T10:58:35,4,2,outdoor,window_open,open,open,morning,SW,11,20,15.30,46.40,room_environment_data_sensor2_session4.csv
2026-09-21T10:59:05,4,2,outdoor,window_open,open,open,morning,SW,11,20,15.20,48.30,room_environment_data_sensor2_session4.csv
2026-09-21T10:59:35,4,2,outdoor,window_open,open,open,morning,SW,11,20,15.20,47.70,room_environment_data_sensor2_session4.csv
2026-09-21T11:00:05,4,2,outdoor,recovery,closed,open,morning,SW,11,20,15.10,47.80,room_environment_data_sensor2_session4.csv
2026-09-21T11:00:35,4,2,outdoor,recovery,closed,open,morning,SW,11,20,15.10,47.40,room_environment_data_sensor2_session4.csv
2026-09-21T11:01:05,4,2,outdoor,recovery,closed,open,morning,SW,11,20,15.00,46.50,room_environment_data_sensor2_session4.csv
2026-09-21T11:01:35,4,2,outdoor,recovery,closed,open,morning,SW,11,20,15.00,47.60,room_environment_data_sensor2_session4.csv
2026-09-21T11:02:06,4,2,outdoor,recovery,closed,open,morning,SW,11,20,15.00,47.90,room_environment_data_sensor2_session4.csv
2026-09-21T11:02:36,4,2,outdoor,recovery,closed,open,morning,SW,11,20,15.10,48.40,room_environment_data_sensor2_session4.csv
2026-09-21T11:03:06,4,2,outdoor,recovery,closed,open,morning,SW,11,20,15.20,47.90,room_environment_data_sensor2_session4.csv
2026-09-21T11:03:36,4,2,outdoor,recovery,closed,open,morning,SW,11,20,15.30,47.30,room_environment_data_sensor2_session4.csv
2026-09-21T11:04:06,4,2,outdoor,recovery,closed,open,morning,SW,11,20,15.30,48.30,room_environment_data_sensor2_session4.csv
2026-09-21T11:04:36,4,2,outdoor,recovery,closed,open,morning,SW,11,20,15.50,47.60,room_environment_data_sensor2_session4.csv
2026-09-21T11:05:06,4,2,outdoor,recovery,closed,open,morning,SW,11,20,15.70,47.00,room_environment_data_sensor2_session4.csv
2026-09-21T11:05:36,4,2,outdoor,recovery,closed,open,morning,SW,11,20,15.80,45.80,room_environment_data_sensor2_session4.csv
2026-09-21T11:06:06,4,2,outdoor,recovery,closed,open,morning,SW,11,20,15.80,46.00,room_environment_data_sensor2_session4.csv
2026-09-21T11:06:36,4,2,outdoor,recovery,closed,open,morning,SW,11,20,15.90,46.50,room_environment_data_sensor2_session4.csv
2026-09-21T11:07:06,4,2,outdoor,recovery,closed,open,morning,SW,11,20,15.80,45.30,room_environment_data_sensor2_session4.csv
2026-09-21T11:07:36,4,2,outdoor,recovery,closed,open,morning,SW,11,20,16.00,45.50,room_environment_data_sensor2_session4.csv
2026-09-21T11:08:06,4,2,outdoor,recovery,closed,open,morning,SW,11,20,16.10,45.70,room_environment_data_sensor2_session4.csv
2026-09-21T11:08:36,4,2,outdoor,recovery,closed,open,morning,SW,11,20,16.10,45.30,room_environment_data_sensor2_session4.csv
2026-09-21T11:09:06,4,2,outdoor,recovery,closed,open,morning,SW,11,20,16.10,44.20,room_environment_data_sensor2_session4.csv
2026-09-21T11:09:36,4,2,outdoor,recovery,closed,open,morning,SW,11,20,16.10,45.30,room_environment_data_sensor2_session4.csv
2026-09-21T11:10:06,4,2,outdoor,recovery,closed,open,morning,SW,11,20,16.10,46.00,room_environment_data_sensor2_session4.csv
2026-09-21T11:10:36,4,2,outdoor,recovery,closed,open,morning,SW,11,20,16.00,46.00,room_environment_data_sensor2_session4.csv
2026-09-21T11:11:07,4,2,outdoor,recovery,closed,open,morning,SW,11,20,16.00,45.00,room_environment_data_sensor2_session4.csv
2026-09-21T11:11:37,4,2,outdoor,recovery,closed,open,morning,SW,11,20,16.00,45.40,room_environment_data_sensor2_session4.csv
2026-09-21T11:12:07,4,2,outdoor,recovery,closed,open,morning,SW,11,20,16.10,45.60,room_environment_data_sensor2_session4.csv
2026-09-21T11:12:37,4,2,outdoor,recovery,closed,open,morning,SW,11,20,16.20,45.80,room_environment_data_sensor2_session4.csv
2026-09-21T11:13:07,4,2,outdoor,recovery,closed,open,morning,SW,11,20,16.30,45.10,room_environment_data_sensor2_session4.csv
2026-09-21T11:13:37,4,2,outdoor,recovery,closed,open,morning,SW,11,20,16.20,44.80,room_environment_data_sensor2_session4.csv
2026-09-21T11:14:07,4,2,outdoor,recovery,closed,open,morning,SW,11,20,16.30,46.10,room_environment_data_sensor2_session4.csv
2026-09-21T11:14:37,4,2,outdoor,recovery,closed,open,morning,SW,11,20,16.30,45.60,room_environment_data_sensor2_session4.csv
2026-09-21T11:15:07,4,2,outdoor,recovery,closed,open,morning,SW,11,20,16.40,45.50,room_environment_data_sensor2_session4.csv
2026-09-21T11:15:37,4,2,outdoor,recovery,closed,open,morning,SW,11,20,16.50,45.70,room_environment_data_sensor2_session4.csv
2026-09-21T11:16:07,4,2,outdoor,recovery,closed,open,morning,SW,11,20,16.40,44.70,room_environment_data_sensor2_session4.csv
2026-09-21T11:16:37,4,2,outdoor,recovery,closed,open,morning,SW,11,20,16.40,44.20,room_environment_data_sensor2_session4.csv
2026-09-21T11:17:07,4,2,outdoor,recovery,closed,open,morning,SW,11,20,16.40,44.60,room_environment_data_sensor2_session4.csv
2026-09-21T11:17:37,4,2,outdoor,recovery,closed,open,morning,SW,11,20,16.40,44.80,room_environment_data_sensor2_session4.csv
2026-09-21T11:18:07,4,2,outdoor,recovery,closed,open,morning,SW,11,20,16.50,44.90,room_environment_data_sensor2_session4.csv
2026-09-21T11:18:37,4,2,outdoor,recovery,closed,open,morning,SW,11,20,16.50,44.90,room_environment_data_sensor2_session4.csv
2026-09-21T11:19:07,4,2,outdoor,recovery,closed,open,morning,SW,11,20,16.40,45.20,room_environment_data_sensor2_session4.csv
2026-09-21T11:19:37,4,2,outdoor,recovery,closed,open,morning,SW,11,20,16.50,44.80,room_environment_data_sensor2_session4.csv
2026-09-21T11:20:08,4,2,outdoor,recovery,closed,open,morning,SW,11,20,16.40,44.80,room_environment_data_sensor2_session4.csv
2026-09-21T11:20:38,4,2,outdoor,recovery,closed,open,morning,SW,11,20,16.30,45.30,room_environment_data_sensor2_session4.csv
2026-09-21T11:21:08,4,2,outdoor,recovery,closed,open,morning,SW,11,20,16.30,45.70,room_environment_data_sensor2_session4.csv
2026-09-21T11:21:38,4,2,outdoor,recovery,closed,open,morning,SW,11,20,16.30,43.50,room_environment_data_sensor2_session4.csv
2026-09-21T11:22:08,4,2,outdoor,recovery,closed,open,morning,SW,11,20,16.20,43.90,room_environment_data_sensor2_session4.csv
2026-09-21T11:22:38,4,2,outdoor,recovery,closed,open,morning,SW,11,20,16.20,44.40,room_environment_data_sensor2_session4.csv
2026-09-21T11:23:08,4,2,outdoor,recovery,closed,open,morning,SW,11,20,16.30,45.20,room_environment_data_sensor2_session4.csv
2026-09-21T11:23:38,4,2,outdoor,recovery,closed,open,morning,SW,11,20,16.30,46.10,room_environment_data_sensor2_session4.csv
2026-09-21T11:24:08,4,2,outdoor,recovery,closed,open,morning,SW,11,20,16.30,45.80,room_environment_data_sensor2_session4.csv
2026-09-21T11:24:38,4,2,outdoor,recovery,closed,open,morning,SW,11,20,16.30,43.90,room_environment_data_sensor2_session4.csv
2026-09-21T11:25:08,4,2,outdoor,recovery,closed,open,morning,SW,11,20,16.30,44.80,room_environment_data_sensor2_session4.csv
2026-09-21T11:25:38,4,2,outdoor,recovery,closed,open,morning,SW,11,20,16.30,44.10,room_environment_data_sensor2_session4.csv
2026-09-21T11:26:08,4,2,outdoor,recovery,closed,open,morning,SW,11,20,16.20,44.40,room_environment_data_sensor2_session4.csv
2026-09-21T11:26:38,4,2,outdoor,recovery,closed,open,morning,SW,11,20,16.00,44.50,room_environment_data_sensor2_session4.csv
2026-09-21T11:27:08,4,2,outdoor,recovery,closed,open,morning,SW,11,20,16.00,44.70,room_environment_data_sensor2_session4.csv
2026-09-21T11:27:38,4,2,outdoor,recovery,closed,open,morning,SW,11,20,16.00,44.80,room_environment_data_sensor2_session4.csv
2026-09-21T11:28:08,4,2,outdoor,recovery,closed,open,morning,SW,11,20,16.10,45.10,room_environment_data_sensor2_session4.csv
2026-09-21T11:28:39,4,2,outdoor,recovery,closed,open,morning,SW,11,20,16.10,46.30,room_environment_data_sensor2_session4.csv
2026-09-21T11:29:09,4,2,outdoor,recovery,closed,open,morning,SW,11,20,15.80,44.90,room_environment_data_sensor2_session4.csv
2026-09-21T11:29:39,4,2,outdoor,recovery,closed,open,morning,SW,11,20,15.90,46.70,room_environment_data_sensor2_session4.csv
2026-09-21T11:30:09,4,2,outdoor,recovery,closed,open,morning,SW,11,20,15.90,45.80,room_environment_data_sensor2_session4.csv
2026-09-21T11:30:39,4,2,outdoor,recovery,closed,open,morning,SW,11,20,16.00,46.40,room_environment_data_sensor2_session4.csv
2026-09-21T11:31:09,4,2,outdoor,recovery,closed,open,morning,SW,11,20,16.10,45.20,room_environment_data_sensor2_session4.csv
2026-09-21T11:31:39,4,2,outdoor,recovery,closed,open,morning,SW,11,20,16.10,43.90,room_environment_data_sensor2_session4.csv
2026-09-21T11:32:09,4,2,outdoor,recovery,closed,open,morning,SW,11,20,16.20,44.90,room_environment_data_sensor2_session4.csv
2026-09-21T11:32:39,4,2,outdoor,recovery,closed,open,morning,SW,11,20,16.20,42.20,room_environment_data_sensor2_session4.csv
2026-09-21T11:33:09,4,2,outdoor,recovery,closed,open,morning,SW,11,20,16.20,43.10,room_environment_data_sensor2_session4.csv
2026-09-21T11:33:39,4,2,outdoor,recovery,closed,open,morning,SW,11,20,16.20,43.00,room_environment_data_sensor2_session4.csv
2026-09-21T11:34:09,4,2,outdoor,recovery,closed,open,morning,SW,11,20,16.20,41.90,room_environment_data_sensor2_session4.csv
2026-09-21T11:34:39,4,2,outdoor,recovery,closed,open,morning,SW,11,20,15.90,42.70,room_environment_data_sensor2_session4.csv
2026-09-21T11:35:09,4,2,outdoor,recovery,closed,open,morning,SW,11,20,16.00,44.40,room_environment_data_sensor2_session4.csv
2026-09-21T11:35:39,4,2,outdoor,recovery,closed,open,morning,SW,11,20,15.90,43.10,room_environment_data_sensor2_session4.csv
2026-09-21T11:36:09,4,2,outdoor,recovery,closed,open,morning,SW,11,20,16.00,45.50,room_environment_data_sensor2_session4.csv
2026-09-21T11:36:39,4,2,outdoor,recovery,closed,open,morning,SW,11,20,16.00,44.30,room_environment_data_sensor2_session4.csv
2026-09-21T11:37:09,4,2,outdoor,recovery,closed,open,morning,SW,11,20,16.00,45.00,room_environment_data_sensor2_session4.csv
2026-09-21T11:37:40,4,2,outdoor,recovery,closed,open,morning,SW,11,20,16.10,45.20,room_environment_data_sensor2_session4.csv
2026-09-21T11:38:10,4,2,outdoor,recovery,closed,open,morning,SW,11,20,16.20,45.00,room_environment_data_sensor2_session4.csv
2026-09-21T11:38:40,4,2,outdoor,recovery,closed,open,morning,SW,11,20,16.30,44.10,room_environment_data_sensor2_session4.csv
2026-09-21T11:39:10,4,2,outdoor,recovery,closed,open,morning,SW,11,20,16.40,43.30,room_environment_data_sensor2_session4.csv
2026-09-21T11:39:40,4,2,outdoor,recovery,closed,open,morning,SW,11,20,16.40,43.90,room_environment_data_sensor2_session4.csv
2026-09-21T11:40:10,4,2,outdoor,recovery,closed,open,morning,SW,11,20,16.40,43.60,room_environment_data_sensor2_session4.csv
2026-09-21T11:40:40,4,2,outdoor,recovery,closed,open,morning,SW,11,20,16.40,42.80,room_environment_data_sensor2_session4.csv
2026-09-21T11:41:10,4,2,outdoor,recovery,closed,open,morning,SW,11,20,16.30,43.10,room_environment_data_sensor2_session4.csv
2026-09-21T11:41:40,4,2,outdoor,recovery,closed,open,morning,SW,11,20,16.30,43.30,room_environment_data_sensor2_session4.csv
2026-09-21T11:42:10,4,2,outdoor,recovery,closed,open,morning,SW,11,20,16.30,41.90,room_environment_data_sensor2_session4.csv
2026-09-21T11:42:40,4,2,outdoor,recovery,closed,open,morning,SW,11,20,16.30,42.20,room_environment_data_sensor2_session4.csv
2026-09-21T11:43:10,4,2,outdoor,recovery,closed,open,morning,SW,11,20,16.30,42.70,room_environment_data_sensor2_session4.csv
2026-09-21T11:43:40,4,2,outdoor,recovery,closed,open,morning,SW,11,20,16.40,43.90,room_environment_data_sensor2_session4.csv
2026-09-21T11:44:10,4,2,outdoor,recovery,closed,open,morning,SW,11,20,16.60,44.30,room_environment_data_sensor2_session4.csv
2026-09-21T11:44:40,4,2,outdoor,recovery,closed,open,morning,SW,11,20,16.80,42.90,room_environment_data_sensor2_session4.csv
2026-09-21T11:45:10,4,2,outdoor,recovery,closed,open,morning,SW,11,20,17.00,41.90,room_environment_data_sensor2_session4.csv
2026-09-21T11:45:40,4,2,outdoor,recovery,closed,open,morning,SW,11,20,17.10,41.50,room_environment_data_sensor2_session4.csv
2026-09-21T11:46:10,4,2,outdoor,recovery,closed,open,morning,SW,11,20,17.10,41.60,room_environment_data_sensor2_session4.csv
2026-09-21T11:46:41,4,2,outdoor,recovery,closed,open,morning,SW,11,20,17.10,41.70,room_environment_data_sensor2_session4.csv
2026-09-21T11:47:11,4,2,outdoor,recovery,closed,open,morning,SW,11,20,17.20,41.70,room_environment_data_sensor2_session4.csv
2026-09-21T11:47:41,4,2,outdoor,recovery,closed,open,morning,SW,11,20,17.30,42.20,room_environment_data_sensor2_session4.csv
2026-09-21T11:48:11,4,2,outdoor,recovery,closed,open,morning,SW,11,20,17.40,42.30,room_environment_data_sensor2_session4.csv
2026-09-21T11:48:41,4,2,outdoor,recovery,closed,open,morning,SW,11,20,17.50,42.70,room_environment_data_sensor2_session4.csv
2026-09-21T11:49:11,4,2,outdoor,recovery,closed,open,morning,SW,11,20,17.40,42.70,room_environment_data_sensor2_session4.csv
2026-09-21T11:49:41,4,2,outdoor,recovery,closed,open,morning,SW,11,20,17.40,43.70,room_environment_data_sensor2_session4.csv
2026-09-21T11:50:11,4,2,outdoor,recovery,closed,open,morning,SW,11,20,17.30,43.10,room_environment_data_sensor2_session4.csv
2026-09-21T11:50:41,4,2,outdoor,recovery,closed,open,morning,SW,11,20,17.10,42.70,room_environment_data_sensor2_session4.csv
2026-09-21T11:51:11,4,2,outdoor,recovery,closed,open,morning,SW,11,20,17.20,43.30,room_environment_data_sensor2_session4.csv
2026-09-21T11:51:41,4,2,outdoor,recovery,closed,open,morning,SW,11,20,17.20,43.30,room_environment_data_sensor2_session4.csv
2026-09-21T11:52:11,4,2,outdoor,recovery,closed,open,morning,SW,11,20,17.30,43.20,room_environment_data_sensor2_session4.csv
2026-09-21T11:52:41,4,2,outdoor,recovery,closed,open,morning,SW,11,20,17.40,43.30,room_environment_data_sensor2_session4.csv
2026-09-21T11:53:11,4,2,outdoor,recovery,closed,open,morning,SW,11,20,17.40,43.60,room_environment_data_sensor2_session4.csv
2026-09-21T11:53:41,4,2,outdoor,recovery,closed,open,morning,SW,11,20,17.40,43.80,room_environment_data_sensor2_session4.csv
2026-09-21T11:54:11,4,2,outdoor,recovery,closed,open,morning,SW,11,20,17.30,43.30,room_environment_data_sensor2_session4.csv
2026-09-21T11:54:41,4,2,outdoor,recovery,closed,open,morning,SW,11,20,17.40,44.00,room_environment_data_sensor2_session4.csv
2026-09-21T11:55:12,4,2,outdoor,recovery,closed,open,morning,SW,11,20,17.40,44.10,room_environment_data_sensor2_session4.csv
2026-09-21T11:55:42,4,2,outdoor,recovery,closed,open,morning,SW,11,20,17.30,42.60,room_environment_data_sensor2_session4.csv
2026-09-21T11:56:12,4,2,outdoor,recovery,closed,open,morning,SW,11,20,17.20,42.70,room_environment_data_sensor2_session4.csv
2026-09-21T11:56:42,4,2,outdoor,recovery,closed,open,morning,SW,11,20,17.10,42.60,room_environment_data_sensor2_session4.csv
2026-09-21T11:57:12,4,2,outdoor,recovery,closed,open,morning,SW,11,20,16.60,42.70,room_environment_data_sensor2_session4.csv
2026-09-21T11:57:42,4,2,outdoor,recovery,closed,open,morning,SW,11,20,16.60,44.20,room_environment_data_sensor2_session4.csv
2026-09-21T11:58:12,4,2,outdoor,recovery,closed,open,morning,SW,11,20,16.70,44.10,room_environment_data_sensor2_session4.csv
2026-09-21T11:58:42,4,2,outdoor,recovery,closed,open,morning,SW,11,20,16.80,44.00,room_environment_data_sensor2_session4.csv
2026-09-21T11:59:12,4,2,outdoor,recovery,closed,open,morning,SW,11,20,17.00,44.80,room_environment_data_sensor2_session4.csv
2026-09-21T11:59:42,4,2,outdoor,recovery,closed,open,morning,SW,11,20,17.30,44.70,room_environment_data_sensor2_session4.csv
